inventory_id,snapshot_date,store_id,product_id,opening_stock,units_sold,units_received,closing_stock
INV0000107,2025-01-01,NS004,P0031,87,53,67,101
INV0004858,2025-10-01,NS004,P0018,185,115,12,82
INV0001458,2025-03-01,NS012,P0017,39,24,28,43
INV0005187,2025-10-01,NS014,P0048,176,104,23,95
INV0005556,2025-11-01,NS009,P0034,184,73,88,199
INV0000557,2025-02-01,NS001,P0002,55,13,59,101
INV0004281,2025-09-01,NS003,P0013,188,116,18,90
INV0004959,2025-10-01,NS007,P0030,67,13,97,151
INV0000348,2025-01-01,NS010,P0009,28,0,21,49
INV0000509,2025-01-01,NS015,P0016,192,21,3,174
INV0005461,2025-11-01,NS007,P0040,177,165,,81
INV0000235,2025-01-01,NS007,P0043,34,8,52,78
INV0004776,2025-10-01,NS002,P0039,86,77,88,97
INV0000548,2025-02-01,NS001,P0022,55,22,69,102
INV0002007,2025-04-01,NS013,P0002,154,69,2,87
INV0001061,2025-03-01,NS001,P0021,130,66,43,107
INV0003054,2025-06-01,NS013,P0038,70,33,37,74
INV0001566,2025-03-01,NS015,P0050,191,2,44,233
INV0000604,2025-02-01,NS003,P0005,156,141,34,49
INV0000848,2025-02-01,NS010,P0043,103,22,39,120
INV0001223,2025-03-01,NS005,P0041,85,23,16,78
INV0004821,2025-10-01,NS003,P0020,87,8,99,178
INV0005906,2025-12-01,NS004,P0038,64,24,14,54
INV0000401,2025-01-01,NS012,P0038,155,103,65,117
INV0005679,2025-11-01,NS013,P0040,151,141,44,54
INV0002096,2025-04-01,NS015,P0012,166,53,96,209
INV0003794,2025-08-01,NS004,P0028,184,73,73,184
INV0005648,2025-11-01,NS012,P0035,193,153,74,114
INV0001388,2025-03-01,NS010,P0042,126,60,42,108
INV0003807,2025-08-01,NS004,P0007,101,61,0,40
INV0005952,2025-12-01,NS006,P0005,157,1,78,234
INV0000106,2025-01-01,NS004,P0040,173,143,55,85
INV0000109,2025-01-01,NS004,P0027,23,16,94,101
INV0001953,2025-04-01,NS011,P0038,173,113,5,65
INV0005672,2025-11-01,NS013,P0038,195,91,89,193
INV0005360,2025-11-01,NS004,P0048,78,36,80,122
INV0000847,2025-02-01,NS010,P0023,196,56,23,163
INV0006207,2025-12-01,NS013,P0009,130,68,15,77
INV0004155,2025-08-01,NS014,P0034,179,80,65,164
INV0002930,2025-06-01,NS009,P0047,153,35,,139
INV0000601,2025-02-01,NS003,P0010,114,49,53,118
INV0001573,2025-03-01,NS015,P0033,110,7,36,139
INV0001404,2025-03-01,NS011,P0029,187,169,,20
INV0002979,2025-06-01,NS011,P0046,172,1,59,230
INV0005475,2025-11-01,NS007,P0009,71,25,,79
INV0000214,2025-01-01,NS007,P0032,85,8,48,125
INV0002973,2025-06-01,NS010,P0047,149,66,15,98
INV0001981,2025-04-01,NS012,P0019,157,94,57,120
INV0000255,2025-01-01,NS008,P0041,42,27,86,101
INV0001804,2025-04-01,NS007,P0020,59,6,98,151
INV0002113,2025-05-01,NS001,P0005,152,4,87,235
INV0003305,2025-07-01,NS005,P0035,175,76,93,192
INV0002755,2025-06-01,NS004,P0038,56,39,52,69
INV0004199,2025-08-01,NS015,P0036,35,0,46,81
INV0002625,2025-05-01,NS015,P0046,190,5,66,251
INV0002986,2025-06-01,NS011,P0039,154,69,39,124
INV0002968,2025-06-01,NS010,P0049,100,57,21,64
INV0006129,2025-12-01,NS011,P0017,82,23,,109
INV0000194,2025-01-01,NS006,P0042,67,15,98,150
INV0006237,2025-12-01,NS014,P0033,35,28,40,47
INV0001469,2025-03-01,NS012,P0037,75,52,72,95
INV0002313,2025-05-01,NS007,P0045,147,98,31,80
INV0001910,2025-04-01,NS010,P0010,79,32,15,62
INV0006014,2025-12-01,NS007,P0045,44,13,55,86
INV0003567,2025-07-01,NS012,P0008,122,9,34,147
INV0000273,2025-01-01,NS008,P0005,186,81,0,105
INV0002523,2025-05-01,NS013,P0036,137,78,42,101
INV0000838,2025-02-01,NS009,P0044,119,5,67,181
INV0000833,2025-02-01,NS009,P0049,28,15,14,27
INV0000274,2025-01-01,NS008,P0032,184,77,36,143
INV0002008,2025-04-01,NS013,P0050,49,1,39,87
INV0003623,2025-07-01,NS014,P0025,121,16,64,169
INV0005481,2025-11-01,NS007,P0015,181,136,64,109
INV0002069,2025-04-01,NS015,P0030,76,67,32,41
INV0000339,2025-01-01,NS010,P0038,181,127,,144
INV0004606,2025-09-01,NS012,P0002,62,23,49,88
INV0003507,2025-07-01,NS011,P0040,179,81,75,173
INV0000404,2025-01-01,NS012,P0023,83,71,20,32
INV0000398,2025-01-01,NS012,P0041,177,75,57,159
INV0002424,2025-05-01,NS010,P0018,96,12,5,89
INV0005209,2025-10-01,NS014,P0013,58,13,2,47
INV0002671,2025-06-01,NS002,P0019,183,63,45,165
INV0001010,2025-02-01,NS014,P0014,69,33,78,114
INV0001133,2025-03-01,NS003,P0034,194,39,25,180
INV0003169,2025-07-01,NS001,P0036,122,15,15,122
INV0005794,2025-12-01,NS001,P0003,27,18,26,35
INV0003460,2025-07-01,NS009,P0026,34,9,1,26
INV0002193,2025-05-01,NS003,P0001,25,15,83,93
INV0004875,2025-10-01,NS005,P0034,123,62,77,138
INV0003936,2025-08-01,NS008,P0037,113,13,100,200
INV0004549,2025-09-01,NS010,P0016,150,65,45,130
INV0005798,2025-12-01,NS001,P0008,189,79,59,169
INV0002231,2025-05-01,NS004,P0016,58,15,7,50
INV0002490,2025-05-01,NS012,P0023,124,77,4,51
INV0005543,2025-11-01,NS009,P0010,169,21,63,211
INV0001816,2025-04-01,NS007,P0009,140,58,99,181
INV0003954,2025-08-01,NS008,P0012,159,77,13,95
INV0005940,2025-12-01,NS005,P0006,104,95,71,80
INV0003145,2025-06-01,NS015,P0004,167,7,30,190
INV0000952,2025-02-01,NS013,P0046,83,71,8,20
INV0000289,2025-01-01,NS009,P0048,93,44,24,73
INV0004759,2025-10-01,NS001,P0048,87,73,71,85
INV0001220,2025-03-01,NS005,P0038,141,119,87,109
INV0002978,2025-06-01,NS011,P0038,102,10,76,168
INV0004649,2025-09-01,NS013,P0018,60,25,83,118
INV0002279,2025-05-01,NS006,P0029,62,39,75,98
INV0002342,2025-05-01,NS007,P0033,173,13,0,160
INV0003051,2025-06-01,NS013,P0024,119,40,82,161
INV0001285,2025-03-01,NS007,P0050,124,15,90,199
INV0004366,2025-09-01,NS005,P0025,198,10,58,246
INV0003632,2025-07-01,NS014,P0011,53,25,37,65
INV0004809,2025-10-01,NS003,P0028,174,3,8,179
INV0005534,2025-11-01,NS009,P0043,78,43,73,108
INV0005236,2025-10-01,NS015,P0015,167,153,81,95
INV0000889,2025-02-01,NS011,P0014,143,69,0,74
INV0002204,2025-05-01,NS003,P0038,56,41,72,87
INV0004282,2025-09-01,NS003,P0037,161,85,55,131
INV0004240,2025-09-01,NS002,P0035,172,6,42,208
INV0000593,2025-02-01,NS002,P0034,51,8,49,92
INV0005421,2025-11-01,NS005,P0035,200,108,90,182
INV0005833,2025-12-01,NS002,P0050,197,149,,127
INV0006028,2025-12-01,NS008,P0022,28,3,99,124
INV0001706,2025-04-01,NS004,P0020,135,18,40,157
INV0002441,2025-05-01,NS010,P0041,64,14,7,57
INV0000770,2025-02-01,NS007,P0012,100,72,75,103
INV0003061,2025-06-01,NS013,P0045,47,32,68,83
INV0003989,2025-08-01,NS009,P0029,81,34,25,72
INV0005951,2025-12-01,NS006,P0038,173,112,20,81
INV0004859,2025-10-01,NS004,P0025,176,63,35,148
INV0000828,2025-02-01,NS009,P0034,45,12,25,58
INV0005019,2025-10-01,NS009,P0007,108,97,67,78
INV0001146,2025-03-01,NS003,P0006,70,64,8,14
INV0004838,2025-10-01,NS004,P0034,104,71,34,67
INV0000657,2025-02-01,NS004,P0012,84,37,41,88
INV0001436,2025-03-01,NS012,P0022,35,27,79,87
INV0003467,2025-07-01,NS010,P0017,47,9,55,93
INV0004558,2025-09-01,NS011,P0043,68,38,26,56
INV0002198,2025-05-01,NS003,P0031,186,44,100,242
INV0004012,2025-08-01,NS010,P0050,59,47,29,41
INV0005735,2025-11-01,NS014,P0014,58,35,95,118
INV0000901,2025-02-01,NS011,P0003,96,85,66,77
INV0003174,2025-07-01,NS001,P0002,44,6,61,99
INV0005169,2025-10-01,NS013,P0014,148,140,19,27
INV0004025,2025-08-01,NS010,P0004,76,54,6,28
INV0000850,2025-02-01,NS010,P0022,108,26,13,95
INV0006282,2025-12-01,NS015,P0022,69,27,,139
INV0000313,2025-01-01,NS009,P0032,87,66,71,92
INV0000333,2025-01-01,NS010,P0013,102,45,19,76
INV0003698,2025-08-01,NS001,P0007,106,30,81,157
INV0005040,2025-10-01,NS009,P0034,120,64,35,91
INV0004598,2025-09-01,NS012,P0005,176,38,74,212
INV0002912,2025-06-01,NS009,P0015,156,65,26,117
INV0000629,2025-02-01,NS003,P0002,97,11,,140
INV0004720,2025-09-01,NS015,P0040,54,12,75,117
INV0001460,2025-03-01,NS012,P0032,137,114,30,53
INV0005259,2025-11-01,NS001,P0046,94,3,65,156
INV0006156,2025-12-01,NS011,P0019,77,55,60,82
INV0004402,2025-09-01,NS006,P0023,22,6,25,41
INV0000481,2025-01-01,NS014,P0035,178,110,64,132
INV0002202,2025-05-01,NS003,P0026,114,50,59,123
INV0001956,2025-04-01,NS011,P0021,91,42,84,133
INV0004754,2025-10-01,NS001,P0044,184,97,71,158
INV0004845,2025-10-01,NS004,P0006,57,9,70,118
INV0003571,2025-07-01,NS013,P0034,98,67,15,46
INV0004775,2025-10-01,NS002,P0042,172,45,35,162
INV0001288,2025-03-01,NS007,P0001,78,36,7,49
INV0005176,2025-10-01,NS013,P0021,92,5,28,115
INV0004011,2025-08-01,NS010,P0024,109,14,36,131
INV0000975,2025-02-01,NS013,P0031,157,2,22,177
INV0003653,2025-07-01,NS015,P0013,31,15,82,98
INV0003570,2025-07-01,NS012,P0049,35,8,75,102
INV0004740,2025-10-01,NS001,P0010,162,138,,43
INV0001615,2025-04-01,NS002,P0050,96,33,91,154
INV0002105,2025-05-01,NS001,P0050,198,26,61,233
INV0001779,2025-04-01,NS006,P0005,88,56,42,74
INV0000920,2025-02-01,NS012,P0021,181,168,94,107
INV0003919,2025-08-01,NS007,P0003,108,48,15,75
INV0003018,2025-06-01,NS012,P0036,48,9,27,66
INV0001168,2025-03-01,NS004,P0003,137,2,34,169
INV0001841,2025-04-01,NS008,P0004,141,136,,45
INV0000262,2025-01-01,NS008,P0006,71,1,70,140
INV0001647,2025-04-01,NS003,P0023,163,95,12,80
INV0005955,2025-12-01,NS006,P0013,25,3,0,22
INV0003040,2025-06-01,NS012,P0012,149,44,,166
INV0005488,2025-11-01,NS007,P0026,137,37,63,163
INV0001258,2025-03-01,NS006,P0036,34,13,63,84
INV0003412,2025-07-01,NS008,P0047,49,31,68,86
INV0005702,2025-11-01,NS013,P0024,49,44,98,103
INV0000066,2025-01-01,NS002,P0040,55,36,59,78
INV0001523,2025-03-01,NS014,P0029,37,9,81,109
INV0002243,2025-05-01,NS005,P0015,49,17,27,59
INV0004126,2025-08-01,NS013,P0032,118,62,,97
INV0003529,2025-07-01,NS011,P0003,107,28,9,88
INV0004963,2025-10-01,NS007,P0046,172,87,45,130
INV0003127,2025-06-01,NS015,P0032,108,6,89,191
INV0003330,2025-07-01,NS006,P0028,92,75,90,107
INV0001954,2025-04-01,NS011,P0034,98,23,22,97
INV0005413,2025-11-01,NS005,P0041,57,9,64,112
INV0002842,2025-06-01,NS007,P0016,89,78,59,70
INV0004067,2025-08-01,NS012,P0018,166,52,11,125
INV0001603,2025-04-01,NS001,P0002,78,46,60,92
INV0002552,2025-05-01,NS013,P0016,100,80,11,31
INV0006004,2025-12-01,NS007,P0036,31,23,81,89
INV0003432,2025-07-01,NS009,P0023,178,170,6,14
INV0001170,2025-03-01,NS004,P0015,60,49,48,59
INV0001916,2025-04-01,NS010,P0034,65,54,71,82
INV0001506,2025-03-01,NS014,P0038,104,57,11,58
INV0005519,2025-11-01,NS008,P0019,29,5,78,102
INV0000708,2025-02-01,NS006,P0037,99,78,77,98
INV0003246,2025-07-01,NS003,P0007,123,55,32,100
INV0004329,2025-09-01,NS004,P0029,125,120,91,96
INV0006272,2025-12-01,NS015,P0006,81,72,14,23
INV0002361,2025-05-01,NS008,P0003,24,4,35,55
INV0000801,2025-02-01,NS008,P0003,110,7,46,149
INV0004784,2025-10-01,NS002,P0035,87,63,34,58
INV0003612,2025-07-01,NS014,P0039,96,4,20,112
INV0002698,2025-06-01,NS003,P0036,163,150,15,28
INV0002043,2025-04-01,NS014,P0050,57,43,76,90
INV0001743,2025-04-01,NS005,P0018,67,5,37,99
INV0001122,2025-03-01,NS003,P0019,140,101,21,60
INV0004572,2025-09-01,NS011,P0009,77,36,24,65
INV0002287,2025-05-01,NS006,P0046,24,10,47,61
INV0000269,2025-01-01,NS008,P0023,118,45,98,171
INV0004797,2025-10-01,NS003,P0018,149,102,20,67
INV0001813,2025-04-01,NS007,P0046,113,90,29,52
INV0004933,2025-10-01,NS006,P0050,132,48,50,134
INV0005949,2025-12-01,NS005,P0019,109,61,3,51
INV0002108,2025-05-01,NS001,P0031,196,67,,190
INV0001176,2025-03-01,NS004,P0007,138,15,14,137
INV0001994,2025-04-01,NS012,P0011,197,148,22,71
INV0006257,2025-12-01,NS014,P0002,144,136,29,37
INV0000241,2025-01-01,NS007,P0048,119,30,93,182
INV0001721,2025-04-01,NS005,P0016,147,45,55,157
INV0001882,2025-04-01,NS009,P0050,75,48,96,123
INV0001544,2025-03-01,NS015,P0026,72,28,,143
INV0003458,2025-07-01,NS009,P0032,104,18,52,138
INV0002669,2025-06-01,NS002,P0013,169,13,10,166
INV0003339,2025-07-01,NS006,P0014,196,142,70,124
INV0002255,2025-05-01,NS005,P0035,57,39,60,78
INV0000736,2025-02-01,NS007,P0026,20,8,58,70
INV0004429,2025-09-01,NS007,P0035,58,22,93,129
INV0001019,2025-02-01,NS015,P0008,187,66,31,152
INV0003148,2025-06-01,NS015,P0023,142,34,3,111
INV0001261,2025-03-01,NS007,P0044,84,6,84,162
INV0001697,2025-04-01,NS004,P0044,41,32,73,82
INV0000042,2025-01-01,NS002,P0009,64,9,50,105
INV0004871,2025-10-01,NS005,P0009,98,46,46,98
INV0001354,2025-03-01,NS009,P0048,61,41,99,119
INV0003702,2025-08-01,NS001,P0044,120,91,53,82
INV0000335,2025-01-01,NS010,P0006,31,24,,13
INV0004081,2025-08-01,NS012,P0016,113,6,91,198
INV0004187,2025-08-01,NS015,P0021,172,48,,147
INV0005206,2025-10-01,NS014,P0046,192,22,55,225
INV0005541,2025-11-01,NS009,P0038,183,89,55,149
INV0005349,2025-11-01,NS003,P0048,46,5,16,57
INV0003180,2025-07-01,NS001,P0046,195,129,96,162
INV0004354,2025-09-01,NS005,P0039,145,33,85,197
INV0004886,2025-10-01,NS005,P0029,122,84,38,76
INV0000666,2025-02-01,NS005,P0044,42,16,18,44
INV0000354,2025-01-01,NS011,P0022,74,13,71,132
INV0005599,2025-11-01,NS010,P0031,45,39,4,10
INV0000085,2025-01-01,NS003,P0002,78,9,50,119
INV0004587,2025-09-01,NS012,P0022,197,163,0,34
INV0003806,2025-08-01,NS004,P0017,81,40,0,41
INV0001312,2025-03-01,NS008,P0014,58,11,37,84
INV0004943,2025-10-01,NS007,P0034,138,80,15,73
INV0001473,2025-03-01,NS013,P0043,176,63,9,122
INV0006073,2025-12-01,NS009,P0022,183,120,5,68
INV0001094,2025-03-01,NS002,P0044,90,0,55,145
INV0006243,2025-12-01,NS014,P0050,72,51,14,35
INV0004712,2025-09-01,NS015,P0023,182,117,80,145
INV0004773,2025-10-01,NS002,P0040,117,5,,211
INV0005852,2025-12-01,NS003,P0037,124,98,72,98
INV0000390,2025-01-01,NS012,P0043,118,110,83,91
INV0003108,2025-06-01,NS014,P0037,158,95,47,110
INV0001648,2025-04-01,NS003,P0029,116,65,64,115
INV0005947,2025-12-01,NS005,P0027,140,99,10,51
INV0004682,2025-09-01,NS014,P0042,58,29,68,97
INV0003438,2025-07-01,NS009,P0007,185,133,90,142
INV0004008,2025-08-01,NS010,P0027,69,23,78,124
INV0003707,2025-08-01,NS001,P0035,197,113,95,179
INV0001835,2025-04-01,NS008,P0022,93,44,77,126
INV0004900,2025-10-01,NS005,P0018,196,111,32,117
INV0001454,2025-03-01,NS012,P0018,81,44,44,81
INV0005319,2025-11-01,NS002,P0038,139,60,10,89
INV0001828,2025-04-01,NS008,P0020,121,40,70,151
INV0005352,2025-11-01,NS003,P0049,37,30,36,43
INV0001497,2025-03-01,NS013,P0010,88,11,45,122
INV0005245,2025-10-01,NS015,P0037,191,39,59,211
INV0002737,2025-06-01,NS004,P0020,191,160,40,71
INV0000962,2025-02-01,NS013,P0016,155,2,70,223
INV0001013,2025-02-01,NS014,P0012,78,64,77,91
INV0001373,2025-03-01,NS010,P0023,150,88,65,127
INV0003399,2025-07-01,NS008,P0034,142,118,51,75
INV0004130,2025-08-01,NS013,P0040,101,40,83,144
INV0005539,2025-11-01,NS009,P0048,37,12,9,34
INV0001745,2025-04-01,NS005,P0001,198,172,96,122
INV0001971,2025-04-01,NS012,P0038,57,6,,87
INV0000759,2025-02-01,NS007,P0011,171,37,14,148
INV0003637,2025-07-01,NS014,P0043,42,15,13,40
INV0005732,2025-11-01,NS014,P0039,180,136,23,67
INV0002311,2025-05-01,NS007,P0003,123,100,79,102
INV0001876,2025-04-01,NS009,P0037,123,98,87,112
INV0000361,2025-01-01,NS011,P0031,27,16,50,61
INV0000710,2025-02-01,NS006,P0042,166,129,20,57
INV0003997,2025-08-01,NS010,P0002,138,125,10,23
INV0000598,2025-02-01,NS003,P0015,33,19,49,63
INV0004661,2025-09-01,NS014,P0019,132,15,4,121
INV0004885,2025-10-01,NS005,P0043,187,51,56,192
INV0005899,2025-12-01,NS004,P0046,70,34,80,116
INV0000572,2025-02-01,NS002,P0018,183,21,91,253
INV0000364,2025-01-01,NS011,P0024,83,70,90,103
INV0003335,2025-07-01,NS006,P0033,33,5,19,47
INV0002640,2025-06-01,NS001,P0009,142,98,97,141
INV0000527,2025-02-01,NS001,P0032,74,25,40,89
INV0005718,2025-11-01,NS014,P0013,33,5,22,50
INV0003849,2025-08-01,NS005,P0027,147,24,39,162
INV0005981,2025-12-01,NS006,P0023,187,157,41,71
INV0002478,2025-05-01,NS011,P0009,45,11,42,76
INV0002790,2025-06-01,NS005,P0040,25,16,26,35
INV0004534,2025-09-01,NS010,P0003,28,23,52,57
INV0000330,2025-01-01,NS010,P0023,107,19,62,150
INV0006151,2025-12-01,NS011,P0041,61,27,52,86
INV0004985,2025-10-01,NS008,P0031,26,20,54,60
INV0003855,2025-08-01,NS006,P0004,97,20,84,161
INV0002457,2025-05-01,NS011,P0039,159,75,40,124
INV0000691,2025-02-01,NS005,P0009,183,29,68,222
INV0003469,2025-07-01,NS010,P0047,132,68,8,72
INV0002323,2025-05-01,NS007,P0001,21,14,14,21
INV0005000,2025-10-01,NS008,P0007,98,80,4,22
INV0001437,2025-03-01,NS012,P0029,22,12,13,23
INV0003678,2025-08-01,NS001,P0039,167,72,71,166
INV0001859,2025-04-01,NS009,P0049,112,69,88,131
INV0000197,2025-01-01,NS006,P0026,165,156,89,98
INV0002803,2025-06-01,NS006,P0043,185,25,11,171
INV0002820,2025-06-01,NS006,P0022,115,79,96,132
INV0004787,2025-10-01,NS002,P0043,127,65,54,116
INV0006068,2025-12-01,NS009,P0029,63,20,35,78
INV0000944,2025-02-01,NS012,P0017,82,75,54,61
INV0005025,2025-10-01,NS009,P0033,42,14,3,31
INV0002351,2025-05-01,NS008,P0046,22,14,38,46
INV0001035,2025-02-01,NS015,P0047,122,67,57,112
INV0003367,2025-07-01,NS007,P0035,187,53,87,221
INV0000462,2025-01-01,NS014,P0015,134,63,11,82
INV0005186,2025-10-01,NS014,P0012,142,128,14,28
INV0001199,2025-03-01,NS005,P0032,133,63,15,85
INV0000849,2025-02-01,NS010,P0030,97,68,100,129
INV0004531,2025-09-01,NS010,P0025,148,34,38,152
INV0000773,2025-02-01,NS008,P0041,142,19,55,178
INV0006024,2025-12-01,NS008,P0050,185,125,38,98
INV0001466,2025-03-01,NS012,P0027,139,13,63,189
INV0004830,2025-10-01,NS003,P0033,105,88,84,101
INV0004805,2025-10-01,NS003,P0015,131,38,41,134
INV0002983,2025-06-01,NS011,P0036,28,16,28,40
INV0006265,2025-12-01,NS014,P0014,194,106,5,93
INV0003811,2025-08-01,NS004,P0035,124,80,27,71
INV0004213,2025-09-01,NS001,P0005,183,112,74,145
INV0002910,2025-06-01,NS009,P0049,193,110,70,153
INV0004507,2025-09-01,NS009,P0047,28,1,93,120
INV0005027,2025-10-01,NS009,P0029,43,11,52,84
INV0000047,2025-01-01,NS002,P0002,21,16,5,10
INV0000295,2025-01-01,NS009,P0049,68,47,74,95
INV0005596,2025-11-01,NS010,P0030,140,114,36,62
INV0000614,2025-02-01,NS003,P0017,59,21,99,137
INV0003455,2025-07-01,NS009,P0015,52,16,52,88
INV0003708,2025-08-01,NS001,P0006,195,69,25,151
INV0004595,2025-09-01,NS012,P0042,69,41,24,52
INV0000131,2025-01-01,NS004,P0050,115,94,50,71
INV0003603,2025-07-01,NS013,P0038,25,10,50,65
INV0001677,2025-04-01,NS003,P0019,62,34,10,38
INV0004980,2025-10-01,NS008,P0014,184,150,,52
INV0002776,2025-06-01,NS005,P0028,54,12,35,77
INV0003284,2025-07-01,NS004,P0012,46,19,24,51
INV0005192,2025-10-01,NS014,P0017,86,4,10,92
INV0001200,2025-03-01,NS005,P0008,84,29,6,61
INV0001839,2025-04-01,NS008,P0001,128,21,85,192
INV0004434,2025-09-01,NS007,P0019,96,28,90,158
INV0000789,2025-02-01,NS008,P0025,147,86,12,73
INV0001366,2025-03-01,NS010,P0026,34,21,40,53
INV0003846,2025-08-01,NS005,P0038,145,77,23,91
INV0005591,2025-11-01,NS010,P0029,182,1,59,240
INV0004063,2025-08-01,NS012,P0013,64,13,99,150
INV0004442,2025-09-01,NS007,P0028,189,52,17,154
INV0002177,2025-05-01,NS003,P0025,173,11,46,208
INV0000413,2025-01-01,NS012,P0017,157,22,45,180
INV0000914,2025-02-01,NS012,P0031,123,26,20,117
INV0003264,2025-07-01,NS004,P0046,176,126,95,145
INV0004584,2025-09-01,NS011,P0050,146,52,22,116
INV0004119,2025-08-01,NS013,P0016,155,93,89,151
INV0005703,2025-11-01,NS013,P0031,98,41,48,105
INV0005047,2025-10-01,NS010,P0036,192,102,86,176
INV0003965,2025-08-01,NS009,P0014,27,19,47,55
INV0001182,2025-03-01,NS004,P0048,42,16,97,123
INV0005621,2025-11-01,NS011,P0046,92,45,21,68
INV0003661,2025-07-01,NS015,P0042,78,72,6,12
INV0002538,2025-05-01,NS013,P0021,114,106,82,90
INV0004406,2025-09-01,NS006,P0038,65,2,62,125
INV0002918,2025-06-01,NS009,P0048,139,38,53,154
INV0003120,2025-06-01,NS015,P0008,133,72,33,94
INV0000658,2025-02-01,NS004,P0002,39,3,13,49
INV0001808,2025-04-01,NS007,P0035,181,28,61,214
INV0003183,2025-07-01,NS001,P0022,147,80,97,164
INV0003149,2025-06-01,NS015,P0050,175,93,53,135
INV0001315,2025-03-01,NS008,P0049,50,20,11,41
INV0003373,2025-07-01,NS007,P0004,76,14,19,81
INV0001444,2025-03-01,NS012,P0014,23,16,23,30
INV0004602,2025-09-01,NS012,P0050,49,8,71,112
INV0003624,2025-07-01,NS014,P0015,122,89,32,65
INV0001554,2025-03-01,NS015,P0010,91,71,47,67
INV0002417,2025-05-01,NS010,P0003,57,25,26,58
INV0002309,2025-05-01,NS006,P0037,74,7,67,134
INV0004417,2025-09-01,NS007,P0029,89,13,12,88
INV0003824,2025-08-01,NS005,P0044,23,6,42,59
INV0003216,2025-07-01,NS002,P0019,62,2,,107
INV0001076,2025-03-01,NS001,P0026,173,154,23,42
INV0000719,2025-02-01,NS006,P0049,27,1,9,35
INV0004631,2025-09-01,NS013,P0043,87,53,66,100
INV0006047,2025-12-01,NS008,P0012,190,27,17,180
INV0004288,2025-09-01,NS003,P0038,104,10,,95
INV0001082,2025-03-01,NS001,P0033,200,72,79,207
INV0000615,2025-02-01,NS003,P0013,102,47,61,116
INV0000681,2025-02-01,NS005,P0010,176,39,42,179
INV0005540,2025-11-01,NS009,P0013,34,17,47,64
INV0001233,2025-03-01,NS006,P0042,59,9,35,85
INV0000819,2025-02-01,NS009,P0032,186,173,21,34
INV0004041,2025-08-01,NS011,P0035,184,109,17,92
INV0004137,2025-08-01,NS014,P0032,91,18,99,172
INV0002754,2025-06-01,NS004,P0040,183,58,26,151
INV0004827,2025-10-01,NS003,P0039,158,96,60,122
INV0005867,2025-12-01,NS003,P0026,125,83,34,76
INV0006039,2025-12-01,NS008,P0019,119,73,43,89
INV0005458,2025-11-01,NS006,P0016,25,11,2,16
INV0005738,2025-11-01,NS014,P0018,186,74,37,149
INV0000816,2025-02-01,NS009,P0023,105,60,80,125
INV0001095,2025-03-01,NS002,P0038,83,41,,54
INV0003315,2025-07-01,NS005,P0006,56,42,0,14
INV0005439,2025-11-01,NS006,P0037,110,83,21,48
INV0000090,2025-01-01,NS003,P0038,22,17,57,62
INV0001204,2025-03-01,NS005,P0005,75,54,77,98
INV0002609,2025-05-01,NS015,P0008,119,22,38,135
INV0001787,2025-04-01,NS007,P0029,157,18,76,215
INV0001294,2025-03-01,NS007,P0006,38,31,89,96
INV0006185,2025-12-01,NS012,P0006,197,60,6,143
INV0004524,2025-09-01,NS010,P0043,80,69,63,74
INV0002371,2025-05-01,NS008,P0018,59,42,81,98
INV0000132,2025-01-01,NS004,P0049,91,14,76,153
INV0002870,2025-06-01,NS007,P0035,183,40,40,183
INV0004796,2025-10-01,NS003,P0024,159,78,46,127
INV0004831,2025-10-01,NS004,P0042,198,70,14,142
INV0000977,2025-02-01,NS013,P0033,88,27,35,96
INV0002092,2025-04-01,NS015,P0011,90,60,80,110
INV0004082,2025-08-01,NS012,P0030,197,92,48,153
INV0000227,2025-01-01,NS007,P0015,173,57,69,185
INV0004861,2025-10-01,NS004,P0041,156,106,16,66
INV0001224,2025-03-01,NS005,P0024,190,105,40,125
INV0003256,2025-07-01,NS004,P0033,152,27,3,128
INV0003067,2025-06-01,NS013,P0002,94,70,88,112
INV0000455,2025-01-01,NS013,P0004,86,52,,115
INV0003095,2025-06-01,NS014,P0005,159,126,40,73
INV0002268,2025-05-01,NS005,P0046,66,61,54,59
INV0004435,2025-09-01,NS007,P0040,149,88,6,67
INV0001218,2025-03-01,NS005,P0014,158,18,,222
INV0001640,2025-04-01,NS002,P0007,117,55,73,135
INV0005523,2025-11-01,NS008,P0040,26,9,91,108
INV0004040,2025-08-01,NS011,P0034,44,3,40,81
INV0004961,2025-10-01,NS007,P0008,121,49,20,92
INV0003078,2025-06-01,NS013,P0005,86,47,79,118
INV0000776,2025-02-01,NS008,P0029,182,139,21,64
INV0005661,2025-11-01,NS012,P0008,114,84,81,111
INV0001811,2025-04-01,NS007,P0002,140,29,35,146
INV0003050,2025-06-01,NS013,P0018,111,57,33,87
INV0004032,2025-08-01,NS011,P0041,174,88,41,127
INV0004237,2025-09-01,NS002,P0021,85,71,,69
INV0001480,2025-03-01,NS013,P0041,85,25,78,138
INV0003344,2025-07-01,NS006,P0005,75,59,7,23
INV0000701,2025-02-01,NS006,P0021,63,55,20,28
INV0005675,2025-11-01,NS013,P0050,37,3,93,127
INV0004582,2025-09-01,NS011,P0018,115,73,66,108
INV0001591,2025-04-01,NS001,P0046,159,39,14,134
INV0001318,2025-03-01,NS008,P0011,162,148,,59
INV0004734,2025-10-01,NS001,P0028,142,33,7,116
INV0002346,2025-05-01,NS008,P0047,167,18,76,225
INV0000671,2025-02-01,NS005,P0025,162,157,50,55
INV0000609,2025-02-01,NS003,P0028,114,53,85,146
INV0000748,2025-02-01,NS007,P0040,86,77,55,64
INV0003369,2025-07-01,NS007,P0021,161,75,39,125
INV0004333,2025-09-01,NS004,P0013,57,40,22,39
INV0003463,2025-07-01,NS009,P0039,32,0,29,61
INV0003138,2025-06-01,NS015,P0022,126,30,42,138
INV0005241,2025-10-01,NS015,P0033,143,14,56,185
INV0005013,2025-10-01,NS009,P0021,163,24,36,175
INV0004303,2025-09-01,NS003,P0050,150,92,82,140
INV0004960,2025-10-01,NS007,P0043,36,23,80,93
INV0006255,2025-12-01,NS014,P0008,40,26,36,50
INV0005884,2025-12-01,NS004,P0010,194,101,26,119
INV0002529,2025-05-01,NS013,P0014,99,44,81,136
INV0004911,2025-10-01,NS006,P0021,80,20,17,77
INV0002850,2025-06-01,NS007,P0028,160,5,2,157
INV0005764,2025-11-01,NS015,P0010,105,71,44,78
INV0000626,2025-02-01,NS003,P0023,84,23,35,96
INV0003540,2025-07-01,NS012,P0039,72,31,79,120
INV0004177,2025-08-01,NS015,P0020,143,114,76,105
INV0000419,2025-01-01,NS012,P0027,74,36,43,81
INV0002451,2025-05-01,NS011,P0034,31,25,39,45
INV0000184,2025-01-01,NS006,P0027,79,49,1,31
INV0002818,2025-06-01,NS006,P0033,50,8,34,76
INV0000321,2025-01-01,NS010,P0002,142,80,63,125
INV0005770,2025-11-01,NS015,P0018,113,84,47,76
INV0005024,2025-10-01,NS009,P0038,198,31,,233
INV0001376,2025-03-01,NS010,P0011,197,168,85,114
INV0001311,2025-03-01,NS008,P0023,91,68,22,45
INV0004013,2025-08-01,NS010,P0026,102,38,37,101
INV0003700,2025-08-01,NS001,P0026,48,3,73,118
INV0001381,2025-03-01,NS010,P0005,156,105,4,55
INV0004379,2025-09-01,NS006,P0047,157,77,21,101
INV0003209,2025-07-01,NS002,P0032,33,12,50,71
INV0003569,2025-07-01,NS012,P0042,134,66,82,150
INV0002045,2025-04-01,NS014,P0041,191,56,71,206
INV0002341,2025-05-01,NS007,P0031,81,76,10,15
INV0002889,2025-06-01,NS008,P0031,70,24,69,115
INV0006187,2025-12-01,NS012,P0009,61,29,88,120
INV0001885,2025-04-01,NS009,P0015,184,64,70,190
INV0000257,2025-01-01,NS008,P0045,40,17,93,116
INV0000076,2025-01-01,NS003,P0036,31,19,84,96
INV0002250,2025-05-01,NS005,P0003,105,16,11,100
INV0004039,2025-08-01,NS011,P0019,67,24,65,108
INV0000375,2025-01-01,NS011,P0040,133,26,94,201
INV0001802,2025-04-01,NS007,P0037,39,14,90,115
INV0001008,2025-02-01,NS014,P0007,111,75,,47
INV0004674,2025-09-01,NS014,P0030,111,64,70,117
INV0002314,2025-05-01,NS007,P0036,159,99,28,88
INV0005677,2025-11-01,NS013,P0017,70,57,90,103
INV0000872,2025-02-01,NS010,P0020,67,60,1,8
INV0003117,2025-06-01,NS015,P0017,67,48,32,51
INV0002475,2025-05-01,NS011,P0050,125,116,20,29
INV0002230,2025-05-01,NS004,P0011,138,22,52,168
INV0002130,2025-05-01,NS001,P0025,121,115,83,89
INV0001599,2025-04-01,NS001,P0030,79,50,31,60
INV0001864,2025-04-01,NS009,P0033,47,2,76,121
INV0002678,2025-06-01,NS002,P0003,92,5,30,117
INV0004501,2025-09-01,NS009,P0034,20,11,34,43
INV0002445,2025-05-01,NS010,P0010,108,59,89,138
INV0001526,2025-03-01,NS014,P0043,128,98,14,44
INV0002465,2025-05-01,NS011,P0001,188,27,0,161
INV0003530,2025-07-01,NS011,P0022,92,0,88,180
INV0003606,2025-07-01,NS014,P0024,80,73,87,94
INV0000476,2025-01-01,NS014,P0027,186,25,53,214
INV0004508,2025-09-01,NS009,P0024,173,25,93,241
INV0006062,2025-12-01,NS009,P0044,183,111,88,160
INV0002567,2025-05-01,NS014,P0004,22,17,18,23
INV0000097,2025-01-01,NS003,P0016,161,35,88,214
INV0002251,2025-05-01,NS005,P0047,42,3,,54
INV0001939,2025-04-01,NS011,P0024,135,109,27,53
INV0004000,2025-08-01,NS010,P0049,81,32,55,104
INV0001622,2025-04-01,NS002,P0005,165,110,24,79
INV0003957,2025-08-01,NS009,P0027,90,18,78,150
INV0000567,2025-02-01,NS002,P0047,39,4,78,113
INV0005390,2025-11-01,NS004,P0023,169,22,33,180
INV0005959,2025-12-01,NS006,P0027,171,127,90,134
INV0002685,2025-06-01,NS002,P0008,69,40,34,63
INV0003249,2025-07-01,NS003,P0043,22,14,86,94
INV0004717,2025-09-01,NS015,P0017,52,12,57,97
INV0004468,2025-09-01,NS008,P0018,180,95,,149
INV0000690,2025-02-01,NS005,P0019,82,47,72,107
INV0000808,2025-02-01,NS009,P0040,50,18,50,82
INV0005863,2025-12-01,NS003,P0016,38,22,,62
INV0002063,2025-04-01,NS014,P0003,109,47,96,158
INV0003848,2025-08-01,NS005,P0018,40,6,52,86
INV0005246,2025-10-01,NS015,P0018,117,79,47,85
INV0002373,2025-05-01,NS008,P0019,94,29,22,87
INV0004410,2025-09-01,NS006,P0020,36,25,47,58
INV0002774,2025-06-01,NS005,P0026,182,135,71,118
INV0001943,2025-04-01,NS011,P0045,122,57,74,139
INV0000873,2025-02-01,NS010,P0027,105,66,41,80
INV0004182,2025-08-01,NS015,P0015,113,82,66,97
INV0001049,2025-02-01,NS015,P0028,181,91,62,152
INV0002471,2025-05-01,NS011,P0015,122,96,62,88
INV0006113,2025-12-01,NS010,P0049,66,22,8,52
INV0003403,2025-07-01,NS008,P0043,148,140,18,26
INV0003868,2025-08-01,NS006,P0025,68,56,67,79
INV0000496,2025-01-01,NS015,P0010,189,118,21,92
INV0000835,2025-02-01,NS009,P0006,147,29,79,197
INV0003745,2025-08-01,NS002,P0031,100,9,86,177
INV0004122,2025-08-01,NS013,P0002,39,34,55,60
INV0005934,2025-12-01,NS005,P0016,80,41,86,125
INV0000813,2025-02-01,NS009,P0001,92,5,61,148
INV0001897,2025-04-01,NS010,P0037,121,46,13,88
INV0002929,2025-06-01,NS009,P0036,181,112,31,100
INV0005140,2025-10-01,NS012,P0042,24,14,84,94
INV0002163,2025-05-01,NS002,P0008,173,93,58,138
INV0001782,2025-04-01,NS006,P0026,52,41,62,73
INV0001114,2025-03-01,NS002,P0037,71,7,22,86
INV0000652,2025-02-01,NS004,P0048,129,52,87,164
INV0004375,2025-09-01,NS005,P0032,28,12,65,81
INV0000603,2025-02-01,NS003,P0044,64,14,24,74
INV0001086,2025-03-01,NS002,P0048,70,24,14,60
INV0003445,2025-07-01,NS009,P0045,192,92,66,166
INV0002382,2025-05-01,NS009,P0036,131,78,,56
INV0006125,2025-12-01,NS010,P0043,82,25,7,64
INV0002845,2025-06-01,NS007,P0049,185,24,40,201
INV0006041,2025-12-01,NS008,P0030,174,49,72,197
INV0003734,2025-08-01,NS002,P0040,117,99,18,36
INV0006170,2025-12-01,NS012,P0017,63,48,98,113
INV0002691,2025-06-01,NS002,P0007,66,55,84,95
INV0003347,2025-07-01,NS006,P0024,69,14,1,56
INV0006162,2025-12-01,NS012,P0007,67,5,47,109
INV0002956,2025-06-01,NS010,P0027,104,86,8,26
INV0005195,2025-10-01,NS014,P0044,129,104,91,116
INV0005204,2025-10-01,NS014,P0031,101,31,4,74
INV0003799,2025-08-01,NS004,P0033,66,40,84,110
INV0003503,2025-07-01,NS011,P0007,21,3,3,21
INV0004658,2025-09-01,NS014,P0049,100,8,16,108
INV0000571,2025-02-01,NS002,P0020,165,97,,96
INV0005642,2025-11-01,NS012,P0032,82,42,33,73
INV0001468,2025-03-01,NS012,P0039,74,9,32,97
INV0000380,2025-01-01,NS011,P0014,51,6,2,47
INV0000857,2025-02-01,NS010,P0036,22,2,23,43
INV0001843,2025-04-01,NS008,P0018,134,106,0,28
INV0002699,2025-06-01,NS003,P0041,41,26,48,63
INV0004166,2025-08-01,NS015,P0024,136,128,8,16
INV0001768,2025-04-01,NS006,P0020,46,11,13,48
INV0002374,2025-05-01,NS008,P0035,183,153,73,103
INV0005821,2025-12-01,NS002,P0046,58,28,73,103
INV0001175,2025-03-01,NS004,P0030,151,98,53,106
INV0004685,2025-09-01,NS014,P0037,68,27,61,102
INV0004164,2025-08-01,NS014,P0031,44,11,88,121
INV0001174,2025-03-01,NS004,P0042,80,18,53,115
INV0003132,2025-06-01,NS015,P0049,64,50,71,85
INV0005574,2025-11-01,NS010,P0028,83,26,41,98
INV0004896,2025-10-01,NS005,P0046,148,122,63,89
INV0003345,2025-07-01,NS006,P0042,27,14,24,37
INV0000793,2025-02-01,NS008,P0005,177,5,,173
INV0005847,2025-12-01,NS003,P0022,117,49,70,138
INV0005353,2025-11-01,NS003,P0038,26,12,17,31
INV0005987,2025-12-01,NS007,P0041,22,3,52,71
INV0005129,2025-10-01,NS012,P0043,142,84,36,94
INV0001396,2025-03-01,NS010,P0039,198,117,94,175
INV0002724,2025-06-01,NS003,P0006,183,155,26,54
INV0002094,2025-04-01,NS015,P0022,62,47,70,85
INV0003069,2025-06-01,NS013,P0020,94,36,12,70
INV0005809,2025-12-01,NS001,P0037,106,26,7,87
INV0003609,2025-07-01,NS014,P0032,152,123,,45
INV0001151,2025-03-01,NS003,P0013,89,75,,26
INV0004160,2025-08-01,NS014,P0047,143,7,79,215
INV0000817,2025-02-01,NS009,P0037,48,7,99,140
INV0001578,2025-04-01,NS001,P0012,109,6,6,109
INV0003533,2025-07-01,NS011,P0045,142,54,55,143
INV0001047,2025-02-01,NS015,P0020,82,1,75,156
INV0001207,2025-03-01,NS005,P0048,191,62,97,226
INV0005755,2025-11-01,NS015,P0041,140,76,83,147
INV0003474,2025-07-01,NS010,P0029,129,68,23,84
INV0005888,2025-12-01,NS004,P0006,56,39,42,59
INV0004724,2025-09-01,NS015,P0012,90,24,99,165
INV0001398,2025-03-01,NS010,P0014,31,18,99,112
INV0003664,2025-07-01,NS015,P0040,139,48,19,110
INV0004710,2025-09-01,NS015,P0047,62,9,88,141
INV0000370,2025-01-01,NS011,P0048,140,131,55,64
INV0005495,2025-11-01,NS007,P0045,20,2,80,98
INV0002766,2025-06-01,NS005,P0011,173,20,77,230
INV0002106,2025-05-01,NS001,P0045,91,21,46,116
INV0000595,2025-02-01,NS002,P0044,106,75,52,83
INV0001731,2025-04-01,NS005,P0009,30,7,78,101
INV0001537,2025-03-01,NS014,P0033,73,32,61,102
INV0000953,2025-02-01,NS013,P0003,62,43,88,107
INV0003600,2025-07-01,NS013,P0033,187,54,,210
INV0005948,2025-12-01,NS005,P0030,153,123,0,30
INV0002316,2025-05-01,NS007,P0002,122,111,29,40
INV0003517,2025-07-01,NS011,P0036,91,42,59,108
INV0001257,2025-03-01,NS006,P0030,68,11,57,114
INV0001990,2025-04-01,NS012,P0012,94,78,69,85
INV0004336,2025-09-01,NS004,P0026,140,34,86,192
INV0001979,2025-04-01,NS012,P0050,62,45,97,114
INV0005603,2025-11-01,NS011,P0002,96,28,23,91
INV0003343,2025-07-01,NS006,P0041,67,27,65,105
INV0005184,2025-10-01,NS014,P0036,152,15,24,161
INV0001679,2025-04-01,NS003,P0012,186,47,94,233
INV0003354,2025-07-01,NS006,P0032,69,53,9,25
INV0004735,2025-10-01,NS001,P0050,159,75,,129
INV0000019,2025-01-01,NS001,P0022,56,35,75,96
INV0002808,2025-06-01,NS006,P0049,44,14,76,106
INV0000011,2025-01-01,NS001,P0019,162,129,60,93
INV0003979,2025-08-01,NS009,P0022,127,121,51,57
INV0001798,2025-04-01,NS007,P0004,80,12,63,131
INV0006287,2025-12-01,NS015,P0008,184,134,31,81
INV0002540,2025-05-01,NS013,P0024,124,110,44,58
INV0002227,2025-05-01,NS004,P0009,158,74,51,135
INV0000769,2025-02-01,NS007,P0009,166,45,,174
INV0001157,2025-03-01,NS004,P0028,125,98,76,103
INV0000204,2025-01-01,NS006,P0009,95,49,69,115
INV0002389,2025-05-01,NS009,P0048,48,28,62,82
INV0003597,2025-07-01,NS013,P0001,111,61,43,93
INV0002444,2025-05-01,NS010,P0049,145,50,39,134
INV0003304,2025-07-01,NS005,P0010,138,86,29,81
INV0006083,2025-12-01,NS009,P0026,142,0,80,222
INV0004874,2025-10-01,NS005,P0032,91,49,7,49
INV0002701,2025-06-01,NS003,P0035,186,70,89,205
INV0001482,2025-03-01,NS013,P0015,41,1,65,105
INV0002099,2025-04-01,NS015,P0005,180,26,54,208
INV0003306,2025-07-01,NS005,P0016,106,83,46,69
INV0005170,2025-10-01,NS013,P0032,80,45,46,81
INV0005321,2025-11-01,NS003,P0033,22,1,,55
INV0003167,2025-07-01,NS001,P0025,193,64,93,222
INV0001565,2025-03-01,NS015,P0022,91,28,66,129
INV0001181,2025-03-01,NS004,P0014,55,8,21,68
INV0000695,2025-02-01,NS005,P0035,171,70,,163
INV0003195,2025-07-01,NS002,P0039,20,5,98,113
INV0000161,2025-01-01,NS005,P0005,137,95,43,85
INV0001710,2025-04-01,NS004,P0030,120,17,95,198
INV0004113,2025-08-01,NS013,P0037,24,16,69,77
INV0000025,2025-01-01,NS001,P0041,123,100,33,56
INV0004241,2025-09-01,NS002,P0003,69,52,16,33
INV0000007,2025-01-01,NS001,P0040,125,99,96,122
INV0003654,2025-07-01,NS015,P0010,44,39,86,91
INV0001777,2025-04-01,NS006,P0049,98,16,31,113
INV0003225,2025-07-01,NS003,P0040,77,43,56,90
INV0005250,2025-10-01,NS015,P0020,92,39,28,81
INV0005437,2025-11-01,NS006,P0012,101,44,88,145
INV0002634,2025-06-01,NS001,P0044,81,66,37,52
INV0000814,2025-02-01,NS009,P0024,170,29,30,171
INV0005974,2025-12-01,NS006,P0009,30,12,2,20
INV0001722,2025-04-01,NS005,P0010,151,91,52,112
INV0001602,2025-04-01,NS001,P0041,21,3,66,84
INV0001309,2025-03-01,NS008,P0001,188,71,15,132
INV0003766,2025-08-01,NS003,P0021,35,6,39,68
INV0002178,2025-05-01,NS003,P0050,185,54,48,179
INV0002170,2025-05-01,NS002,P0039,126,75,58,109
INV0005808,2025-12-01,NS001,P0019,34,3,,64
INV0003852,2025-08-01,NS006,P0024,85,65,24,44
INV0005242,2025-10-01,NS015,P0003,165,114,57,108
INV0003044,2025-06-01,NS012,P0044,156,119,6,43
INV0000323,2025-01-01,NS010,P0004,115,75,34,74
INV0000980,2025-02-01,NS013,P0048,103,92,2,13
INV0002500,2025-05-01,NS012,P0005,149,135,96,110
INV0004292,2025-09-01,NS003,P0032,99,14,11,96
INV0001527,2025-03-01,NS014,P0035,188,97,,139
INV0000745,2025-02-01,NS007,P0042,180,14,55,221
INV0004101,2025-08-01,NS013,P0030,127,42,7,92
INV0004373,2025-09-01,NS005,P0026,90,70,27,47
INV0000331,2025-01-01,NS010,P0049,77,42,91,126
INV0004645,2025-09-01,NS013,P0007,104,2,19,121
INV0003610,2025-07-01,NS014,P0021,145,106,41,80
INV0005016,2025-10-01,NS009,P0030,170,87,90,173
INV0000287,2025-01-01,NS009,P0020,192,1,60,251
INV0005202,2025-10-01,NS014,P0007,83,63,74,94
INV0000549,2025-02-01,NS001,P0043,153,6,63,210
INV0002211,2025-05-01,NS004,P0035,178,61,57,174
INV0001996,2025-04-01,NS013,P0025,172,19,13,166
INV0005875,2025-12-01,NS003,P0007,22,12,88,98
INV0002034,2025-04-01,NS014,P0006,170,112,71,129
INV0002975,2025-06-01,NS010,P0050,160,142,59,77
INV0003703,2025-08-01,NS001,P0038,187,66,56,177
INV0002208,2025-05-01,NS004,P0050,165,46,96,215
INV0006269,2025-12-01,NS015,P0027,94,76,30,48
INV0006161,2025-12-01,NS012,P0042,137,10,48,175
INV0005212,2025-10-01,NS014,P0020,175,128,25,72
INV0000827,2025-02-01,NS009,P0022,59,3,98,154
INV0001090,2025-03-01,NS002,P0022,195,14,98,279
INV0001279,2025-03-01,NS007,P0002,145,130,46,61
INV0003513,2025-07-01,NS011,P0027,128,51,35,112
INV0001851,2025-04-01,NS008,P0013,114,83,68,99
INV0001905,2025-04-01,NS010,P0042,91,53,27,65
INV0005480,2025-11-01,NS007,P0019,51,22,1,30
INV0000397,2025-01-01,NS012,P0020,48,7,69,110
INV0000213,2025-01-01,NS007,P0042,23,6,26,43
INV0000628,2025-02-01,NS003,P0022,123,16,94,201
INV0004936,2025-10-01,NS007,P0018,124,50,50,124
INV0001346,2025-03-01,NS009,P0028,196,51,92,237
INV0004836,2025-10-01,NS004,P0043,62,36,45,71
INV0004578,2025-09-01,NS011,P0042,163,10,92,245
INV0004327,2025-09-01,NS004,P0031,161,12,60,209
INV0000350,2025-01-01,NS010,P0041,44,15,59,88
INV0005105,2025-10-01,NS011,P0025,62,28,69,103
INV0001171,2025-03-01,NS004,P0002,88,16,71,143
INV0004513,2025-09-01,NS009,P0032,45,37,63,71
INV0004204,2025-09-01,NS001,P0018,142,51,1,92
INV0001064,2025-03-01,NS001,P0027,153,22,87,218
INV0000303,2025-01-01,NS009,P0021,150,123,32,59
INV0005570,2025-11-01,NS010,P0037,76,46,27,57
INV0002933,2025-06-01,NS009,P0029,189,182,97,104
INV0002690,2025-06-01,NS002,P0049,103,47,14,70
INV0000199,2025-01-01,NS006,P0014,35,13,80,102
INV0004452,2025-09-01,NS008,P0040,180,23,84,241
INV0002891,2025-06-01,NS008,P0005,32,9,63,86
INV0003235,2025-07-01,NS003,P0025,71,63,15,23
INV0005026,2025-10-01,NS009,P0041,116,15,20,121
INV0005816,2025-12-01,NS002,P0002,61,4,29,86
INV0004103,2025-08-01,NS013,P0039,50,43,32,39
INV0003589,2025-07-01,NS013,P0006,181,164,81,98
INV0003013,2025-06-01,NS012,P0006,179,55,93,217
INV0005015,2025-10-01,NS009,P0003,39,0,52,91
INV0006220,2025-12-01,NS013,P0040,75,27,57,105
INV0002176,2025-05-01,NS003,P0032,103,93,55,65
INV0003098,2025-06-01,NS014,P0015,70,40,39,69
INV0005758,2025-11-01,NS015,P0034,57,48,11,20
INV0003411,2025-07-01,NS008,P0023,119,69,1,51
INV0000594,2025-02-01,NS002,P0031,127,31,3,99
INV0001764,2025-04-01,NS006,P0032,99,22,43,120
INV0001365,2025-03-01,NS009,P0009,29,15,54,68
INV0001217,2025-03-01,NS005,P0012,156,12,95,239
INV0005684,2025-11-01,NS013,P0030,187,77,94,204
INV0003563,2025-07-01,NS012,P0030,122,94,33,61
INV0004321,2025-09-01,NS004,P0018,74,49,37,62
INV0001487,2025-03-01,NS013,P0017,163,30,29,162
INV0004353,2025-09-01,NS005,P0007,70,9,60,121
INV0000115,2025-01-01,NS004,P0020,62,41,79,100
INV0004608,2025-09-01,NS012,P0043,146,121,41,66
INV0000672,2025-02-01,NS005,P0017,37,8,82,111
INV0003112,2025-06-01,NS014,P0017,85,50,8,43
INV0001457,2025-03-01,NS012,P0021,147,98,61,110
INV0000781,2025-02-01,NS008,P0021,198,24,11,185
INV0003870,2025-08-01,NS006,P0030,20,8,3,15
INV0001968,2025-04-01,NS012,P0046,54,4,78,128
INV0000140,2025-01-01,NS004,P0025,37,10,12,39
INV0000032,2025-01-01,NS001,P0015,26,5,29,50
INV0001308,2025-03-01,NS008,P0005,66,52,38,52
INV0003718,2025-08-01,NS002,P0027,61,17,17,61
INV0005990,2025-12-01,NS007,P0008,185,110,12,87
INV0001929,2025-04-01,NS011,P0003,150,20,84,214
INV0002350,2025-05-01,NS008,P0017,167,119,57,105
INV0003583,2025-07-01,NS013,P0017,26,19,49,56
INV0001051,2025-03-01,NS001,P0023,151,16,39,174
INV0002743,2025-06-01,NS004,P0039,72,11,85,146
INV0002002,2025-04-01,NS013,P0031,66,8,63,121
INV0004415,2025-09-01,NS007,P0032,20,8,78,90
INV0002262,2025-05-01,NS005,P0036,156,66,43,133
INV0002353,2025-05-01,NS008,P0049,190,66,60,184
INV0001805,2025-04-01,NS007,P0013,166,11,28,183
INV0003550,2025-07-01,NS012,P0024,149,27,,155
INV0005800,2025-12-01,NS001,P0026,199,32,7,174
INV0002715,2025-06-01,NS003,P0038,78,2,29,105
INV0005652,2025-11-01,NS012,P0027,162,127,51,86
INV0000465,2025-01-01,NS014,P0005,56,40,26,42
INV0002081,2025-04-01,NS015,P0024,38,6,73,105
INV0000869,2025-02-01,NS010,P0049,55,26,75,104
INV0000043,2025-01-01,NS002,P0019,20,3,57,74
INV0001447,2025-03-01,NS012,P0013,42,6,38,74
INV0003285,2025-07-01,NS004,P0008,27,11,77,93
INV0004249,2025-09-01,NS002,P0023,173,99,19,93
INV0000150,2025-01-01,NS005,P0017,98,4,25,119
INV0001825,2025-04-01,NS008,P0008,42,3,78,117
INV0002032,2025-04-01,NS014,P0037,155,53,47,149
INV0000268,2025-01-01,NS008,P0014,115,51,75,139
INV0005201,2025-10-01,NS014,P0009,109,29,93,173
INV0003736,2025-08-01,NS002,P0030,134,52,2,84
INV0003129,2025-06-01,NS015,P0034,102,25,18,95
INV0005006,2025-10-01,NS009,P0024,93,38,5,60
INV0002899,2025-06-01,NS008,P0038,101,95,57,63
INV0005997,2025-12-01,NS007,P0012,118,19,48,147
INV0000146,2025-01-01,NS005,P0031,91,33,15,73
INV0004592,2025-09-01,NS012,P0048,33,0,87,120
INV0003814,2025-08-01,NS004,P0040,73,65,30,38
INV0001406,2025-03-01,NS011,P0025,40,18,78,100
INV0001961,2025-04-01,NS012,P0017,20,2,81,99
INV0001683,2025-04-01,NS004,P0018,99,42,36,93
INV0004639,2025-09-01,NS013,P0050,84,5,95,174
INV0003055,2025-06-01,NS013,P0034,121,65,5,61
INV0000855,2025-02-01,NS010,P0032,124,62,83,145
INV0003894,2025-08-01,NS007,P0016,62,11,51,102
INV0004388,2025-09-01,NS006,P0009,110,82,39,67
INV0005310,2025-11-01,NS002,P0012,148,132,90,106
INV0004588,2025-09-01,NS012,P0008,158,87,36,107
INV0000154,2025-01-01,NS005,P0035,137,1,76,212
INV0000531,2025-02-01,NS001,P0040,164,35,76,205
INV0002138,2025-05-01,NS002,P0044,70,0,23,93
INV0001668,2025-04-01,NS003,P0014,72,33,51,90
INV0000631,2025-02-01,NS004,P0037,188,71,2,119
INV0001432,2025-03-01,NS011,P0049,79,69,39,49
INV0001239,2025-03-01,NS006,P0029,21,4,62,79
INV0001116,2025-03-01,NS002,P0013,119,110,95,104
INV0004393,2025-09-01,NS006,P0028,172,160,32,44
INV0004110,2025-08-01,NS013,P0036,62,14,2,50
INV0000905,2025-02-01,NS011,P0035,81,4,43,120
INV0004934,2025-10-01,NS006,P0028,122,47,34,109
INV0004540,2025-09-01,NS010,P0009,183,88,3,98
INV0001062,2025-03-01,NS001,P0031,162,143,74,93
INV0003250,2025-07-01,NS003,P0017,85,23,9,71
INV0002332,2025-05-01,NS007,P0021,30,21,29,38
INV0001034,2025-02-01,NS015,P0018,143,18,92,217
INV0002872,2025-06-01,NS008,P0004,168,128,35,75
INV0004289,2025-09-01,NS003,P0011,114,14,89,189
INV0001222,2025-03-01,NS005,P0002,180,17,57,220
INV0003518,2025-07-01,NS011,P0038,33,1,19,51
INV0001228,2025-03-01,NS006,P0004,134,111,31,54
INV0002297,2025-05-01,NS006,P0031,167,42,94,219
INV0002267,2025-05-01,NS005,P0033,87,63,93,117
INV0005400,2025-11-01,NS005,P0039,38,18,82,102
INV0004309,2025-09-01,NS004,P0045,61,24,79,116
INV0005887,2025-12-01,NS004,P0005,167,39,9,137
INV0001563,2025-03-01,NS015,P0007,59,21,27,65
INV0004916,2025-10-01,NS006,P0012,46,18,83,111
INV0005178,2025-10-01,NS013,P0022,141,118,65,88
INV0005799,2025-12-01,NS001,P0050,68,26,,65
INV0003594,2025-07-01,NS013,P0032,82,25,5,62
INV0003854,2025-08-01,NS006,P0007,167,47,88,208
INV0000795,2025-02-01,NS008,P0004,81,17,16,80
INV0002584,2025-05-01,NS014,P0025,149,88,2,63
INV0003085,2025-06-01,NS014,P0003,161,48,59,172
INV0006084,2025-12-01,NS009,P0020,155,114,33,74
INV0001012,2025-02-01,NS014,P0041,176,169,,69
INV0000511,2025-01-01,NS015,P0038,82,48,,84
INV0000373,2025-01-01,NS011,P0033,26,9,44,61
INV0000973,2025-02-01,NS013,P0025,198,122,53,129
INV0005882,2025-12-01,NS004,P0044,67,55,88,100
INV0000029,2025-01-01,NS001,P0035,117,53,13,77
INV0001903,2025-04-01,NS010,P0026,82,37,71,116
INV0002562,2025-05-01,NS014,P0034,187,55,9,141
INV0003520,2025-07-01,NS011,P0015,169,93,84,160
INV0005976,2025-12-01,NS006,P0049,59,5,46,100
INV0005846,2025-12-01,NS003,P0010,76,17,34,93
INV0000713,2025-02-01,NS006,P0013,111,78,82,115
INV0002714,2025-06-01,NS003,P0050,123,10,70,183
INV0001504,2025-03-01,NS013,P0045,39,8,41,72
INV0002284,2025-05-01,NS006,P0027,176,101,81,156
INV0000186,2025-01-01,NS006,P0012,63,12,27,78
INV0004716,2025-09-01,NS015,P0019,80,25,34,89
INV0001853,2025-04-01,NS008,P0023,89,42,76,123
INV0004383,2025-09-01,NS006,P0008,139,94,27,72
INV0001927,2025-04-01,NS011,P0035,125,35,10,100
INV0002922,2025-06-01,NS009,P0034,40,20,74,94
INV0001092,2025-03-01,NS002,P0043,35,16,25,44
INV0004080,2025-08-01,NS012,P0011,76,26,,86
INV0002600,2025-05-01,NS015,P0038,113,81,23,55
INV0003316,2025-07-01,NS005,P0039,81,40,34,75
INV0000665,2025-02-01,NS004,P0047,45,17,88,116
INV0003696,2025-08-01,NS001,P0011,92,63,10,39
INV0005818,2025-12-01,NS002,P0009,90,0,10,100
INV0001654,2025-04-01,NS003,P0042,95,8,2,89
INV0004694,2025-09-01,NS015,P0009,125,33,42,134
INV0005577,2025-11-01,NS010,P0034,68,54,50,64
INV0005038,2025-10-01,NS009,P0006,27,4,74,97
INV0003091,2025-06-01,NS014,P0034,160,46,10,124
INV0006021,2025-12-01,NS008,P0049,62,31,,94
INV0001079,2025-03-01,NS001,P0012,166,93,64,137
INV0003801,2025-08-01,NS004,P0008,64,27,88,125
INV0003650,2025-07-01,NS015,P0032,132,32,30,130
INV0000118,2025-01-01,NS004,P0006,185,84,10,111
INV0002199,2025-05-01,NS003,P0035,151,121,45,75
INV0000651,2025-02-01,NS004,P0004,98,88,,70
INV0001500,2025-03-01,NS013,P0047,138,70,77,145
INV0002638,2025-06-01,NS001,P0028,36,7,88,117
INV0003294,2025-07-01,NS005,P0019,122,56,30,96
INV0001272,2025-03-01,NS007,P0016,196,117,64,143
INV0002166,2025-05-01,NS002,P0046,116,4,,206
INV0004179,2025-08-01,NS015,P0001,158,81,27,104
INV0003695,2025-08-01,NS001,P0020,112,74,96,134
INV0004265,2025-09-01,NS002,P0038,31,23,14,22
INV0000581,2025-02-01,NS002,P0023,186,162,5,29
INV0004869,2025-10-01,NS005,P0005,81,64,2,19
INV0006107,2025-12-01,NS010,P0047,172,40,50,182
INV0001664,2025-04-01,NS003,P0038,74,34,1,41
INV0002919,2025-06-01,NS009,P0025,187,178,41,50
INV0003888,2025-08-01,NS007,P0046,194,104,20,110
INV0001349,2025-03-01,NS009,P0015,124,9,91,206
INV0005454,2025-11-01,NS006,P0020,127,53,37,111
INV0003380,2025-07-01,NS007,P0027,24,0,96,120
INV0001993,2025-04-01,NS012,P0020,198,27,49,220
INV0004020,2025-08-01,NS010,P0037,160,135,94,119
INV0000079,2025-01-01,NS003,P0029,122,53,67,136
INV0000360,2025-01-01,NS011,P0047,142,118,10,34
INV0004159,2025-08-01,NS014,P0046,169,140,32,61
INV0001240,2025-03-01,NS006,P0033,78,42,70,106
INV0002615,2025-05-01,NS015,P0033,51,28,5,28
INV0000969,2025-02-01,NS013,P0032,120,84,3,39
INV0001297,2025-03-01,NS008,P0031,182,103,,110
INV0005763,2025-11-01,NS015,P0009,58,9,37,86
INV0004358,2025-09-01,NS005,P0009,41,4,0,37
INV0000514,2025-01-01,NS015,P0022,23,6,23,40
INV0004851,2025-10-01,NS004,P0015,182,27,99,254
INV0005785,2025-12-01,NS001,P0016,155,46,82,191
INV0001534,2025-03-01,NS014,P0049,95,87,45,53
INV0003487,2025-07-01,NS010,P0034,75,12,28,91
INV0001661,2025-04-01,NS003,P0003,165,67,38,136
INV0005762,2025-11-01,NS015,P0026,101,62,0,39
INV0005690,2025-11-01,NS013,P0049,99,16,0,83
INV0002877,2025-06-01,NS008,P0026,81,9,27,99
INV0001744,2025-04-01,NS005,P0034,174,89,58,143
INV0004264,2025-09-01,NS002,P0044,27,20,60,67
INV0002259,2025-05-01,NS005,P0023,59,37,39,61
INV0003973,2025-08-01,NS009,P0010,41,8,7,40
INV0003782,2025-08-01,NS004,P0002,132,126,46,52
INV0003655,2025-07-01,NS015,P0030,191,103,29,117
INV0001923,2025-04-01,NS010,P0008,145,72,90,163
INV0005629,2025-11-01,NS011,P0034,161,29,100,232
INV0003154,2025-07-01,NS001,P0041,162,70,15,107
INV0001328,2025-03-01,NS008,P0003,179,127,99,151
INV0001699,2025-04-01,NS004,P0014,173,142,73,104
INV0005972,2025-12-01,NS006,P0022,165,109,59,115
INV0001459,2025-03-01,NS012,P0015,97,34,63,126
INV0005126,2025-10-01,NS012,P0022,174,27,10,157
INV0005854,2025-12-01,NS003,P0012,34,20,25,39
INV0001227,2025-03-01,NS006,P0008,146,138,99,107
INV0004407,2025-09-01,NS006,P0011,22,16,,55
INV0004889,2025-10-01,NS005,P0001,176,3,0,173
INV0003505,2025-07-01,NS011,P0028,105,53,47,99
INV0003477,2025-07-01,NS010,P0005,40,34,1,7
INV0000002,2025-01-01,NS001,P0036,200,155,45,90
INV0003300,2025-07-01,NS005,P0037,183,82,37,138
INV0002115,2025-05-01,NS001,P0023,124,2,43,165
INV0003682,2025-08-01,NS001,P0036,124,68,61,117
INV0002768,2025-06-01,NS005,P0016,192,30,19,181
INV0001790,2025-04-01,NS007,P0024,171,115,34,90
INV0001275,2025-03-01,NS007,P0011,190,90,69,169
INV0002836,2025-06-01,NS007,P0042,99,85,18,32
INV0002914,2025-06-01,NS009,P0041,163,90,0,73
INV0003773,2025-08-01,NS003,P0023,171,103,70,138
INV0001678,2025-04-01,NS003,P0037,120,58,93,155
INV0004556,2025-09-01,NS011,P0039,101,75,60,86
INV0005886,2025-12-01,NS004,P0031,196,116,98,178
INV0002360,2025-05-01,NS008,P0036,191,160,20,51
INV0000167,2025-01-01,NS005,P0027,156,49,18,125
INV0003693,2025-08-01,NS001,P0014,73,23,19,69
INV0005533,2025-11-01,NS009,P0007,106,12,59,153
INV0001569,2025-03-01,NS015,P0001,191,46,57,202
INV0003082,2025-06-01,NS014,P0032,153,3,77,227
INV0002723,2025-06-01,NS003,P0045,126,109,85,102
INV0005507,2025-11-01,NS008,P0002,70,49,91,112
INV0004150,2025-08-01,NS014,P0013,63,25,95,133
INV0004892,2025-10-01,NS005,P0040,166,26,15,155
INV0004746,2025-10-01,NS001,P0033,86,55,45,76
INV0005874,2025-12-01,NS003,P0044,152,83,69,138
INV0004438,2025-09-01,NS007,P0042,119,40,67,146
INV0002970,2025-06-01,NS010,P0048,162,140,74,96
INV0005248,2025-10-01,NS015,P0017,94,83,90,101
INV0002674,2025-06-01,NS002,P0039,25,1,17,41
INV0005979,2025-12-01,NS006,P0030,152,111,91,132
INV0002948,2025-06-01,NS010,P0037,193,81,27,139
INV0004782,2025-10-01,NS002,P0008,149,75,0,74
INV0001325,2025-03-01,NS008,P0019,182,165,13,30
INV0000337,2025-01-01,NS010,P0026,122,74,49,97
INV0003243,2025-07-01,NS003,P0011,172,64,31,139
INV0001665,2025-04-01,NS003,P0044,100,58,8,50
INV0002021,2025-04-01,NS013,P0041,194,17,39,216
INV0003991,2025-08-01,NS010,P0013,29,14,23,38
INV0000493,2025-01-01,NS015,P0033,115,80,89,124
INV0003171,2025-07-01,NS001,P0015,144,66,57,135
INV0005699,2025-11-01,NS013,P0044,57,46,23,34
INV0005057,2025-10-01,NS010,P0046,50,14,72,108
INV0000948,2025-02-01,NS013,P0039,38,32,9,15
INV0000237,2025-01-01,NS007,P0014,142,19,27,150
INV0002253,2025-05-01,NS005,P0032,137,122,4,19
INV0001109,2025-03-01,NS002,P0012,166,3,57,220
INV0004585,2025-09-01,NS011,P0020,69,37,82,114
INV0002672,2025-06-01,NS002,P0043,152,127,45,70
INV0002579,2025-05-01,NS014,P0011,122,28,46,140
INV0003984,2025-08-01,NS009,P0035,196,118,40,118
INV0005054,2025-10-01,NS010,P0034,56,3,,134
INV0004547,2025-09-01,NS010,P0020,163,126,2,39
INV0003930,2025-08-01,NS008,P0045,29,17,15,27
INV0001644,2025-04-01,NS002,P0032,159,135,72,96
INV0001226,2025-03-01,NS006,P0022,189,87,79,181
INV0000982,2025-02-01,NS014,P0033,34,12,30,52
INV0003286,2025-07-01,NS004,P0011,121,14,49,156
INV0005839,2025-12-01,NS002,P0048,70,4,93,159
INV0004605,2025-09-01,NS012,P0024,62,55,83,90
INV0006298,2025-12-01,NS015,P0023,57,37,40,60
INV0001741,2025-04-01,NS005,P0049,190,48,68,210
INV0006069,2025-12-01,NS009,P0034,20,7,38,51
INV0004385,2025-09-01,NS006,P0041,139,71,48,116
INV0004368,2025-09-01,NS005,P0019,47,0,23,70
INV0000276,2025-01-01,NS008,P0037,117,57,,64
INV0001890,2025-04-01,NS009,P0026,49,5,55,99
INV0003002,2025-06-01,NS011,P0014,193,87,12,118
INV0006123,2025-12-01,NS010,P0032,63,32,30,61
INV0005052,2025-10-01,NS010,P0045,34,13,77,98
INV0004543,2025-09-01,NS010,P0001,37,28,88,97
INV0004573,2025-09-01,NS011,P0021,196,89,71,178
INV0003663,2025-07-01,NS015,P0047,110,77,85,118
INV0000715,2025-02-01,NS006,P0006,75,16,94,153
INV0002162,2025-05-01,NS002,P0021,101,11,38,128
INV0001408,2025-03-01,NS011,P0014,31,26,98,103
INV0001009,2025-02-01,NS014,P0001,127,42,39,124
INV0005030,2025-10-01,NS009,P0002,48,36,97,109
INV0001377,2025-03-01,NS010,P0045,123,37,49,135
INV0001907,2025-04-01,NS010,P0032,66,32,7,41
INV0003492,2025-07-01,NS010,P0040,197,29,,186
INV0002143,2025-05-01,NS002,P0015,170,65,68,173
INV0006216,2025-12-01,NS013,P0021,196,12,35,219
INV0003260,2025-07-01,NS004,P0039,40,16,59,83
INV0003268,2025-07-01,NS004,P0005,166,101,2,67
INV0005754,2025-11-01,NS015,P0040,119,71,55,103
INV0002320,2025-05-01,NS007,P0012,126,114,4,16
INV0005238,2025-10-01,NS015,P0013,138,114,64,88
INV0005980,2025-12-01,NS006,P0040,195,150,13,58
INV0004884,2025-10-01,NS005,P0024,112,41,6,77
INV0002051,2025-04-01,NS014,P0007,133,69,49,113
INV0002739,2025-06-01,NS004,P0041,87,40,18,65
INV0002027,2025-04-01,NS013,P0035,27,13,24,38
INV0001244,2025-03-01,NS006,P0028,114,52,61,123
INV0004469,2025-09-01,NS008,P0034,118,20,52,150
INV0002197,2025-05-01,NS003,P0013,47,15,17,49
INV0001852,2025-04-01,NS008,P0048,187,9,51,229
INV0002994,2025-06-01,NS011,P0029,173,39,77,211
INV0006278,2025-12-01,NS015,P0037,101,61,45,85
INV0005357,2025-11-01,NS004,P0046,111,25,32,118
INV0004323,2025-09-01,NS004,P0049,192,29,69,232
INV0002149,2025-05-01,NS002,P0037,129,39,83,173
INV0003723,2025-08-01,NS002,P0019,27,15,46,58
INV0000923,2025-02-01,NS012,P0016,40,5,37,72
INV0006193,2025-12-01,NS012,P0047,57,4,69,122
INV0002281,2025-05-01,NS006,P0015,166,155,56,67
INV0000913,2025-02-01,NS012,P0006,98,81,27,44
INV0002949,2025-06-01,NS010,P0018,90,7,83,166
INV0005930,2025-12-01,NS005,P0034,182,136,99,145
INV0006101,2025-12-01,NS010,P0027,151,77,77,151
INV0000014,2025-01-01,NS001,P0018,191,184,34,41
INV0005781,2025-12-01,NS001,P0049,170,90,43,123
INV0002095,2025-04-01,NS015,P0017,81,7,4,78
INV0000698,2025-02-01,NS005,P0016,77,69,59,67
INV0005773,2025-11-01,NS015,P0031,70,8,45,107
INV0002501,2025-05-01,NS012,P0042,169,62,33,140
INV0002873,2025-06-01,NS008,P0035,182,9,46,219
INV0001869,2025-04-01,NS009,P0028,24,18,25,31
INV0000320,2025-01-01,NS010,P0014,162,130,63,95
INV0005609,2025-11-01,NS011,P0039,21,15,22,28
INV0002928,2025-06-01,NS009,P0001,152,138,48,62
INV0001865,2025-04-01,NS009,P0012,139,43,75,171
INV0001960,2025-04-01,NS011,P0025,88,3,18,103
INV0002578,2025-05-01,NS014,P0021,77,65,73,85
INV0003572,2025-07-01,NS013,P0043,137,44,51,144
INV0003446,2025-07-01,NS009,P0020,26,8,85,103
INV0003019,2025-06-01,NS012,P0027,183,130,86,139
INV0003744,2025-08-01,NS002,P0008,54,41,4,17
INV0001205,2025-03-01,NS005,P0050,50,8,32,74
INV0003489,2025-07-01,NS010,P0050,144,3,94,235
INV0005566,2025-11-01,NS010,P0039,60,23,,125
INV0002902,2025-06-01,NS008,P0007,186,165,58,79
INV0003381,2025-07-01,NS007,P0011,116,57,23,82
INV0005647,2025-11-01,NS012,P0013,187,82,44,149
INV0003255,2025-07-01,NS003,P0032,147,94,87,140
INV0002941,2025-06-01,NS010,P0041,84,9,8,83
INV0004408,2025-09-01,NS006,P0018,135,85,10,60
INV0002726,2025-06-01,NS003,P0037,86,13,75,148
INV0006023,2025-12-01,NS008,P0023,22,5,6,23
INV0003182,2025-07-01,NS001,P0029,36,30,83,89
INV0001209,2025-03-01,NS005,P0003,159,125,88,122
INV0002703,2025-06-01,NS003,P0046,67,51,9,25
INV0003218,2025-07-01,NS002,P0016,157,15,,161
INV0000366,2025-01-01,NS011,P0016,70,17,59,112
INV0004171,2025-08-01,NS015,P0046,189,61,40,168
INV0000740,2025-02-01,NS007,P0020,169,0,,262
INV0000035,2025-01-01,NS001,P0014,32,0,11,43
INV0006225,2025-12-01,NS013,P0035,187,25,6,168
INV0005666,2025-11-01,NS012,P0005,45,27,16,34
INV0003617,2025-07-01,NS014,P0029,116,61,62,117
INV0004539,2025-09-01,NS010,P0007,128,57,68,139
INV0006109,2025-12-01,NS010,P0030,121,78,83,126
INV0000405,2025-01-01,NS012,P0025,89,49,76,116
INV0005343,2025-11-01,NS003,P0008,89,23,62,128
INV0002502,2025-05-01,NS012,P0050,134,117,28,45
INV0002881,2025-06-01,NS008,P0037,144,118,10,36
INV0004819,2025-10-01,NS003,P0034,21,7,39,53
INV0004114,2025-08-01,NS013,P0005,107,71,27,63
INV0004189,2025-08-01,NS015,P0016,108,43,57,122
INV0004785,2025-10-01,NS002,P0034,145,124,72,93
INV0001632,2025-04-01,NS002,P0018,36,18,92,110
INV0005261,2025-11-01,NS001,P0034,124,51,31,104
INV0006167,2025-12-01,NS012,P0050,181,74,30,137
INV0004897,2025-10-01,NS005,P0033,118,50,24,92
INV0004903,2025-10-01,NS006,P0024,122,5,44,161
INV0003236,2025-07-01,NS003,P0018,155,8,75,222
INV0000524,2025-01-01,NS015,P0039,158,86,40,112
INV0003662,2025-07-01,NS015,P0049,182,133,14,63
INV0005958,2025-12-01,NS006,P0050,86,61,,77
INV0002362,2025-05-01,NS008,P0038,88,53,38,73
INV0002189,2025-05-01,NS003,P0003,171,111,4,64
INV0001937,2025-04-01,NS011,P0015,96,46,30,80
INV0005525,2025-11-01,NS008,P0008,163,150,20,33
INV0006241,2025-12-01,NS014,P0047,21,0,76,97
INV0006203,2025-12-01,NS013,P0024,109,58,51,102
INV0005573,2025-11-01,NS010,P0020,148,136,95,107
INV0003337,2025-07-01,NS006,P0026,35,13,32,54
INV0002651,2025-06-01,NS001,P0048,188,70,4,122
INV0004591,2025-09-01,NS012,P0028,162,73,27,116
INV0001087,2025-03-01,NS002,P0020,50,17,47,80
INV0002049,2025-04-01,NS014,P0046,22,11,5,16
INV0002345,2025-05-01,NS007,P0017,33,24,12,21
INV0004360,2025-09-01,NS005,P0003,141,39,91,193
INV0004853,2025-10-01,NS004,P0003,122,22,30,130
INV0004173,2025-08-01,NS015,P0025,71,26,44,89
INV0003980,2025-08-01,NS009,P0030,177,145,100,132
INV0003836,2025-08-01,NS005,P0021,157,63,29,123
INV0002205,2025-05-01,NS003,P0009,96,85,26,37
INV0006196,2025-12-01,NS013,P0037,200,126,30,104
INV0005894,2025-12-01,NS004,P0047,62,6,43,99
INV0002796,2025-06-01,NS005,P0049,154,61,86,179
INV0002097,2025-04-01,NS015,P0044,29,13,27,43
INV0004403,2025-09-01,NS006,P0039,44,25,57,76
INV0002885,2025-06-01,NS008,P0013,118,34,76,160
INV0000469,2025-01-01,NS014,P0008,163,49,97,211
INV0003266,2025-07-01,NS004,P0041,144,111,83,116
INV0003803,2025-08-01,NS004,P0041,194,119,55,130
INV0004206,2025-09-01,NS001,P0033,27,16,46,57
INV0000554,2025-02-01,NS001,P0010,77,49,50,78
INV0002110,2025-05-01,NS001,P0012,76,27,51,100
INV0002403,2025-05-01,NS009,P0026,73,15,86,144
INV0005500,2025-11-01,NS008,P0011,159,85,94,168
INV0002185,2025-05-01,NS003,P0017,156,32,86,210
INV0006086,2025-12-01,NS009,P0046,55,33,51,73
INV0002415,2025-05-01,NS009,P0013,94,53,5,46
INV0002883,2025-06-01,NS008,P0011,38,15,82,105
INV0004835,2025-10-01,NS004,P0036,149,110,29,68
INV0005606,2025-11-01,NS011,P0035,120,3,3,120
INV0001236,2025-03-01,NS006,P0013,172,108,61,125
INV0005205,2025-10-01,NS014,P0011,181,140,84,125
INV0004485,2025-09-01,NS009,P0029,86,67,53,72
INV0002829,2025-06-01,NS006,P0029,182,68,,173
INV0004878,2025-10-01,NS005,P0036,83,37,89,135
INV0000999,2025-02-01,NS014,P0030,175,88,19,106
INV0000347,2025-01-01,NS010,P0018,163,12,99,250
INV0003565,2025-07-01,NS012,P0050,131,118,50,63
INV0005879,2025-12-01,NS003,P0011,174,123,76,127
INV0002817,2025-06-01,NS006,P0019,154,87,25,92
INV0001867,2025-04-01,NS009,P0023,101,71,38,68
INV0002304,2025-05-01,NS006,P0024,114,56,87,145
INV0001807,2025-04-01,NS007,P0039,152,126,99,125
INV0001902,2025-04-01,NS010,P0033,59,45,,27
INV0005602,2025-11-01,NS011,P0005,109,27,97,179
INV0003162,2025-07-01,NS001,P0005,197,191,8,14
INV0003891,2025-08-01,NS007,P0028,124,21,77,180
INV0006144,2025-12-01,NS011,P0042,190,43,63,210
INV0001435,2025-03-01,NS011,P0001,174,118,25,81
INV0004515,2025-09-01,NS009,P0049,136,1,68,203
INV0004343,2025-09-01,NS005,P0048,114,57,27,84
INV0000646,2025-02-01,NS004,P0008,139,121,4,22
INV0006027,2025-12-01,NS008,P0005,130,78,90,142
INV0005610,2025-11-01,NS011,P0010,157,145,84,96
INV0004692,2025-09-01,NS015,P0038,52,28,97,121
INV0000600,2025-02-01,NS003,P0034,110,3,61,168
INV0000158,2025-01-01,NS005,P0019,196,103,30,123
INV0004280,2025-09-01,NS003,P0040,148,141,5,12
INV0002080,2025-04-01,NS015,P0028,35,2,14,47
INV0004190,2025-08-01,NS015,P0037,174,29,66,211
INV0001107,2025-03-01,NS002,P0006,146,63,89,172
INV0002477,2025-05-01,NS011,P0027,87,16,13,84
INV0000883,2025-02-01,NS011,P0046,69,40,31,60
INV0004072,2025-08-01,NS012,P0012,116,49,35,102
INV0005446,2025-11-01,NS006,P0044,155,100,75,130
INV0005999,2025-12-01,NS007,P0039,142,136,13,19
INV0003076,2025-06-01,NS013,P0030,126,91,38,73
INV0003062,2025-06-01,NS013,P0039,22,7,67,82
INV0001516,2025-03-01,NS014,P0041,172,48,64,188
INV0005604,2025-11-01,NS011,P0040,179,86,7,100
INV0002879,2025-06-01,NS008,P0034,198,101,5,102
INV0003142,2025-06-01,NS015,P0036,42,12,100,130
INV0005172,2025-10-01,NS013,P0046,70,22,58,106
INV0001357,2025-03-01,NS009,P0039,126,26,34,134
INV0004996,2025-10-01,NS008,P0022,169,117,92,144
INV0002992,2025-06-01,NS011,P0050,185,97,76,164
INV0001414,2025-03-01,NS011,P0024,133,124,71,80
INV0001700,2025-04-01,NS004,P0023,172,63,54,163
INV0000027,2025-01-01,NS001,P0033,160,13,73,220
INV0002990,2025-06-01,NS011,P0035,155,42,84,197
INV0001801,2025-04-01,NS007,P0047,79,53,26,52
INV0000056,2025-01-01,NS002,P0010,188,167,23,44
INV0002828,2025-06-01,NS006,P0017,144,12,72,204
INV0000702,2025-02-01,NS006,P0043,169,82,95,182
INV0001919,2025-04-01,NS010,P0011,48,26,35,57
INV0001441,2025-03-01,NS012,P0012,157,39,30,148
INV0004050,2025-08-01,NS011,P0030,66,53,77,90
INV0005547,2025-11-01,NS009,P0047,140,112,47,75
INV0004104,2025-08-01,NS013,P0046,27,15,32,44
INV0004016,2025-08-01,NS010,P0006,196,101,31,126
INV0001508,2025-03-01,NS014,P0002,183,112,58,129
INV0002658,2025-06-01,NS001,P0014,180,15,81,246
INV0002473,2025-05-01,NS011,P0046,153,142,98,109
INV0003282,2025-07-01,NS004,P0049,110,74,15,51
INV0003253,2025-07-01,NS003,P0004,32,11,60,81
INV0001273,2025-03-01,NS007,P0004,32,14,,75
INV0006053,2025-12-01,NS008,P0013,107,58,,81
INV0006238,2025-12-01,NS014,P0019,78,24,95,149
INV0000334,2025-01-01,NS010,P0032,155,144,65,76
INV0004439,2025-09-01,NS007,P0031,138,30,19,127
INV0004214,2025-09-01,NS001,P0017,163,130,43,76
INV0003184,2025-07-01,NS001,P0035,34,5,34,63
INV0000946,2025-02-01,NS013,P0038,110,88,73,95
INV0002744,2025-06-01,NS004,P0035,83,34,,62
INV0004243,2025-09-01,NS002,P0030,147,21,86,212
INV0004668,2025-09-01,NS014,P0023,41,32,2,11
INV0001317,2025-03-01,NS008,P0048,151,92,36,95
INV0002713,2025-06-01,NS003,P0032,30,19,88,99
INV0000386,2025-01-01,NS012,P0046,52,21,89,120
INV0003899,2025-08-01,NS007,P0005,102,61,76,117
INV0005515,2025-11-01,NS008,P0046,25,20,46,51
INV0001547,2025-03-01,NS015,P0013,98,53,93,138
INV0001541,2025-03-01,NS015,P0047,51,29,87,109
INV0001643,2025-04-01,NS002,P0047,191,13,12,190
INV0004872,2025-10-01,NS005,P0014,66,53,47,60
INV0002782,2025-06-01,NS005,P0034,41,0,25,66
INV0004915,2025-10-01,NS006,P0041,134,59,60,135
INV0003785,2025-08-01,NS004,P0047,199,64,52,187
INV0002604,2025-05-01,NS015,P0025,66,60,46,52
INV0001050,2025-02-01,NS015,P0040,77,1,37,113
INV0001773,2025-04-01,NS006,P0027,130,111,22,41
INV0002960,2025-06-01,NS010,P0035,148,6,,211
INV0003719,2025-08-01,NS002,P0021,198,170,56,84
INV0004749,2025-10-01,NS001,P0015,64,35,2,31
INV0003146,2025-06-01,NS015,P0039,26,6,95,115
INV0003012,2025-06-01,NS012,P0017,76,70,65,71
INV0004763,2025-10-01,NS002,P0024,198,60,68,206
INV0001712,2025-04-01,NS004,P0019,153,42,77,188
INV0005377,2025-11-01,NS004,P0031,21,4,29,46
INV0002507,2025-05-01,NS012,P0031,169,121,28,76
INV0004935,2025-10-01,NS006,P0025,20,1,5,24
INV0000711,2025-02-01,NS006,P0032,42,29,32,45
INV0003776,2025-08-01,NS003,P0015,69,1,44,112
INV0000440,2025-01-01,NS013,P0031,105,18,37,124
INV0003784,2025-08-01,NS004,P0001,104,68,66,102
INV0003886,2025-08-01,NS007,P0014,41,15,65,91
INV0002935,2025-06-01,NS009,P0043,47,8,78,117
INV0003834,2025-08-01,NS005,P0028,44,7,31,68
INV0002300,2025-05-01,NS006,P0045,189,23,12,178
INV0000309,2025-01-01,NS009,P0011,104,66,58,96
INV0001797,2025-04-01,NS007,P0014,21,0,15,36
INV0003179,2025-07-01,NS001,P0020,82,19,99,162
INV0005397,2025-11-01,NS005,P0002,143,85,55,113
INV0001486,2025-03-01,NS013,P0038,148,76,93,165
INV0006263,2025-12-01,NS014,P0027,64,44,59,79
INV0001159,2025-03-01,NS004,P0020,56,7,,84
INV0006078,2025-12-01,NS009,P0013,102,71,40,71
INV0000611,2025-02-01,NS003,P0016,100,54,89,135
INV0000714,2025-02-01,NS006,P0026,150,101,61,110
INV0004857,2025-10-01,NS004,P0020,126,100,54,80
INV0003586,2025-07-01,NS013,P0016,161,153,57,65
INV0000258,2025-01-01,NS008,P0016,165,10,88,243
INV0001103,2025-03-01,NS002,P0029,115,11,18,122
INV0002612,2025-05-01,NS015,P0041,47,33,58,72
INV0003196,2025-07-01,NS002,P0034,148,29,22,141
INV0001165,2025-03-01,NS004,P0038,62,4,61,119
INV0005710,2025-11-01,NS014,P0049,135,105,,87
INV0003109,2025-06-01,NS014,P0031,198,36,75,237
INV0002506,2025-05-01,NS012,P0011,21,16,42,47
INV0000374,2025-01-01,NS011,P0020,44,10,75,109
INV0003353,2025-07-01,NS006,P0003,192,101,12,103
INV0001696,2025-04-01,NS004,P0041,73,45,34,62
INV0004207,2025-09-01,NS001,P0025,27,20,63,70
INV0005815,2025-12-01,NS002,P0004,53,33,6,26
INV0001689,2025-04-01,NS004,P0033,57,46,28,39
INV0003473,2025-07-01,NS010,P0013,98,35,87,150
INV0000083,2025-01-01,NS003,P0037,114,29,41,126
INV0005445,2025-11-01,NS006,P0013,92,77,76,91
INV0006204,2025-12-01,NS013,P0041,61,4,89,146
INV0002450,2025-05-01,NS010,P0035,178,153,70,95
INV0003884,2025-08-01,NS006,P0014,28,8,71,91
INV0006051,2025-12-01,NS008,P0002,20,5,2,17
INV0003607,2025-07-01,NS014,P0007,54,37,96,113
INV0003385,2025-07-01,NS007,P0032,81,11,83,153
INV0003875,2025-08-01,NS006,P0028,155,52,50,153
INV0000409,2025-01-01,NS012,P0015,37,14,10,33
INV0002031,2025-04-01,NS014,P0021,21,13,79,87
INV0000704,2025-02-01,NS006,P0010,82,32,80,130
INV0005837,2025-12-01,NS002,P0006,56,21,99,134
INV0000357,2025-01-01,NS011,P0021,189,171,22,40
INV0002696,2025-06-01,NS003,P0021,137,65,42,114
INV0000978,2025-02-01,NS013,P0050,40,33,33,40
INV0005203,2025-10-01,NS014,P0029,163,6,96,253
INV0000688,2025-02-01,NS005,P0039,183,80,78,181
INV0005231,2025-10-01,NS015,P0036,151,144,8,15
INV0005039,2025-10-01,NS009,P0040,21,6,51,66
INV0003740,2025-08-01,NS002,P0038,29,16,99,112
INV0003568,2025-07-01,NS012,P0031,146,3,21,164
INV0005727,2025-11-01,NS014,P0046,63,32,86,117
INV0005351,2025-11-01,NS003,P0018,98,57,26,67
INV0004174,2025-08-01,NS015,P0026,40,5,43,78
INV0003325,2025-07-01,NS005,P0004,94,87,43,50
INV0003727,2025-08-01,NS002,P0046,31,23,31,39
INV0005769,2025-11-01,NS015,P0025,158,9,14,163
INV0004769,2025-10-01,NS002,P0047,101,2,39,138
INV0001831,2025-04-01,NS008,P0037,145,82,32,95
INV0004574,2025-09-01,NS011,P0004,119,108,17,28
INV0001641,2025-04-01,NS002,P0040,88,17,9,80
INV0005522,2025-11-01,NS008,P0022,190,20,51,221
INV0004532,2025-09-01,NS010,P0031,113,85,93,121
INV0003523,2025-07-01,NS011,P0006,37,19,58,76
INV0002806,2025-06-01,NS006,P0006,35,3,55,87
INV0002954,2025-06-01,NS010,P0034,101,58,47,90
INV0004411,2025-09-01,NS007,P0045,191,109,94,176
INV0000543,2025-02-01,NS001,P0050,125,63,10,72
INV0001072,2025-03-01,NS001,P0029,159,61,86,184
INV0005657,2025-11-01,NS012,P0029,110,65,88,133
INV0005917,2025-12-01,NS005,P0048,121,23,65,163
INV0004391,2025-09-01,NS006,P0032,57,33,27,51
INV0002683,2025-06-01,NS002,P0036,135,118,37,54
INV0002751,2025-06-01,NS004,P0030,161,1,67,227
INV0000271,2025-01-01,NS008,P0003,171,83,70,158
INV0006219,2025-12-01,NS013,P0018,69,12,83,140
INV0003541,2025-07-01,NS012,P0012,46,32,32,46
INV0002039,2025-04-01,NS014,P0008,110,61,27,76
INV0005835,2025-12-01,NS002,P0026,137,0,79,216
INV0006121,2025-12-01,NS010,P0036,31,5,36,62
INV0000039,2025-01-01,NS002,P0003,148,73,50,125
INV0005896,2025-12-01,NS004,P0035,141,75,,80
INV0003619,2025-07-01,NS014,P0001,81,73,14,22
INV0004285,2025-09-01,NS003,P0023,178,82,2,98
INV0003614,2025-07-01,NS014,P0048,147,48,15,114
INV0001820,2025-04-01,NS007,P0012,58,5,20,73
INV0005451,2025-11-01,NS006,P0006,190,19,37,208
INV0002410,2025-05-01,NS009,P0031,122,32,99,189
INV0000597,2025-02-01,NS003,P0042,116,48,96,164
INV0005435,2025-11-01,NS006,P0031,54,35,20,39
INV0006242,2025-12-01,NS014,P0026,156,137,78,97
INV0005636,2025-11-01,NS012,P0044,79,15,51,115
INV0004931,2025-10-01,NS006,P0043,40,7,94,127
INV0002508,2025-05-01,NS012,P0038,143,11,,181
INV0001203,2025-03-01,NS005,P0046,150,19,70,201
INV0006299,2025-12-01,NS015,P0014,49,8,81,122
INV0002244,2025-05-01,NS005,P0008,138,118,2,22
INV0003100,2025-06-01,NS014,P0035,176,91,28,113
INV0006088,2025-12-01,NS009,P0025,159,66,25,118
INV0000636,2025-02-01,NS004,P0040,56,10,78,124
INV0000763,2025-02-01,NS007,P0039,165,150,23,38
INV0004005,2025-08-01,NS010,P0020,147,133,10,24
INV0000935,2025-02-01,NS012,P0049,34,23,96,107
INV0001889,2025-04-01,NS009,P0006,126,44,83,165
INV0004653,2025-09-01,NS013,P0030,91,58,48,81
INV0006283,2025-12-01,NS015,P0024,161,123,,134
INV0004458,2025-09-01,NS008,P0043,75,56,71,90
INV0003202,2025-07-01,NS002,P0035,52,1,34,85
INV0001762,2025-04-01,NS006,P0011,54,23,64,95
INV0000458,2025-01-01,NS014,P0047,195,46,83,232
INV0004123,2025-08-01,NS013,P0044,100,62,17,55
INV0002961,2025-06-01,NS010,P0031,68,11,23,80
INV0005717,2025-11-01,NS014,P0006,180,75,78,183
INV0005432,2025-11-01,NS006,P0030,96,48,49,97
INV0005311,2025-11-01,NS002,P0015,49,22,77,104
INV0004732,2025-10-01,NS001,P0013,199,79,69,189
INV0001177,2025-03-01,NS004,P0045,126,66,89,149
INV0004274,2025-09-01,NS003,P0028,134,94,36,76
INV0001163,2025-03-01,NS004,P0018,157,109,24,72
INV0004278,2025-09-01,NS003,P0041,53,17,10,46
INV0000964,2025-02-01,NS013,P0010,95,33,66,128
INV0001341,2025-03-01,NS009,P0045,29,16,79,92
INV0001154,2025-03-01,NS003,P0042,113,76,84,121
INV0004266,2025-09-01,NS002,P0025,180,158,20,42
INV0000529,2025-02-01,NS001,P0027,48,37,13,24
INV0005419,2025-11-01,NS005,P0018,97,24,99,172
INV0000955,2025-02-01,NS013,P0007,126,80,72,118
INV0004355,2025-09-01,NS005,P0044,58,0,11,69
INV0001352,2025-03-01,NS009,P0016,84,15,82,151
INV0001740,2025-04-01,NS005,P0026,96,43,68,121
INV0001684,2025-04-01,NS004,P0005,35,12,35,58
INV0004863,2025-10-01,NS004,P0049,179,172,23,30
INV0004656,2025-09-01,NS014,P0012,77,12,2,67
INV0002112,2025-05-01,NS001,P0049,129,20,93,202
INV0000934,2025-02-01,NS012,P0012,85,23,31,93
INV0004718,2025-09-01,NS015,P0031,84,28,99,155
INV0002277,2025-05-01,NS006,P0023,106,50,86,142
INV0003160,2025-07-01,NS001,P0044,143,104,66,105
INV0000017,2025-01-01,NS001,P0008,113,56,89,146
INV0000040,2025-01-01,NS002,P0005,71,42,43,72
INV0006124,2025-12-01,NS010,P0003,113,78,52,87
INV0004538,2025-09-01,NS010,P0013,147,55,,105
INV0002711,2025-06-01,NS003,P0039,184,55,36,165
INV0000891,2025-02-01,NS011,P0008,178,40,61,199
INV0005398,2025-11-01,NS005,P0020,169,132,69,106
INV0000867,2025-02-01,NS010,P0018,172,50,87,209
INV0002686,2025-06-01,NS002,P0028,85,78,88,95
INV0003726,2025-08-01,NS002,P0025,140,102,76,114
INV0003976,2025-08-01,NS009,P0003,52,30,33,55
INV0002959,2025-06-01,NS010,P0020,126,105,59,80
INV0000281,2025-01-01,NS009,P0040,86,34,90,142
INV0002221,2025-05-01,NS004,P0049,134,39,62,157
INV0000707,2025-02-01,NS006,P0027,67,25,88,130
INV0006186,2025-12-01,NS012,P0045,188,66,67,189
INV0000116,2025-01-01,NS004,P0035,149,42,40,147
INV0002677,2025-06-01,NS002,P0047,182,131,82,133
INV0000055,2025-01-01,NS002,P0006,34,24,83,93
INV0004075,2025-08-01,NS012,P0040,124,113,84,95
INV0004263,2025-09-01,NS002,P0036,94,29,41,106
INV0001792,2025-04-01,NS007,P0040,89,14,9,84
INV0000960,2025-02-01,NS013,P0035,86,45,41,82
INV0005449,2025-11-01,NS006,P0023,141,41,7,107
INV0005517,2025-11-01,NS008,P0018,128,107,54,75
INV0001383,2025-03-01,NS010,P0028,153,2,32,183
INV0001121,2025-03-01,NS003,P0015,136,57,87,166
INV0001623,2025-04-01,NS002,P0046,41,13,52,80
INV0006273,2025-12-01,NS015,P0041,107,84,99,122
INV0005306,2025-11-01,NS002,P0021,158,64,18,112
INV0003356,2025-07-01,NS006,P0044,121,97,98,122
INV0004480,2025-09-01,NS008,P0006,143,128,73,88
INV0003945,2025-08-01,NS008,P0027,48,10,39,77
INV0001069,2025-03-01,NS001,P0020,67,4,86,149
INV0004766,2025-10-01,NS002,P0036,165,155,60,70
INV0001719,2025-04-01,NS005,P0039,86,38,74,122
INV0003357,2025-07-01,NS006,P0001,181,67,58,172
INV0002026,2025-04-01,NS013,P0013,35,8,83,110
INV0001017,2025-02-01,NS015,P0007,53,41,94,106
INV0003933,2025-08-01,NS008,P0034,83,12,12,83
INV0004201,2025-09-01,NS001,P0019,51,9,80,122
INV0006228,2025-12-01,NS013,P0002,172,54,2,120
INV0004474,2025-09-01,NS008,P0013,193,134,58,117
INV0000467,2025-01-01,NS014,P0018,124,70,72,126
INV0005760,2025-11-01,NS015,P0001,92,87,100,105
INV0004153,2025-08-01,NS014,P0050,183,161,89,111
INV0004847,2025-10-01,NS004,P0010,151,107,,102
INV0006038,2025-12-01,NS008,P0010,77,13,15,79
INV0001046,2025-02-01,NS015,P0043,132,110,82,104
INV0006098,2025-12-01,NS010,P0016,197,183,50,64
INV0000454,2025-01-01,NS013,P0041,53,12,87,128
INV0000399,2025-01-01,NS012,P0029,89,60,9,38
INV0002897,2025-06-01,NS008,P0032,176,49,29,156
INV0001195,2025-03-01,NS005,P0021,99,22,20,97
INV0001284,2025-03-01,NS007,P0013,196,178,80,98
INV0001925,2025-04-01,NS010,P0014,158,149,94,103
INV0004193,2025-08-01,NS015,P0028,163,80,82,165
INV0004689,2025-09-01,NS014,P0031,78,44,44,78
INV0001306,2025-03-01,NS008,P0024,194,121,25,98
INV0002411,2025-05-01,NS009,P0014,166,19,63,210
INV0005994,2025-12-01,NS007,P0028,185,170,,109
INV0001316,2025-03-01,NS008,P0020,106,81,20,45
INV0003049,2025-06-01,NS013,P0017,150,32,23,141
INV0003434,2025-07-01,NS009,P0019,108,14,8,102
INV0001596,2025-04-01,NS001,P0014,78,35,60,103
INV0003767,2025-08-01,NS003,P0022,90,39,66,117
INV0002075,2025-04-01,NS015,P0016,139,81,3,61
INV0003958,2025-08-01,NS009,P0038,194,162,77,109
INV0003324,2025-07-01,NS005,P0028,46,3,14,57
INV0001155,2025-03-01,NS003,P0017,117,98,68,87
INV0003549,2025-07-01,NS012,P0035,61,47,7,21
INV0003427,2025-07-01,NS008,P0006,31,5,54,80
INV0000551,2025-02-01,NS001,P0007,52,37,94,109
INV0005726,2025-11-01,NS014,P0024,168,140,31,59
INV0002456,2025-05-01,NS011,P0040,137,49,50,138
INV0005989,2025-12-01,NS007,P0037,192,61,25,156
INV0004085,2025-08-01,NS012,P0028,142,106,22,58
INV0005076,2025-10-01,NS011,P0006,72,11,36,97
INV0004413,2025-09-01,NS007,P0024,134,19,1,116
INV0005836,2025-12-01,NS002,P0013,23,16,46,53
INV0001590,2025-04-01,NS001,P0023,144,101,84,127
INV0003771,2025-08-01,NS003,P0020,109,24,50,135
INV0005108,2025-10-01,NS011,P0049,138,130,8,16
INV0000790,2025-02-01,NS008,P0015,161,66,90,185
INV0003130,2025-06-01,NS015,P0031,131,123,49,57
INV0000599,2025-02-01,NS003,P0011,186,141,93,138
INV0005789,2025-12-01,NS001,P0002,78,25,27,80
INV0002098,2025-04-01,NS015,P0009,78,71,48,55
INV0000976,2025-02-01,NS013,P0037,87,19,61,129
INV0001998,2025-04-01,NS013,P0039,84,26,90,148
INV0002985,2025-06-01,NS011,P0026,27,13,60,74
INV0001270,2025-03-01,NS007,P0046,46,12,98,132
INV0003668,2025-07-01,NS015,P0031,41,20,75,96
INV0005466,2025-11-01,NS007,P0022,67,6,97,158
INV0000147,2025-01-01,NS005,P0023,101,13,29,117
INV0004322,2025-09-01,NS004,P0024,183,85,11,109
INV0003897,2025-08-01,NS007,P0025,158,49,60,169
INV0004167,2025-08-01,NS015,P0050,154,6,48,196
INV0000068,2025-01-01,NS002,P0049,153,100,52,105
INV0001747,2025-04-01,NS005,P0011,120,63,51,108
INV0001501,2025-03-01,NS013,P0023,190,172,59,77
INV0002319,2025-05-01,NS007,P0046,97,60,1,38
INV0000057,2025-01-01,NS002,P0046,139,41,41,139
INV0003963,2025-08-01,NS009,P0032,36,21,2,17
INV0000895,2025-02-01,NS011,P0036,35,16,57,76
INV0003433,2025-07-01,NS009,P0029,69,47,48,70
INV0001521,2025-03-01,NS014,P0021,160,133,63,90
INV0004341,2025-09-01,NS005,P0041,149,86,60,123
INV0001962,2025-04-01,NS012,P0042,46,34,96,108
INV0002246,2025-05-01,NS005,P0012,75,65,75,85
INV0004061,2025-08-01,NS012,P0015,129,110,16,35
INV0002772,2025-06-01,NS005,P0039,87,33,52,106
INV0006099,2025-12-01,NS010,P0024,99,93,48,54
INV0004376,2025-09-01,NS006,P0005,40,18,43,65
INV0000166,2025-01-01,NS005,P0044,130,61,5,74
INV0004760,2025-10-01,NS001,P0027,78,36,15,57
INV0001213,2025-03-01,NS005,P0018,81,19,32,94
INV0000756,2025-02-01,NS007,P0024,21,5,63,79
INV0005555,2025-11-01,NS009,P0039,70,52,,92
INV0003542,2025-07-01,NS012,P0016,186,172,67,81
INV0005065,2025-10-01,NS010,P0015,23,8,32,47
INV0001351,2025-03-01,NS009,P0021,77,65,37,49
INV0005627,2025-11-01,NS011,P0006,30,1,34,63
INV0000124,2025-01-01,NS004,P0036,198,24,73,247
INV0004418,2025-09-01,NS007,P0023,140,121,83,102
INV0004555,2025-09-01,NS011,P0048,136,24,93,205
INV0003450,2025-07-01,NS009,P0041,54,47,38,45
INV0000456,2025-01-01,NS014,P0039,182,109,85,158
INV0000633,2025-02-01,NS004,P0018,154,143,22,33
INV0003194,2025-07-01,NS002,P0045,122,64,71,129
INV0000207,2025-01-01,NS006,P0050,174,72,58,160
INV0003924,2025-08-01,NS008,P0007,45,17,5,33
INV0005866,2025-12-01,NS003,P0046,103,94,54,63
INV0001478,2025-03-01,NS013,P0048,134,83,70,121
INV0001707,2025-04-01,NS004,P0029,136,59,63,140
INV0005109,2025-10-01,NS011,P0034,117,14,25,128
INV0003657,2025-07-01,NS015,P0028,165,16,67,216
INV0000302,2025-01-01,NS009,P0039,99,75,78,102
INV0004464,2025-09-01,NS008,P0027,144,44,82,182
INV0002769,2025-06-01,NS005,P0002,139,16,77,200
INV0001173,2025-03-01,NS004,P0031,135,13,47,169
INV0006153,2025-12-01,NS011,P0037,29,9,18,38
INV0004194,2025-08-01,NS015,P0031,49,10,19,58
INV0005768,2025-11-01,NS015,P0002,140,109,13,44
INV0000945,2025-02-01,NS012,P0034,76,55,74,95
INV0002525,2025-05-01,NS013,P0032,152,85,8,75
INV0000415,2025-01-01,NS012,P0032,69,51,81,99
INV0004969,2025-10-01,NS007,P0023,109,93,64,80
INV0000754,2025-02-01,NS007,P0041,136,42,42,136
INV0004504,2025-09-01,NS009,P0010,61,32,73,102
INV0003679,2025-08-01,NS001,P0029,82,18,49,113
INV0000728,2025-02-01,NS006,P0017,88,51,9,46
INV0000489,2025-01-01,NS014,P0025,106,18,47,135
INV0000940,2025-02-01,NS012,P0011,97,51,25,71
INV0001489,2025-03-01,NS013,P0022,175,3,35,207
INV0003430,2025-07-01,NS008,P0012,62,3,78,137
INV0003596,2025-07-01,NS013,P0002,177,3,,196
INV0005914,2025-12-01,NS004,P0034,22,0,46,68
INV0005142,2025-10-01,NS012,P0048,200,150,,144
INV0004463,2025-09-01,NS008,P0044,165,21,8,152
INV0005637,2025-11-01,NS012,P0042,80,69,65,76
INV0004728,2025-10-01,NS001,P0009,158,75,93,176
INV0001356,2025-03-01,NS009,P0049,79,61,,98
INV0006181,2025-12-01,NS012,P0032,60,46,74,88
INV0005598,2025-11-01,NS010,P0016,198,154,52,96
INV0000705,2025-02-01,NS006,P0012,161,154,77,84
INV0000125,2025-01-01,NS004,P0011,176,18,19,177
INV0001688,2025-04-01,NS004,P0009,166,14,27,179
INV0000806,2025-02-01,NS009,P0025,190,38,55,207
INV0001686,2025-04-01,NS004,P0004,139,111,69,97
INV0004571,2025-09-01,NS011,P0010,134,78,85,141
INV0000606,2025-02-01,NS003,P0041,38,29,73,82
INV0000114,2025-01-01,NS004,P0015,56,14,52,94
INV0001983,2025-04-01,NS012,P0014,60,32,40,68
INV0002627,2025-06-01,NS001,P0011,195,189,100,106
INV0003951,2025-08-01,NS008,P0050,144,125,61,80
INV0002556,2025-05-01,NS014,P0010,137,66,90,161
INV0000942,2025-02-01,NS012,P0040,177,0,23,200
INV0004753,2025-10-01,NS001,P0023,63,31,9,41
INV0001755,2025-04-01,NS006,P0021,158,61,72,169
INV0005334,2025-11-01,NS003,P0023,58,11,45,92
INV0005697,2025-11-01,NS013,P0036,23,12,,97
INV0004071,2025-08-01,NS012,P0024,106,23,52,135
INV0003660,2025-07-01,NS015,P0033,48,9,38,77
INV0000008,2025-01-01,NS001,P0020,96,35,74,135
INV0005268,2025-11-01,NS001,P0010,196,186,41,51
INV0001854,2025-04-01,NS008,P0040,169,109,29,89
INV0001920,2025-04-01,NS010,P0044,134,102,8,40
INV0005920,2025-12-01,NS005,P0050,117,51,28,94
INV0000616,2025-02-01,NS003,P0018,161,22,61,200
INV0005362,2025-11-01,NS004,P0022,145,5,87,227
INV0004520,2025-09-01,NS010,P0047,62,2,,125
INV0004767,2025-10-01,NS002,P0007,157,93,38,102
INV0001138,2025-03-01,NS003,P0037,145,96,60,109
INV0000578,2025-02-01,NS002,P0016,145,129,47,63
INV0002028,2025-04-01,NS013,P0038,153,139,53,67
INV0000904,2025-02-01,NS011,P0015,55,20,93,128
INV0000332,2025-01-01,NS010,P0031,172,166,48,54
INV0001800,2025-04-01,NS007,P0041,43,33,,17
INV0000762,2025-02-01,NS007,P0029,179,169,66,76
INV0003141,2025-06-01,NS015,P0029,70,33,40,77
INV0006029,2025-12-01,NS008,P0033,133,26,51,158
INV0000193,2025-01-01,NS006,P0023,169,44,68,193
INV0004451,2025-09-01,NS008,P0009,37,31,51,57
INV0002324,2025-05-01,NS007,P0006,63,37,66,92
INV0000448,2025-01-01,NS013,P0036,100,82,100,118
INV0004108,2025-08-01,NS013,P0029,57,2,22,77
INV0003465,2025-07-01,NS009,P0043,176,23,19,172
INV0005447,2025-11-01,NS006,P0003,28,22,50,56
INV0006030,2025-12-01,NS008,P0017,88,47,34,75
INV0002010,2025-04-01,NS013,P0030,22,14,39,47
INV0003291,2025-07-01,NS005,P0046,57,18,21,60
INV0005063,2025-10-01,NS010,P0006,112,91,63,84
INV0002583,2025-05-01,NS014,P0041,127,22,51,156
INV0004607,2025-09-01,NS012,P0039,53,17,,87
INV0004523,2025-09-01,NS010,P0022,57,2,91,146
INV0002789,2025-06-01,NS005,P0007,21,3,20,38
INV0003509,2025-07-01,NS011,P0029,198,53,71,216
INV0005822,2025-12-01,NS002,P0029,185,175,,40
INV0002252,2025-05-01,NS005,P0007,146,43,7,110
INV0002140,2025-05-01,NS002,P0007,198,158,71,111
INV0000306,2025-01-01,NS009,P0044,151,119,94,126
INV0005408,2025-11-01,NS005,P0048,77,26,63,114
INV0004127,2025-08-01,NS013,P0027,35,19,95,111
INV0004409,2025-09-01,NS006,P0025,95,25,91,161
INV0002667,2025-06-01,NS002,P0022,41,2,71,110
INV0004392,2025-09-01,NS006,P0003,105,97,81,89
INV0003435,2025-07-01,NS009,P0047,127,108,76,95
INV0000886,2025-02-01,NS011,P0013,128,61,10,77
INV0005563,2025-11-01,NS009,P0031,68,55,30,43
INV0005783,2025-12-01,NS001,P0028,145,88,50,107
INV0005569,2025-11-01,NS010,P0046,28,21,,14
INV0001276,2025-03-01,NS007,P0021,81,14,,93
INV0006119,2025-12-01,NS010,P0006,175,143,30,62
INV0000643,2025-02-01,NS004,P0017,151,90,100,161
INV0004172,2025-08-01,NS015,P0013,188,152,57,93
INV0001088,2025-03-01,NS002,P0027,174,55,73,192
INV0003504,2025-07-01,NS011,P0017,80,63,59,76
INV0001727,2025-04-01,NS005,P0004,95,31,83,147
INV0000336,2025-01-01,NS010,P0020,40,31,90,99
INV0001548,2025-03-01,NS015,P0034,143,96,63,110
INV0002777,2025-06-01,NS005,P0050,74,7,39,106
INV0002128,2025-05-01,NS001,P0022,69,55,48,62
INV0000044,2025-01-01,NS002,P0020,114,76,59,97
INV0000888,2025-02-01,NS011,P0027,90,40,42,92
INV0004762,2025-10-01,NS002,P0020,135,70,88,153
INV0001872,2025-04-01,NS009,P0042,162,2,65,225
INV0003560,2025-07-01,NS012,P0045,147,27,97,217
INV0000798,2025-02-01,NS008,P0001,52,9,26,69
INV0003476,2025-07-01,NS010,P0015,35,8,2,29
INV0003229,2025-07-01,NS003,P0034,29,2,77,104
INV0000308,2025-01-01,NS009,P0017,175,128,,134
INV0005625,2025-11-01,NS011,P0025,25,20,41,46
INV0005474,2025-11-01,NS007,P0013,149,9,41,181
INV0002046,2025-04-01,NS014,P0040,134,59,86,161
INV0005356,2025-11-01,NS004,P0049,29,14,2,17
INV0000117,2025-01-01,NS004,P0013,172,159,42,55
INV0002561,2025-05-01,NS014,P0048,151,27,57,181
INV0004758,2025-10-01,NS001,P0007,70,14,65,121
INV0005978,2025-12-01,NS006,P0001,158,8,41,191
INV0003348,2025-07-01,NS006,P0013,49,15,54,88
INV0000755,2025-02-01,NS007,P0048,85,47,58,96
INV0002771,2025-06-01,NS005,P0035,169,131,97,135
INV0003429,2025-07-01,NS008,P0004,24,10,70,84
INV0002721,2025-06-01,NS003,P0033,85,5,7,87
INV0001633,2025-04-01,NS002,P0044,57,6,32,83
INV0005545,2025-11-01,NS009,P0017,189,165,79,103
INV0001125,2025-03-01,NS003,P0048,178,137,91,132
INV0005931,2025-12-01,NS005,P0014,152,97,14,69
INV0002423,2025-05-01,NS010,P0011,115,30,69,154
INV0005536,2025-11-01,NS009,P0014,99,36,96,159
INV0002712,2025-06-01,NS003,P0034,175,45,46,176
INV0003982,2025-08-01,NS009,P0011,130,99,38,69
INV0003911,2025-08-01,NS007,P0038,29,24,31,36
INV0002781,2025-06-01,NS005,P0038,114,49,75,140
INV0005100,2025-10-01,NS011,P0035,21,6,83,98
INV0000919,2025-02-01,NS012,P0018,151,31,63,183
INV0002100,2025-04-01,NS015,P0027,33,4,19,48
INV0005364,2025-11-01,NS004,P0037,170,76,81,175
INV0005402,2025-11-01,NS005,P0029,132,71,96,157
INV0003371,2025-07-01,NS007,P0028,20,5,46,61
INV0001812,2025-04-01,NS007,P0030,156,134,8,30
INV0000317,2025-01-01,NS010,P0028,79,29,,103
INV0003686,2025-08-01,NS001,P0045,150,101,95,144
INV0004043,2025-08-01,NS011,P0048,116,70,5,51
INV0000642,2025-02-01,NS004,P0003,71,7,95,159
INV0005348,2025-11-01,NS003,P0003,123,116,40,47
INV0001627,2025-04-01,NS002,P0039,183,155,63,91
INV0001418,2025-03-01,NS011,P0048,107,34,12,85
INV0000968,2025-02-01,NS013,P0045,171,85,4,90
INV0001372,2025-03-01,NS010,P0020,177,118,19,78
INV0006018,2025-12-01,NS007,P0006,105,54,82,133
INV0002957,2025-06-01,NS010,P0038,111,82,58,87
INV0000314,2025-01-01,NS009,P0036,112,28,4,88
INV0001141,2025-03-01,NS003,P0031,121,39,70,152
INV0002234,2025-05-01,NS004,P0020,148,23,27,152
INV0005106,2025-10-01,NS011,P0017,135,113,97,119
INV0004144,2025-08-01,NS014,P0023,152,18,20,154
INV0004090,2025-08-01,NS012,P0049,138,31,29,136
INV0001673,2025-04-01,NS003,P0041,32,20,16,28
INV0003961,2025-08-01,NS009,P0043,175,106,41,110
INV0005060,2025-10-01,NS010,P0004,165,126,96,135
INV0001212,2025-03-01,NS005,P0026,28,4,38,62
INV0003751,2025-08-01,NS003,P0036,105,32,59,132
INV0003880,2025-08-01,NS006,P0011,89,49,59,99
INV0005530,2025-11-01,NS008,P0024,70,39,26,57
INV0000753,2025-02-01,NS007,P0013,102,15,6,93
INV0002662,2025-06-01,NS002,P0023,152,125,80,107
INV0002977,2025-06-01,NS011,P0025,138,97,71,112
INV0005939,2025-12-01,NS005,P0003,85,17,63,131
INV0000437,2025-01-01,NS013,P0029,71,43,94,122
INV0005158,2025-10-01,NS013,P0019,102,13,14,103
INV0001635,2025-04-01,NS002,P0045,153,16,54,191
INV0006157,2025-12-01,NS011,P0007,38,29,49,58
INV0003470,2025-07-01,NS010,P0036,90,16,66,140
INV0005582,2025-11-01,NS010,P0032,174,116,13,71
INV0001866,2025-04-01,NS009,P0013,70,50,20,40
INV0000263,2025-01-01,NS008,P0048,200,44,87,243
INV0000851,2025-02-01,NS010,P0024,147,45,54,156
INV0006137,2025-12-01,NS011,P0030,64,28,28,64
INV0003593,2025-07-01,NS013,P0021,25,0,8,33
INV0005369,2025-11-01,NS004,P0007,116,15,45,146
INV0005635,2025-11-01,NS011,P0038,128,88,,105
INV0000203,2025-01-01,NS006,P0008,169,96,89,162
INV0004881,2025-10-01,NS005,P0004,177,105,30,102
INV0005160,2025-10-01,NS013,P0035,187,178,21,30
INV0003177,2025-07-01,NS001,P0001,83,42,93,134
INV0002212,2025-05-01,NS004,P0014,28,15,26,39
INV0001340,2025-03-01,NS009,P0032,197,91,27,133
INV0003949,2025-08-01,NS008,P0024,170,84,87,173
INV0000799,2025-02-01,NS008,P0022,142,126,74,90
INV0003119,2025-06-01,NS015,P0024,68,6,56,118
INV0006037,2025-12-01,NS008,P0042,56,30,69,95
INV0001260,2025-03-01,NS006,P0024,144,108,2,38
INV0004590,2025-09-01,NS012,P0033,89,62,,93
INV0000984,2025-02-01,NS014,P0019,107,70,60,97
INV0001830,2025-04-01,NS008,P0017,141,124,20,37
INV0003165,2025-07-01,NS001,P0043,87,76,94,105
INV0006222,2025-12-01,NS013,P0036,159,29,,201
INV0002624,2025-05-01,NS015,P0022,188,109,11,90
INV0001714,2025-04-01,NS004,P0031,98,71,57,84
INV0001713,2025-04-01,NS004,P0049,72,9,34,97
INV0002201,2025-05-01,NS003,P0042,152,6,2,148
INV0001507,2025-03-01,NS014,P0022,182,117,28,93
INV0001746,2025-04-01,NS005,P0005,179,85,61,155
INV0004610,2025-09-01,NS012,P0036,124,29,0,95
INV0003231,2025-07-01,NS003,P0041,188,24,73,237
INV0005490,2025-11-01,NS007,P0024,130,56,38,112
INV0006276,2025-12-01,NS015,P0019,79,45,79,113
INV0003410,2025-07-01,NS008,P0001,119,41,61,139
INV0003711,2025-08-01,NS002,P0002,40,27,38,51
INV0004804,2025-10-01,NS003,P0013,187,2,8,193
INV0005838,2025-12-01,NS002,P0027,164,73,52,143
INV0005986,2025-12-01,NS007,P0035,136,49,43,130
INV0003199,2025-07-01,NS002,P0040,32,8,80,104
INV0006279,2025-12-01,NS015,P0045,66,45,54,75
INV0005880,2025-12-01,NS003,P0017,110,66,98,142
INV0004629,2025-09-01,NS013,P0027,84,26,18,76
INV0004822,2025-10-01,NS003,P0031,48,20,16,44
INV0002512,2025-05-01,NS012,P0045,36,14,100,122
INV0003232,2025-07-01,NS003,P0033,129,114,,110
INV0003419,2025-07-01,NS008,P0032,189,142,9,56
INV0000941,2025-02-01,NS012,P0007,51,28,65,88
INV0001896,2025-04-01,NS010,P0007,155,125,27,57
INV0005318,2025-11-01,NS002,P0008,127,33,8,102
INV0001106,2025-03-01,NS002,P0010,144,99,51,96
INV0003426,2025-07-01,NS008,P0030,45,12,,93
INV0001225,2025-03-01,NS005,P0013,84,71,68,81
INV0004283,2025-09-01,NS003,P0034,21,0,62,83
INV0005093,2025-10-01,NS011,P0005,92,77,35,50
INV0004252,2025-09-01,NS002,P0007,189,13,94,270
INV0001607,2025-04-01,NS001,P0039,37,16,46,67
INV0003914,2025-08-01,NS007,P0032,59,33,73,99
INV0004729,2025-10-01,NS001,P0012,32,8,97,121
INV0005873,2025-12-01,NS003,P0042,193,11,50,232
INV0001535,2025-03-01,NS014,P0015,86,16,18,88
INV0003114,2025-06-01,NS014,P0026,52,21,71,102
INV0002296,2025-05-01,NS006,P0005,173,123,0,50
INV0006032,2025-12-01,NS008,P0043,65,48,43,60
INV0005003,2025-10-01,NS008,P0045,187,116,80,151
INV0002065,2025-04-01,NS014,P0044,176,168,23,31
INV0003024,2025-06-01,NS012,P0008,20,15,67,72
INV0001481,2025-03-01,NS013,P0039,138,96,20,62
INV0005903,2025-12-01,NS004,P0050,162,33,57,186
INV0001091,2025-03-01,NS002,P0035,181,126,61,116
INV0002082,2025-04-01,NS015,P0043,105,3,46,148
INV0004695,2025-09-01,NS015,P0003,50,25,62,87
INV0003128,2025-06-01,NS015,P0009,144,84,66,126
INV0005801,2025-12-01,NS001,P0021,191,102,95,184
INV0005266,2025-11-01,NS001,P0020,37,19,1,19
INV0005224,2025-10-01,NS015,P0039,96,44,51,103
INV0001991,2025-04-01,NS012,P0027,136,87,3,52
INV0005149,2025-10-01,NS013,P0034,33,10,89,112
INV0003990,2025-08-01,NS009,P0028,76,71,11,16
INV0004510,2025-09-01,NS009,P0018,105,59,76,122
INV0001926,2025-04-01,NS011,P0037,125,95,0,30
INV0002942,2025-06-01,NS010,P0023,90,54,23,59
INV0005045,2025-10-01,NS010,P0040,117,105,,15
INV0003964,2025-08-01,NS009,P0008,135,124,24,35
INV0002207,2025-05-01,NS004,P0021,183,137,18,64
INV0002611,2025-05-01,NS015,P0012,159,107,84,136
INV0000561,2025-02-01,NS002,P0011,22,5,32,49
INV0005497,2025-11-01,NS008,P0031,197,27,75,245
INV0005576,2025-11-01,NS010,P0049,29,15,61,75
INV0005814,2025-12-01,NS002,P0014,67,40,2,29
INV0004725,2025-09-01,NS015,P0042,166,123,81,124
INV0005383,2025-11-01,NS004,P0017,178,101,32,109
INV0001201,2025-03-01,NS005,P0036,178,8,93,263
INV0003546,2025-07-01,NS012,P0046,112,39,65,138
INV0006274,2025-12-01,NS015,P0048,172,54,82,200
INV0004939,2025-10-01,NS007,P0026,61,21,32,72
INV0004512,2025-09-01,NS009,P0028,113,4,24,133
INV0002056,2025-04-01,NS014,P0019,92,6,13,99
INV0005482,2025-11-01,NS007,P0007,110,6,6,110
INV0001023,2025-02-01,NS015,P0015,134,83,15,66
INV0003447,2025-07-01,NS009,P0036,55,24,57,88
INV0004436,2025-09-01,NS007,P0034,34,10,35,59
INV0001702,2025-04-01,NS004,P0028,100,21,29,108
INV0003633,2025-07-01,NS014,P0016,70,54,78,94
INV0001190,2025-03-01,NS004,P0033,141,85,45,101
INV0003233,2025-07-01,NS003,P0008,140,3,28,165
INV0005007,2025-10-01,NS009,P0023,171,142,,90
INV0006256,2025-12-01,NS014,P0039,155,132,83,106
INV0004545,2025-09-01,NS010,P0035,77,58,19,38
INV0001301,2025-03-01,NS008,P0035,75,40,6,41
INV0004021,2025-08-01,NS010,P0030,64,30,98,132
INV0003978,2025-08-01,NS009,P0007,175,124,38,89
INV0000924,2025-02-01,NS012,P0005,40,32,61,69
INV0001658,2025-04-01,NS003,P0027,134,91,84,127
INV0001421,2025-03-01,NS011,P0050,175,99,19,95
INV0000249,2025-01-01,NS008,P0038,21,0,73,94
INV0001657,2025-04-01,NS003,P0007,56,47,46,55
INV0000558,2025-02-01,NS001,P0045,173,39,64,198
INV0001833,2025-04-01,NS008,P0016,92,29,,63
INV0001909,2025-04-01,NS010,P0047,139,54,41,126
INV0000915,2025-02-01,NS012,P0048,66,51,,56
INV0005305,2025-11-01,NS002,P0041,143,18,5,130
INV0002012,2025-04-01,NS013,P0018,34,3,78,109
INV0004615,2025-09-01,NS012,P0009,91,21,8,78
INV0003705,2025-08-01,NS001,P0010,189,3,,244
INV0004816,2025-10-01,NS003,P0050,47,28,57,76
INV0005396,2025-11-01,NS005,P0031,149,46,79,182
INV0003152,2025-07-01,NS001,P0032,157,134,47,70
INV0000730,2025-02-01,NS006,P0005,84,63,13,34
INV0000635,2025-02-01,NS004,P0039,171,33,83,221
INV0001778,2025-04-01,NS006,P0045,156,59,,179
INV0002533,2025-05-01,NS013,P0001,63,4,36,95
INV0001906,2025-04-01,NS010,P0031,70,64,30,36
INV0005338,2025-11-01,NS003,P0019,62,27,77,112
INV0003526,2025-07-01,NS011,P0035,133,123,92,102
INV0006179,2025-12-01,NS012,P0043,30,19,88,99
INV0005253,2025-11-01,NS001,P0041,132,28,19,123
INV0001781,2025-04-01,NS006,P0028,139,71,0,68
INV0001561,2025-03-01,NS015,P0030,69,21,,122
INV0004384,2025-09-01,NS006,P0042,99,63,34,70
INV0006191,2025-12-01,NS012,P0010,148,6,15,157
INV0001952,2025-04-01,NS011,P0008,159,124,50,85
INV0001363,2025-03-01,NS009,P0036,62,29,89,122
INV0005046,2025-10-01,NS010,P0043,57,52,100,105
INV0002631,2025-06-01,NS001,P0021,151,73,97,175
INV0000439,2025-01-01,NS013,P0017,69,1,68,136
INV0000825,2025-02-01,NS009,P0021,93,36,44,101
INV0000619,2025-02-01,NS003,P0050,176,88,14,102
INV0004472,2025-09-01,NS008,P0012,62,29,,63
INV0001263,2025-03-01,NS007,P0037,127,2,99,224
INV0003715,2025-08-01,NS002,P0033,121,10,15,126
INV0005995,2025-12-01,NS007,P0022,142,17,52,177
INV0003193,2025-07-01,NS002,P0022,38,4,14,48
INV0001928,2025-04-01,NS011,P0048,118,111,49,56
INV0004107,2025-08-01,NS013,P0025,191,41,55,205
INV0001119,2025-03-01,NS002,P0014,34,12,97,119
INV0002706,2025-06-01,NS003,P0018,111,0,86,197
INV0001653,2025-04-01,NS003,P0033,101,67,,46
INV0000284,2025-01-01,NS009,P0026,85,20,20,85
INV0003851,2025-08-01,NS006,P0029,166,125,64,105
INV0005649,2025-11-01,NS012,P0041,59,50,88,97
INV0003486,2025-07-01,NS010,P0032,131,6,12,137
INV0004669,2025-09-01,NS014,P0013,151,22,98,227
INV0000802,2025-02-01,NS008,P0010,85,75,45,55
INV0005189,2025-10-01,NS014,P0034,166,86,49,129
INV0005228,2025-10-01,NS015,P0008,49,27,36,58
INV0003406,2025-07-01,NS008,P0020,108,89,99,118
INV0002232,2025-05-01,NS004,P0029,66,50,35,51
INV0005031,2025-10-01,NS009,P0035,131,54,86,163
INV0005645,2025-11-01,NS012,P0002,54,20,42,76
INV0000648,2025-02-01,NS004,P0009,32,27,26,31
INV0004634,2025-09-01,NS013,P0003,148,136,80,92
INV0005496,2025-11-01,NS008,P0016,168,70,99,197
INV0005181,2025-10-01,NS014,P0016,94,74,5,25
INV0000355,2025-01-01,NS011,P0005,64,30,30,64
INV0006141,2025-12-01,NS011,P0001,21,8,75,88
INV0003105,2025-06-01,NS014,P0004,103,57,74,120
INV0003821,2025-08-01,NS005,P0007,45,19,,117
INV0004643,2025-09-01,NS013,P0004,134,109,76,101
INV0001429,2025-03-01,NS011,P0023,59,33,88,114
INV0004789,2025-10-01,NS002,P0038,152,49,9,112
INV0003363,2025-07-01,NS007,P0007,123,67,91,147
INV0003867,2025-08-01,NS006,P0043,107,3,83,187
INV0000164,2025-01-01,NS005,P0050,122,17,76,181
INV0003036,2025-06-01,NS012,P0046,162,92,85,155
INV0005460,2025-11-01,NS006,P0049,86,45,68,109
INV0003414,2025-07-01,NS008,P0027,63,27,64,100
INV0000887,2025-02-01,NS011,P0040,101,31,95,165
INV0000156,2025-01-01,NS005,P0014,31,5,87,113
INV0002752,2025-06-01,NS004,P0031,45,3,20,62
INV0000938,2025-02-01,NS012,P0026,117,7,95,205
INV0003015,2025-06-01,NS012,P0011,84,36,72,120
INV0004654,2025-09-01,NS013,P0034,39,20,37,56
INV0001628,2025-04-01,NS002,P0004,117,33,6,90
INV0002139,2025-05-01,NS002,P0040,93,11,40,122
INV0000508,2025-01-01,NS015,P0030,26,1,23,48
INV0003756,2025-08-01,NS003,P0049,147,9,45,183
INV0001187,2025-03-01,NS004,P0025,26,12,56,70
INV0001390,2025-03-01,NS010,P0031,127,34,80,173
INV0005101,2025-10-01,NS011,P0015,116,85,31,62
INV0002727,2025-06-01,NS003,P0010,44,3,81,122
INV0000663,2025-02-01,NS004,P0022,54,13,22,63
INV0002546,2025-05-01,NS013,P0011,126,61,66,131
INV0003168,2025-07-01,NS001,P0030,174,42,24,156
INV0000365,2025-01-01,NS011,P0039,34,4,71,101
INV0003333,2025-07-01,NS006,P0030,25,2,,100
INV0000768,2025-02-01,NS007,P0034,50,28,44,66
INV0005215,2025-10-01,NS014,P0010,27,12,,39
INV0004397,2025-09-01,NS006,P0013,32,7,29,54
INV0001584,2025-04-01,NS001,P0003,185,142,18,61
INV0003222,2025-07-01,NS003,P0015,190,124,0,66
INV0000931,2025-02-01,NS012,P0004,117,99,,40
INV0001579,2025-04-01,NS001,P0015,85,60,79,104
INV0001874,2025-04-01,NS009,P0004,66,49,25,42
INV0005676,2025-11-01,NS013,P0047,72,45,72,99
INV0003730,2025-08-01,NS002,P0029,78,16,58,120
INV0001476,2025-03-01,NS013,P0011,133,81,11,63
INV0002728,2025-06-01,NS003,P0017,33,21,22,34
INV0001651,2025-04-01,NS003,P0011,183,115,65,133
INV0001667,2025-04-01,NS003,P0018,136,87,93,142
INV0004076,2025-08-01,NS012,P0021,174,30,39,183
INV0004676,2025-09-01,NS014,P0044,21,6,9,24
INV0000510,2025-01-01,NS015,P0003,133,106,83,110
INV0005877,2025-12-01,NS003,P0008,88,30,38,96
INV0004660,2025-09-01,NS014,P0006,141,4,90,227
INV0001770,2025-04-01,NS006,P0003,49,6,51,94
INV0001652,2025-04-01,NS003,P0005,151,23,84,212
INV0001555,2025-03-01,NS015,P0041,50,23,88,115
INV0004855,2025-10-01,NS004,P0037,22,5,9,26
INV0002157,2025-05-01,NS002,P0048,118,87,20,51
INV0003578,2025-07-01,NS013,P0011,84,47,81,118
INV0004350,2025-09-01,NS005,P0030,25,18,30,37
INV0000506,2025-01-01,NS015,P0037,40,1,10,49
INV0003468,2025-07-01,NS010,P0003,147,124,2,25
INV0000324,2025-01-01,NS010,P0001,94,52,30,72
INV0005963,2025-12-01,NS006,P0007,179,126,36,89
INV0000013,2025-01-01,NS001,P0021,72,65,96,103
INV0005153,2025-10-01,NS013,P0043,82,0,78,160
INV0003172,2025-07-01,NS001,P0027,139,53,9,95
INV0005925,2025-12-01,NS005,P0031,91,3,8,96
INV0005526,2025-11-01,NS008,P0037,127,108,43,62
INV0003418,2025-07-01,NS008,P0041,120,42,56,134
INV0002129,2025-05-01,NS001,P0048,105,24,82,163
INV0001387,2025-03-01,NS010,P0025,150,110,74,114
INV0004074,2025-08-01,NS012,P0023,189,38,88,239
INV0006212,2025-12-01,NS013,P0019,102,61,9,50
INV0005711,2025-11-01,NS014,P0025,141,62,77,156
INV0001080,2025-03-01,NS001,P0030,61,55,80,86
INV0000837,2025-02-01,NS009,P0003,129,32,83,180
INV0004097,2025-08-01,NS013,P0007,82,41,81,122
INV0006117,2025-12-01,NS010,P0011,175,94,,127
INV0004974,2025-10-01,NS008,P0008,28,12,40,56
INV0000432,2025-01-01,NS013,P0032,139,86,16,69
INV0000862,2025-02-01,NS010,P0006,116,8,68,176
INV0006213,2025-12-01,NS013,P0042,198,23,2,177
INV0004633,2025-09-01,NS013,P0040,33,25,74,82
INV0001472,2025-03-01,NS013,P0037,105,76,45,74
INV0005537,2025-11-01,NS009,P0021,174,49,58,183
INV0005271,2025-11-01,NS001,P0040,121,80,33,74
INV0001128,2025-03-01,NS003,P0032,146,137,100,109
INV0002964,2025-06-01,NS010,P0006,20,15,,97
INV0005004,2025-10-01,NS008,P0020,41,13,91,119
INV0005053,2025-10-01,NS010,P0047,112,27,1,86
INV0005725,2025-11-01,NS014,P0048,76,52,61,85
INV0000852,2025-02-01,NS010,P0012,161,33,100,228
INV0004425,2025-09-01,NS007,P0050,27,1,91,117
INV0000005,2025-01-01,NS001,P0011,103,41,35,97
INV0003047,2025-06-01,NS013,P0012,136,57,57,136
INV0003094,2025-06-01,NS014,P0036,96,3,25,118
INV0005745,2025-11-01,NS015,P0017,168,58,58,168
INV0002722,2025-06-01,NS003,P0007,138,131,17,24
INV0005467,2025-11-01,NS007,P0012,198,123,66,141
INV0005303,2025-11-01,NS002,P0016,41,12,16,45
INV0004342,2025-09-01,NS005,P0011,70,15,,71
INV0001448,2025-03-01,NS012,P0048,40,26,27,41
INV0005330,2025-11-01,NS003,P0007,156,36,25,145
INV0006050,2025-12-01,NS008,P0018,185,44,61,202
INV0004882,2025-10-01,NS005,P0012,20,10,95,105
INV0002273,2025-05-01,NS005,P0042,187,182,24,29
INV0006127,2025-12-01,NS011,P0015,59,27,81,113
INV0001384,2025-03-01,NS010,P0044,82,27,96,151
INV0001247,2025-03-01,NS006,P0040,67,49,8,26
INV0000127,2025-01-01,NS004,P0007,37,6,55,86
INV0003591,2025-07-01,NS013,P0020,20,12,57,65
INV0005223,2025-10-01,NS015,P0023,45,24,32,53
INV0002062,2025-04-01,NS014,P0024,66,15,31,82
INV0004197,2025-08-01,NS015,P0018,75,42,83,116
INV0000774,2025-02-01,NS008,P0048,72,30,82,124
INV0000180,2025-01-01,NS006,P0048,127,16,7,118
INV0001587,2025-04-01,NS001,P0026,162,19,72,215
INV0001759,2025-04-01,NS006,P0001,196,136,11,71
INV0000537,2025-02-01,NS001,P0023,90,0,,183
INV0003789,2025-08-01,NS004,P0016,116,65,93,144
INV0000890,2025-02-01,NS011,P0001,95,32,73,136
INV0004230,2025-09-01,NS001,P0048,78,60,88,106
INV0000346,2025-01-01,NS010,P0047,185,98,48,135
INV0001564,2025-03-01,NS015,P0017,127,13,39,153
INV0002976,2025-06-01,NS011,P0022,139,25,35,149
INV0000865,2025-02-01,NS010,P0007,37,20,19,36
INV0005394,2025-11-01,NS005,P0045,195,18,23,200
INV0002142,2025-05-01,NS002,P0005,130,58,88,160
INV0005551,2025-11-01,NS009,P0005,137,11,22,148
INV0004576,2025-09-01,NS011,P0019,51,34,81,98
INV0004433,2025-09-01,NS007,P0007,52,40,6,18
INV0002682,2025-06-01,NS002,P0024,85,0,14,99
INV0001796,2025-04-01,NS007,P0010,24,7,66,83
INV0001845,2025-04-01,NS008,P0032,161,29,57,189
INV0000589,2025-02-01,NS002,P0045,179,73,65,171
INV0005034,2025-10-01,NS009,P0004,191,77,94,208
INV0000224,2025-01-01,NS007,P0010,105,63,3,45
INV0001734,2025-04-01,NS005,P0035,83,13,83,153
INV0005110,2025-10-01,NS011,P0021,46,24,64,86
INV0004964,2025-10-01,NS007,P0037,72,49,98,121
INV0000894,2025-02-01,NS011,P0047,70,61,72,81
INV0004837,2025-10-01,NS004,P0032,120,94,63,89
INV0005465,2025-11-01,NS007,P0033,36,20,60,76
INV0005571,2025-11-01,NS010,P0005,56,17,36,75
INV0001018,2025-02-01,NS015,P0002,55,30,55,80
INV0005938,2025-12-01,NS005,P0049,153,104,65,114
INV0004761,2025-10-01,NS002,P0013,124,30,33,127
INV0004684,2025-09-01,NS014,P0041,40,9,75,106
INV0002607,2025-05-01,NS015,P0013,197,113,45,129
INV0001611,2025-04-01,NS002,P0021,84,5,100,179
INV0003857,2025-08-01,NS006,P0021,42,8,83,117
INV0004774,2025-10-01,NS002,P0015,122,59,84,147
INV0003912,2025-08-01,NS007,P0020,162,94,94,162
INV0006042,2025-12-01,NS008,P0014,63,41,21,43
INV0001509,2025-03-01,NS014,P0034,182,173,8,17
INV0002532,2025-05-01,NS013,P0012,98,8,28,118
INV0004923,2025-10-01,NS006,P0011,86,65,53,74
INV0000261,2025-01-01,NS008,P0040,63,53,3,13
INV0005411,2025-11-01,NS005,P0027,134,36,76,174
INV0002614,2025-05-01,NS015,P0024,163,46,66,183
INV0002786,2025-06-01,NS005,P0021,178,147,42,73
INV0004494,2025-09-01,NS009,P0044,181,19,28,190
INV0002888,2025-06-01,NS008,P0040,154,0,63,217
INV0002963,2025-06-01,NS010,P0013,111,25,94,180
INV0000103,2025-01-01,NS003,P0048,188,54,41,175
INV0004904,2025-10-01,NS006,P0016,127,98,4,33
INV0005737,2025-11-01,NS014,P0030,104,41,58,121
INV0000725,2025-02-01,NS006,P0007,117,95,62,84
INV0000363,2025-01-01,NS011,P0045,90,57,77,110
INV0005829,2025-12-01,NS002,P0033,112,2,86,196
INV0003070,2025-06-01,NS013,P0047,38,7,50,81
INV0002270,2025-05-01,NS005,P0005,141,46,99,194
INV0002033,2025-04-01,NS014,P0022,139,115,31,55
INV0003815,2025-08-01,NS004,P0019,111,55,20,76
INV0004813,2025-10-01,NS003,P0004,108,72,36,72
INV0004138,2025-08-01,NS014,P0025,56,17,63,102
INV0001613,2025-04-01,NS002,P0022,122,99,26,49
INV0004743,2025-10-01,NS001,P0038,42,14,99,127
INV0001783,2025-04-01,NS006,P0016,187,139,2,50
INV0001274,2025-03-01,NS007,P0035,119,56,56,119
INV0000726,2025-02-01,NS006,P0016,108,2,62,168
INV0000157,2025-01-01,NS005,P0042,84,1,16,99
INV0000174,2025-01-01,NS005,P0046,122,36,5,91
INV0004667,2025-09-01,NS014,P0045,196,36,35,195
INV0006085,2025-12-01,NS009,P0006,135,105,41,71
INV0001836,2025-04-01,NS008,P0002,171,145,19,45
INV0004161,2025-08-01,NS014,P0029,140,73,67,134
INV0000452,2025-01-01,NS013,P0003,50,13,46,83
INV0006267,2025-12-01,NS015,P0018,25,2,75,98
INV0002005,2025-04-01,NS013,P0016,97,90,14,21
INV0001912,2025-04-01,NS010,P0006,132,18,59,173
INV0003896,2025-08-01,NS007,P0023,115,44,28,99
INV0001016,2025-02-01,NS015,P0006,92,38,61,115
INV0001634,2025-04-01,NS002,P0009,104,36,56,124
INV0001498,2025-03-01,NS013,P0032,42,15,36,63
INV0004002,2025-08-01,NS010,P0022,98,91,66,73
INV0004950,2025-10-01,NS007,P0049,159,44,97,212
INV0006178,2025-12-01,NS012,P0039,89,13,0,76
INV0001899,2025-04-01,NS010,P0016,108,102,36,42
INV0001370,2025-03-01,NS010,P0049,161,117,83,127
INV0001399,2025-03-01,NS010,P0048,176,136,95,135
INV0005810,2025-12-01,NS001,P0010,193,124,84,153
INV0001737,2025-04-01,NS005,P0008,67,53,81,95
INV0000372,2025-01-01,NS011,P0003,70,3,81,148
INV0002435,2025-05-01,NS010,P0026,180,21,77,236
INV0000565,2025-02-01,NS002,P0013,92,53,29,68
INV0004380,2025-09-01,NS006,P0033,163,119,,69
INV0000178,2025-01-01,NS006,P0025,169,132,72,109
INV0000927,2025-02-01,NS012,P0045,139,131,39,47
INV0002367,2025-05-01,NS008,P0034,67,60,98,105
INV0006173,2025-12-01,NS012,P0033,184,21,64,227
INV0006192,2025-12-01,NS012,P0022,37,26,71,82
INV0004273,2025-09-01,NS003,P0045,184,45,,139
INV0005967,2025-12-01,NS006,P0021,50,12,80,118
INV0006040,2025-12-01,NS008,P0007,57,15,46,88
INV0000162,2025-01-01,NS005,P0022,60,36,75,99
INV0004854,2025-10-01,NS004,P0004,180,75,81,186
INV0002448,2025-05-01,NS010,P0027,130,61,94,163
INV0001230,2025-03-01,NS006,P0001,131,54,38,115
INV0005366,2025-11-01,NS004,P0020,29,24,28,33
INV0003921,2025-08-01,NS008,P0002,83,63,61,81
INV0005282,2025-11-01,NS001,P0033,94,9,32,117
INV0003063,2025-06-01,NS013,P0043,49,18,40,71
INV0006195,2025-12-01,NS012,P0013,119,94,32,57
INV0004009,2025-08-01,NS010,P0036,58,13,56,101
INV0001493,2025-03-01,NS013,P0025,153,91,95,157
INV0000622,2025-02-01,NS003,P0027,34,20,19,33
INV0005731,2025-11-01,NS014,P0027,153,27,14,140
INV0005719,2025-11-01,NS014,P0035,104,42,76,138
INV0005827,2025-12-01,NS002,P0021,83,6,67,144
INV0004196,2025-08-01,NS015,P0047,113,81,79,111
INV0000196,2025-01-01,NS006,P0031,192,149,58,101
INV0001374,2025-03-01,NS010,P0041,33,4,0,29
INV0001158,2025-03-01,NS004,P0049,41,15,95,121
INV0002822,2025-06-01,NS006,P0046,163,156,96,103
INV0003804,2025-08-01,NS004,P0021,55,6,90,139
INV0001102,2025-03-01,NS002,P0032,128,41,89,176
INV0003086,2025-06-01,NS014,P0006,145,52,44,137
INV0002730,2025-06-01,NS003,P0042,197,24,53,226
INV0005961,2025-12-01,NS006,P0045,123,37,62,148
INV0000219,2025-01-01,NS007,P0016,29,2,97,124
INV0001395,2025-03-01,NS010,P0043,67,34,20,53
INV0006152,2025-12-01,NS011,P0016,100,53,71,118
INV0004244,2025-09-01,NS002,P0009,79,41,26,64
INV0005935,2025-12-01,NS005,P0045,166,41,7,132
INV0004317,2025-09-01,NS004,P0003,44,5,7,46
INV0004593,2025-09-01,NS012,P0029,190,86,88,192
INV0002665,2025-06-01,NS002,P0018,84,52,95,127
INV0000507,2025-01-01,NS015,P0049,188,42,74,220
INV0002363,2025-05-01,NS008,P0040,59,33,95,121
INV0006160,2025-12-01,NS011,P0028,82,46,22,58
INV0005131,2025-10-01,NS012,P0015,162,77,5,90
INV0001153,2025-03-01,NS003,P0018,164,5,20,179
INV0003254,2025-07-01,NS003,P0023,111,21,42,132
INV0002186,2025-05-01,NS003,P0045,46,6,61,101
INV0003016,2025-06-01,NS012,P0007,159,17,92,234
INV0002844,2025-06-01,NS007,P0002,179,127,58,110
INV0000660,2025-02-01,NS004,P0028,165,142,32,55
INV0000528,2025-02-01,NS001,P0036,143,11,92,224
INV0002334,2025-05-01,NS007,P0020,54,13,46,87
INV0005668,2025-11-01,NS012,P0036,115,37,62,140
INV0000525,2025-01-01,NS015,P0047,192,180,100,112
INV0001610,2025-04-01,NS001,P0017,121,106,72,87
INV0005448,2025-11-01,NS006,P0028,107,21,21,107
INV0004154,2025-08-01,NS014,P0002,163,91,87,159
INV0001277,2025-03-01,NS007,P0015,192,174,81,99
INV0000720,2025-02-01,NS006,P0031,23,4,76,95
INV0004496,2025-09-01,NS009,P0046,122,28,73,167
INV0003845,2025-08-01,NS005,P0022,34,2,30,62
INV0000577,2025-02-01,NS002,P0039,131,19,30,142
INV0000251,2025-01-01,NS008,P0034,97,67,10,40
INV0001838,2025-04-01,NS008,P0011,122,85,94,131
INV0000794,2025-02-01,NS008,P0031,123,51,52,124
INV0000232,2025-01-01,NS007,P0041,196,145,77,128
INV0005508,2025-11-01,NS008,P0010,162,126,92,128
INV0004799,2025-10-01,NS003,P0038,178,99,63,142
INV0004018,2025-08-01,NS010,P0012,45,27,70,88
INV0004165,2025-08-01,NS014,P0017,188,141,82,129
INV0005605,2025-11-01,NS011,P0042,119,84,33,68
INV0005331,2025-11-01,NS003,P0036,46,40,37,43
INV0001234,2025-03-01,NS006,P0049,99,11,92,180
INV0005513,2025-11-01,NS008,P0030,29,6,81,104
INV0003424,2025-07-01,NS008,P0028,51,21,31,61
INV0004521,2025-09-01,NS010,P0015,182,79,96,199
INV0000443,2025-01-01,NS013,P0038,109,26,5,88
INV0003892,2025-08-01,NS007,P0040,58,12,15,61
INV0002596,2025-05-01,NS015,P0044,188,30,41,199
INV0003588,2025-07-01,NS013,P0048,173,111,52,114
INV0003667,2025-07-01,NS015,P0037,195,28,78,245
INV0005772,2025-11-01,NS015,P0046,95,12,21,104
INV0002385,2025-05-01,NS009,P0021,80,57,1,24
INV0002302,2025-05-01,NS006,P0038,156,85,28,99
INV0000352,2025-01-01,NS011,P0049,172,41,85,216
INV0002016,2025-04-01,NS013,P0047,64,56,70,78
INV0004707,2025-09-01,NS015,P0021,198,134,19,83
INV0001111,2025-03-01,NS002,P0025,76,24,51,103
INV0005249,2025-10-01,NS015,P0028,51,3,59,107
INV0005325,2025-11-01,NS003,P0032,138,91,8,55
INV0004488,2025-09-01,NS009,P0003,111,25,55,141
INV0000685,2025-02-01,NS005,P0030,124,89,64,99
INV0000369,2025-01-01,NS011,P0012,110,86,22,46
INV0005171,2025-10-01,NS013,P0033,39,14,45,70
INV0004770,2025-10-01,NS002,P0021,47,20,70,97
INV0002495,2025-05-01,NS012,P0040,118,106,54,66
INV0001870,2025-04-01,NS009,P0002,83,56,26,53
INV0005373,2025-11-01,NS004,P0043,73,56,99,116
INV0001238,2025-03-01,NS006,P0003,125,17,15,123
INV0000573,2025-02-01,NS002,P0008,171,166,2,7
INV0003521,2025-07-01,NS011,P0021,117,48,64,133
INV0001031,2025-02-01,NS015,P0022,142,38,100,204
INV0001438,2025-03-01,NS012,P0007,88,27,40,101
INV0005964,2025-12-01,NS006,P0044,56,44,90,102
INV0004121,2025-08-01,NS013,P0008,54,42,33,45
INV0006163,2025-12-01,NS012,P0019,84,32,50,102
INV0002779,2025-06-01,NS005,P0005,52,22,93,123
INV0005096,2025-10-01,NS011,P0028,171,54,35,152
INV0000590,2025-02-01,NS002,P0003,82,19,66,129
INV0004399,2025-09-01,NS006,P0002,171,28,17,160
INV0005226,2025-10-01,NS015,P0005,56,3,5,58
INV0005900,2025-12-01,NS004,P0042,131,10,78,199
INV0005830,2025-12-01,NS002,P0045,33,3,87,117
INV0004579,2025-09-01,NS011,P0037,142,29,81,194
INV0000229,2025-01-01,NS007,P0036,89,42,59,106
INV0004347,2025-09-01,NS005,P0015,22,5,53,70
INV0004268,2025-09-01,NS002,P0016,183,90,5,98
INV0002017,2025-04-01,NS013,P0028,60,48,40,52
INV0000900,2025-02-01,NS011,P0048,160,93,55,122
INV0001059,2025-03-01,NS001,P0014,70,41,65,94
INV0000811,2025-02-01,NS009,P0011,129,119,54,64
INV0003909,2025-08-01,NS007,P0006,127,75,27,79
INV0004817,2025-10-01,NS003,P0035,197,106,58,149
INV0000928,2025-02-01,NS012,P0039,58,24,40,74
INV0000722,2025-02-01,NS006,P0039,157,35,17,139
INV0005124,2025-10-01,NS012,P0028,197,146,31,82
INV0004051,2025-08-01,NS011,P0043,34,0,0,34
INV0003448,2025-07-01,NS009,P0024,56,27,75,104
INV0004377,2025-09-01,NS006,P0012,150,46,28,132
INV0003850,2025-08-01,NS005,P0047,53,10,92,135
INV0003088,2025-06-01,NS014,P0042,147,18,79,208
INV0000639,2025-02-01,NS004,P0015,168,158,10,20
INV0000534,2025-02-01,NS001,P0004,109,17,57,149
INV0000517,2025-01-01,NS015,P0027,54,35,44,63
INV0000142,2025-01-01,NS005,P0043,177,77,27,127
INV0005670,2025-11-01,NS012,P0046,30,11,61,80
INV0001022,2025-02-01,NS015,P0050,163,59,98,202
INV0002514,2025-05-01,NS012,P0020,54,26,55,83
INV0000209,2025-01-01,NS006,P0043,188,169,78,97
INV0005471,2025-11-01,NS007,P0035,145,103,40,82
INV0002173,2025-05-01,NS003,P0048,74,48,19,45
INV0006091,2025-12-01,NS010,P0005,178,108,90,160
INV0005430,2025-11-01,NS006,P0010,71,30,69,110
INV0001894,2025-04-01,NS010,P0048,98,82,14,30
INV0001562,2025-03-01,NS015,P0049,165,6,24,183
INV0002689,2025-06-01,NS002,P0020,153,23,24,154
INV0003938,2025-08-01,NS008,P0040,25,13,60,72
INV0004180,2025-08-01,NS015,P0008,26,18,18,26
INV0000661,2025-02-01,NS004,P0029,107,46,44,105
INV0004870,2025-10-01,NS005,P0021,95,3,2,94
INV0005613,2025-11-01,NS011,P0003,170,131,28,67
INV0004003,2025-08-01,NS010,P0044,23,10,62,75
INV0005687,2025-11-01,NS013,P0035,65,12,51,104
INV0004045,2025-08-01,NS011,P0021,63,26,40,77
INV0001266,2025-03-01,NS007,P0030,61,29,,99
INV0002398,2025-05-01,NS009,P0010,62,14,49,97
INV0004286,2025-09-01,NS003,P0001,185,165,15,35
INV0005346,2025-11-01,NS003,P0045,186,61,77,202
INV0006251,2025-12-01,NS014,P0037,149,44,,106
INV0003372,2025-07-01,NS007,P0050,59,35,34,58
INV0002425,2025-05-01,NS010,P0019,65,19,3,49
INV0000677,2025-02-01,NS005,P0027,75,60,17,32
INV0000560,2025-02-01,NS001,P0024,153,12,19,160
INV0002190,2025-05-01,NS003,P0011,121,59,45,107
INV0000247,2025-01-01,NS008,P0008,185,36,19,168
INV0004267,2025-09-01,NS002,P0004,168,95,0,73
INV0001531,2025-03-01,NS014,P0005,27,15,35,47
INV0003056,2025-06-01,NS013,P0008,61,15,,83
INV0000438,2025-01-01,NS013,P0010,126,121,9,14
INV0001147,2025-03-01,NS003,P0011,59,36,34,57
INV0005313,2025-11-01,NS002,P0022,36,8,74,102
INV0005840,2025-12-01,NS002,P0007,155,146,54,63
INV0004367,2025-09-01,NS005,P0050,56,1,53,108
INV0001619,2025-04-01,NS002,P0043,42,21,11,32
INV0004673,2025-09-01,NS014,P0026,111,17,30,124
INV0001156,2025-03-01,NS004,P0006,43,8,65,100
INV0001878,2025-04-01,NS009,P0001,127,47,37,117
INV0003472,2025-07-01,NS010,P0026,156,61,11,106
INV0001331,2025-03-01,NS009,P0038,45,0,82,127
INV0003060,2025-06-01,NS013,P0036,188,109,5,84
INV0001883,2025-04-01,NS009,P0010,175,86,66,155
INV0005426,2025-11-01,NS006,P0045,193,138,27,82
INV0005548,2025-11-01,NS009,P0028,157,35,29,151
INV0004708,2025-09-01,NS015,P0008,67,10,24,81
INV0003404,2025-07-01,NS008,P0024,84,54,25,55
INV0006049,2025-12-01,NS008,P0039,160,82,37,115
INV0003234,2025-07-01,NS003,P0047,50,0,41,91
INV0000461,2025-01-01,NS014,P0033,131,51,28,108
INV0001709,2025-04-01,NS004,P0007,155,122,17,50
INV0005216,2025-10-01,NS015,P0035,69,10,55,114
INV0001567,2025-03-01,NS015,P0014,38,20,64,82
INV0000765,2025-02-01,NS007,P0010,162,3,25,184
INV0002890,2025-06-01,NS008,P0047,78,6,36,108
INV0001793,2025-04-01,NS007,P0048,42,28,87,101
INV0002633,2025-06-01,NS001,P0006,135,89,85,131
INV0001879,2025-04-01,NS009,P0045,192,135,54,111
INV0006134,2025-12-01,NS011,P0005,46,10,13,49
INV0002565,2025-05-01,NS014,P0012,23,6,54,71
INV0004068,2025-08-01,NS012,P0041,184,68,90,206
INV0005667,2025-11-01,NS012,P0017,136,128,99,107
INV0003725,2025-08-01,NS002,P0005,92,21,20,91
INV0004765,2025-10-01,NS002,P0004,148,35,42,155
INV0001140,2025-03-01,NS003,P0010,154,62,70,162
INV0004652,2025-09-01,NS013,P0038,131,14,24,141
INV0002291,2025-05-01,NS006,P0020,20,6,50,64
INV0005712,2025-11-01,NS014,P0020,34,2,64,96
INV0000126,2025-01-01,NS004,P0008,28,21,13,20
INV0001809,2025-04-01,NS007,P0016,40,32,40,48
INV0003065,2025-06-01,NS013,P0022,146,3,58,201
INV0005077,2025-10-01,NS011,P0026,188,109,0,79
INV0005716,2025-11-01,NS014,P0001,44,3,25,66
INV0000358,2025-01-01,NS011,P0044,47,38,94,103
INV0000046,2025-01-01,NS002,P0001,188,23,73,238
INV0005705,2025-11-01,NS013,P0037,102,23,67,146
INV0000866,2025-02-01,NS010,P0001,81,32,72,121
INV0001030,2025-02-01,NS015,P0013,70,63,70,77
INV0003212,2025-07-01,NS002,P0025,58,48,29,39
INV0003464,2025-07-01,NS009,P0048,43,20,29,52
INV0002635,2025-06-01,NS001,P0019,138,55,49,132
INV0004883,2025-10-01,NS005,P0003,122,107,60,75
INV0002182,2025-05-01,NS003,P0049,170,13,13,170
INV0006285,2025-12-01,NS015,P0017,56,0,39,95
INV0005686,2025-11-01,NS013,P0025,141,116,68,93
INV0004218,2025-09-01,NS001,P0032,151,21,,229
INV0003262,2025-07-01,NS004,P0009,103,32,73,144
INV0003425,2025-07-01,NS008,P0038,109,38,66,137
INV0003113,2025-06-01,NS014,P0047,94,9,18,103
INV0005869,2025-12-01,NS003,P0018,87,19,77,145
INV0001621,2025-04-01,NS002,P0017,44,31,46,59
INV0005870,2025-12-01,NS003,P0015,90,70,100,120
INV0004069,2025-08-01,NS012,P0027,153,15,38,176
INV0004672,2025-09-01,NS014,P0047,99,94,8,13
INV0002733,2025-06-01,NS004,P0045,200,1,63,262
INV0005589,2025-11-01,NS010,P0014,57,14,20,63
INV0003116,2025-06-01,NS015,P0033,110,82,62,90
INV0005420,2025-11-01,NS005,P0022,36,11,15,40
INV0000553,2025-02-01,NS001,P0005,129,85,47,91
INV0001856,2025-04-01,NS009,P0032,49,21,61,89
INV0001058,2025-03-01,NS001,P0017,178,57,41,162
INV0005905,2025-12-01,NS004,P0039,125,22,26,129
INV0004641,2025-09-01,NS013,P0016,199,118,41,122
INV0004142,2025-08-01,NS014,P0038,107,95,47,59
INV0001676,2025-04-01,NS003,P0043,127,121,95,101
INV0004162,2025-08-01,NS014,P0021,199,105,,174
INV0004518,2025-09-01,NS010,P0048,93,14,6,85
INV0004453,2025-09-01,NS008,P0026,69,57,73,85
INV0000921,2025-02-01,NS012,P0009,77,16,16,77
INV0003079,2025-06-01,NS013,P0037,33,1,2,34
INV0004014,2025-08-01,NS010,P0019,197,62,23,158
INV0000111,2025-01-01,NS004,P0009,59,34,21,46
INV0006033,2025-12-01,NS008,P0036,38,28,27,37
INV0002299,2025-05-01,NS006,P0019,155,31,18,142
INV0002825,2025-06-01,NS006,P0024,97,2,6,101
INV0003320,2025-07-01,NS005,P0020,167,25,26,168
INV0004256,2025-09-01,NS002,P0011,135,66,6,75
INV0001068,2025-03-01,NS001,P0040,89,56,5,38
INV0005845,2025-12-01,NS002,P0044,164,155,95,104
INV0002575,2025-05-01,NS014,P0014,31,21,91,101
INV0003531,2025-07-01,NS011,P0049,20,1,23,42
INV0005855,2025-12-01,NS003,P0036,102,55,97,144
INV0001117,2025-03-01,NS002,P0018,117,101,70,86
INV0004287,2025-09-01,NS003,P0020,160,1,85,244
INV0003810,2025-08-01,NS004,P0036,182,124,52,110
INV0001490,2025-03-01,NS013,P0040,145,113,15,47
INV0003763,2025-08-01,NS003,P0005,34,16,10,28
INV0004901,2025-10-01,NS006,P0042,89,43,62,108
INV0005329,2025-11-01,NS003,P0026,123,83,,135
INV0002753,2025-06-01,NS004,P0033,122,16,29,135
INV0001970,2025-04-01,NS012,P0021,113,74,45,84
INV0004348,2025-09-01,NS005,P0004,106,77,19,48
INV0003861,2025-08-01,NS006,P0027,136,114,62,84
INV0001695,2025-04-01,NS004,P0032,165,99,76,142
INV0000803,2025-02-01,NS008,P0050,62,45,19,36
INV0000700,2025-02-01,NS005,P0020,158,104,24,78
INV0003499,2025-07-01,NS010,P0035,77,40,0,37
INV0003754,2025-08-01,NS003,P0017,153,84,78,147
INV0002962,2025-06-01,NS010,P0039,85,55,83,113
INV0002758,2025-06-01,NS004,P0037,134,2,49,181
INV0004879,2025-10-01,NS005,P0008,115,67,1,49
INV0001254,2025-03-01,NS006,P0045,51,34,34,51
INV0002917,2025-06-01,NS009,P0050,29,10,85,104
INV0003562,2025-07-01,NS012,P0027,170,151,99,118
INV0004905,2025-10-01,NS006,P0032,142,61,59,140
INV0000058,2025-01-01,NS002,P0027,149,31,82,200
INV0000856,2025-02-01,NS010,P0028,42,37,17,22
INV0001785,2025-04-01,NS006,P0039,25,19,18,24
INV0001574,2025-03-01,NS015,P0031,131,105,83,109
INV0006075,2025-12-01,NS009,P0005,130,26,48,152
INV0003970,2025-08-01,NS009,P0013,130,72,94,152
INV0005881,2025-12-01,NS004,P0011,90,15,28,103
INV0005802,2025-12-01,NS001,P0023,191,51,81,221
INV0005168,2025-10-01,NS013,P0049,134,111,61,84
INV0005933,2025-12-01,NS005,P0036,69,40,9,38
INV0004841,2025-10-01,NS004,P0050,92,31,49,110
INV0003034,2025-06-01,NS012,P0018,190,30,30,190
INV0003805,2025-08-01,NS004,P0045,53,25,53,81
INV0004550,2025-09-01,NS010,P0049,79,11,14,82
INV0001751,2025-04-01,NS006,P0019,67,36,,96
INV0002645,2025-06-01,NS001,P0013,149,120,7,36
INV0003844,2025-08-01,NS005,P0003,85,13,71,143
INV0004876,2025-10-01,NS005,P0047,65,26,64,103
INV0001963,2025-04-01,NS012,P0008,89,19,46,116
INV0001730,2025-04-01,NS005,P0002,112,20,20,112
INV0000735,2025-02-01,NS006,P0004,98,43,5,60
INV0005222,2025-10-01,NS015,P0006,97,70,57,84
INV0002057,2025-04-01,NS014,P0016,78,23,50,105
INV0002867,2025-06-01,NS007,P0027,115,57,34,92
INV0001289,2025-03-01,NS007,P0045,103,34,84,153
INV0005600,2025-11-01,NS010,P0050,46,26,77,97
INV0005071,2025-10-01,NS010,P0028,81,27,0,54
INV0006286,2025-12-01,NS015,P0040,49,20,43,72
INV0005844,2025-12-01,NS002,P0037,80,33,79,126
INV0002030,2025-04-01,NS013,P0019,149,78,56,127
INV0006015,2025-12-01,NS007,P0019,108,87,89,110
INV0004203,2025-09-01,NS001,P0003,192,112,23,103
INV0004850,2025-10-01,NS004,P0046,143,63,67,147
INV0004260,2025-09-01,NS002,P0048,70,3,15,82
INV0003536,2025-07-01,NS012,P0025,48,17,22,53
INV0002907,2025-06-01,NS009,P0014,20,12,55,63
INV0003329,2025-07-01,NS006,P0016,178,149,12,41
INV0000290,2025-01-01,NS009,P0018,88,81,0,7
INV0002702,2025-06-01,NS003,P0004,146,74,22,94
INV0000903,2025-02-01,NS011,P0032,26,3,85,108
INV0003215,2025-07-01,NS002,P0004,156,41,97,212
INV0001162,2025-03-01,NS004,P0032,151,77,28,102
INV0004701,2025-09-01,NS015,P0015,40,23,3,20
INV0004226,2025-09-01,NS001,P0004,24,19,24,29
INV0004998,2025-10-01,NS008,P0035,70,38,64,96
INV0000749,2025-02-01,NS007,P0014,168,66,35,137
INV0005269,2025-11-01,NS001,P0049,197,15,27,209
INV0000499,2025-01-01,NS015,P0004,139,67,92,164
INV0004601,2025-09-01,NS012,P0017,137,98,81,120
INV0004277,2025-09-01,NS003,P0019,197,145,,83
INV0004359,2025-09-01,NS005,P0037,68,59,,46
INV0003761,2025-08-01,NS003,P0034,82,11,,88
INV0002646,2025-06-01,NS001,P0032,162,114,20,68
INV0004102,2025-08-01,NS013,P0021,140,53,31,118
INV0003392,2025-07-01,NS007,P0030,174,157,85,102
INV0004544,2025-09-01,NS010,P0041,113,33,17,97
INV0002518,2025-05-01,NS012,P0004,196,90,53,159
INV0000797,2025-02-01,NS008,P0011,131,0,97,228
INV0002592,2025-05-01,NS015,P0004,189,132,69,126
INV0004337,2025-09-01,NS004,P0009,26,21,80,85
INV0003299,2025-07-01,NS005,P0007,177,167,2,12
INV0002192,2025-05-01,NS003,P0033,197,178,46,65
INV0002735,2025-06-01,NS004,P0022,29,10,97,116
INV0005747,2025-11-01,NS015,P0004,36,13,87,110
INV0004829,2025-10-01,NS003,P0019,190,55,2,137
INV0002861,2025-06-01,NS007,P0031,118,42,72,148
INV0003863,2025-08-01,NS006,P0022,51,14,40,77
INV0003022,2025-06-01,NS012,P0045,138,98,3,43
INV0004987,2025-10-01,NS008,P0037,104,84,7,27
INV0001025,2025-02-01,NS015,P0045,200,179,17,38
INV0004446,2025-09-01,NS008,P0020,123,15,,192
INV0000821,2025-02-01,NS009,P0048,125,21,80,184
INV0002239,2025-05-01,NS004,P0039,62,11,52,103
INV0006296,2025-12-01,NS015,P0001,176,12,82,246
INV0001848,2025-04-01,NS008,P0019,119,35,,88
INV0002215,2025-05-01,NS004,P0031,157,78,83,162
INV0001492,2025-03-01,NS013,P0002,141,58,0,83
INV0002749,2025-06-01,NS004,P0003,145,86,28,87
INV0003415,2025-07-01,NS008,P0029,159,133,47,73
INV0004562,2025-09-01,NS011,P0013,46,17,68,97
INV0002503,2025-05-01,NS012,P0035,38,3,13,48
INV0005017,2025-10-01,NS009,P0018,119,23,41,137
INV0005107,2025-10-01,NS011,P0031,50,4,23,69
INV0006201,2025-12-01,NS013,P0029,140,103,43,80
INV0000292,2025-01-01,NS009,P0008,139,74,72,137
INV0005179,2025-10-01,NS013,P0028,100,8,84,176
INV0001931,2025-04-01,NS011,P0001,145,109,30,66
INV0006217,2025-12-01,NS013,P0038,140,34,85,191
INV0006164,2025-12-01,NS012,P0041,95,61,77,111
INV0005901,2025-12-01,NS004,P0026,42,34,57,65
INV0002029,2025-04-01,NS013,P0023,187,151,88,124
INV0004613,2025-09-01,NS012,P0032,45,27,20,38
INV0002830,2025-06-01,NS006,P0009,62,25,17,54
INV0003566,2025-07-01,NS012,P0029,41,4,58,95
INV0002269,2025-05-01,NS005,P0041,170,122,6,54
INV0003825,2025-08-01,NS005,P0033,192,89,93,196
INV0005720,2025-11-01,NS014,P0044,34,23,,62
INV0004978,2025-10-01,NS008,P0041,42,15,82,109
INV0005991,2025-12-01,NS007,P0011,102,72,5,35
INV0000233,2025-01-01,NS007,P0007,40,18,75,97
INV0000293,2025-01-01,NS009,P0025,181,12,18,187
INV0001211,2025-03-01,NS005,P0033,31,24,88,95
INV0002545,2025-05-01,NS013,P0013,82,64,100,118
INV0002228,2025-05-01,NS004,P0004,131,93,,52
INV0003213,2025-07-01,NS002,P0047,127,92,,128
INV0003104,2025-06-01,NS014,P0033,93,4,96,185
INV0000540,2025-02-01,NS001,P0038,139,106,34,67
INV0005139,2025-10-01,NS012,P0044,157,91,32,98
INV0006190,2025-12-01,NS012,P0011,68,55,89,102
INV0000021,2025-01-01,NS001,P0025,121,96,,56
INV0006155,2025-12-01,NS011,P0049,71,47,100,124
INV0000744,2025-02-01,NS007,P0030,193,148,14,59
INV0005173,2025-10-01,NS013,P0031,110,75,17,52
INV0002572,2025-05-01,NS014,P0019,163,121,45,87
INV0000015,2025-01-01,NS001,P0039,168,25,54,197
INV0005831,2025-12-01,NS002,P0025,134,109,92,117
INV0002164,2025-05-01,NS002,P0020,55,40,87,102
INV0002823,2025-06-01,NS006,P0016,138,6,36,168
INV0003795,2025-08-01,NS004,P0015,112,19,98,191
INV0006102,2025-12-01,NS010,P0034,56,4,86,138
INV0002440,2025-05-01,NS010,P0036,22,0,49,71
INV0001347,2025-03-01,NS009,P0020,129,16,13,126
INV0001670,2025-04-01,NS003,P0022,36,23,22,35
INV0001462,2025-03-01,NS012,P0020,41,36,56,61
INV0000428,2025-01-01,NS013,P0033,65,50,35,50
INV0004112,2025-08-01,NS013,P0041,129,14,20,135
INV0004814,2025-10-01,NS003,P0037,85,46,6,45
INV0004921,2025-10-01,NS006,P0030,53,41,92,104
INV0003301,2025-07-01,NS005,P0050,37,14,20,43
INV0001525,2025-03-01,NS014,P0050,99,13,94,180
INV0004683,2025-09-01,NS014,P0039,84,77,92,99
INV0004168,2025-08-01,NS015,P0011,107,75,,90
INV0001553,2025-03-01,NS015,P0039,185,53,65,197
INV0003359,2025-07-01,NS006,P0043,180,61,54,173
INV0002780,2025-06-01,NS005,P0030,192,37,72,227
INV0006087,2025-12-01,NS009,P0023,162,53,87,196
INV0003211,2025-07-01,NS002,P0027,90,43,99,146
INV0005742,2025-11-01,NS015,P0035,37,16,32,53
INV0004849,2025-10-01,NS004,P0013,148,85,26,89
INV0000630,2025-02-01,NS003,P0040,186,127,34,93
INV0006147,2025-12-01,NS011,P0033,21,0,84,105
INV0004929,2025-10-01,NS006,P0046,36,10,,67
INV0006211,2025-12-01,NS013,P0017,82,36,28,74
INV0000800,2025-02-01,NS008,P0032,180,148,33,65
INV0002386,2025-05-01,NS009,P0040,40,18,8,30
INV0002784,2025-06-01,NS005,P0023,190,26,47,211
INV0003629,2025-07-01,NS014,P0030,132,33,39,138
INV0004983,2025-10-01,NS008,P0038,35,8,5,32
INV0003819,2025-08-01,NS005,P0014,69,35,65,99
INV0002000,2025-04-01,NS013,P0032,36,15,35,56
INV0003090,2025-06-01,NS014,P0018,106,43,52,115
INV0000028,2025-01-01,NS001,P0042,72,55,,75
INV0004181,2025-08-01,NS015,P0004,61,27,48,82
INV0003904,2025-08-01,NS007,P0048,45,35,99,109
INV0001391,2025-03-01,NS010,P0016,196,53,90,233
INV0005161,2025-10-01,NS013,P0029,63,17,69,115
INV0005358,2025-11-01,NS004,P0035,64,0,100,164
INV0005689,2025-11-01,NS013,P0007,40,17,31,54
INV0000854,2025-02-01,NS010,P0039,196,178,42,60
INV0003159,2025-07-01,NS001,P0031,49,35,,21
INV0000072,2025-01-01,NS003,P0013,121,75,81,127
INV0004644,2025-09-01,NS013,P0002,79,70,77,86
INV0003746,2025-08-01,NS003,P0032,64,25,61,100
INV0005197,2025-10-01,NS014,P0050,27,12,51,66
INV0004926,2025-10-01,NS006,P0037,100,33,24,91
INV0006259,2025-12-01,NS014,P0005,66,1,23,88
INV0002263,2025-05-01,NS005,P0028,67,60,96,103
INV0005971,2025-12-01,NS006,P0024,165,17,38,186
INV0000275,2025-01-01,NS008,P0046,127,41,95,181
INV0000586,2025-02-01,NS002,P0038,123,30,21,114
INV0004132,2025-08-01,NS014,P0045,77,2,52,127
INV0004975,2025-10-01,NS008,P0011,48,6,54,96
INV0002673,2025-06-01,NS002,P0014,46,16,50,80
INV0003376,2025-07-01,NS007,P0005,29,7,47,69
INV0000843,2025-02-01,NS010,P0011,49,27,37,59
INV0002716,2025-06-01,NS003,P0005,150,106,22,66
INV0005557,2025-11-01,NS009,P0015,117,71,7,53
INV0000612,2025-02-01,NS003,P0014,66,56,24,34
INV0005777,2025-12-01,NS001,P0031,50,24,53,79
INV0004200,2025-08-01,NS015,P0042,130,108,,36
INV0001011,2025-02-01,NS014,P0031,124,59,7,72
INV0000278,2025-01-01,NS008,P0002,56,42,77,91
INV0005058,2025-10-01,NS010,P0005,71,65,,51
INV0003926,2025-08-01,NS008,P0038,38,33,36,41
INV0004370,2025-09-01,NS005,P0036,166,109,81,138
INV0004609,2025-09-01,NS012,P0045,39,25,50,64
INV0004526,2025-09-01,NS010,P0050,73,68,93,98
INV0002932,2025-06-01,NS009,P0017,191,144,76,123
INV0005752,2025-11-01,NS015,P0036,77,72,11,16
INV0000098,2025-01-01,NS003,P0015,191,182,34,43
INV0004771,2025-10-01,NS002,P0014,144,7,100,237
INV0002708,2025-06-01,NS003,P0002,143,27,,197
INV0003952,2025-08-01,NS008,P0016,170,63,21,128
INV0000583,2025-02-01,NS002,P0024,98,28,4,74
INV0004235,2025-09-01,NS001,P0016,64,42,83,105
INV0002036,2025-04-01,NS014,P0026,67,54,80,93
INV0002087,2025-04-01,NS015,P0037,167,17,87,237
INV0004541,2025-09-01,NS010,P0026,98,24,,137
INV0002315,2025-05-01,NS007,P0008,181,22,65,224
INV0000513,2025-01-01,NS015,P0034,21,10,12,23
INV0005817,2025-12-01,NS002,P0012,64,43,51,72
INV0002476,2025-05-01,NS011,P0044,64,13,12,63
INV0005011,2025-10-01,NS009,P0032,172,1,43,214
INV0000929,2025-02-01,NS012,P0027,168,118,77,127
INV0002734,2025-06-01,NS004,P0017,110,45,34,99
INV0000149,2025-01-01,NS005,P0024,197,39,92,250
INV0000170,2025-01-01,NS005,P0040,21,6,86,101
INV0006059,2025-12-01,NS009,P0047,47,5,47,89
INV0002807,2025-06-01,NS006,P0037,122,31,27,118
INV0003033,2025-06-01,NS012,P0037,73,52,60,81
INV0000391,2025-01-01,NS012,P0045,38,29,65,74
INV0002494,2025-05-01,NS012,P0014,56,2,,106
INV0005229,2025-10-01,NS015,P0025,22,1,59,80
INV0000033,2025-01-01,NS001,P0047,196,28,79,247
INV0003278,2025-07-01,NS004,P0004,179,109,55,125
INV0000645,2025-02-01,NS004,P0013,142,127,87,102
INV0006082,2025-12-01,NS009,P0041,75,43,42,74
INV0002663,2025-06-01,NS002,P0044,68,50,43,61
INV0001494,2025-03-01,NS013,P0019,180,98,22,104
INV0001166,2025-03-01,NS004,P0004,34,21,44,57
INV0003675,2025-07-01,NS015,P0020,47,33,63,77
INV0004982,2025-10-01,NS008,P0034,59,27,33,65
INV0001246,2025-03-01,NS006,P0025,140,123,4,21
INV0004400,2025-09-01,NS006,P0037,76,44,86,118
INV0004952,2025-10-01,NS007,P0035,191,116,95,170
INV0005722,2025-11-01,NS014,P0002,52,13,81,120
INV0003986,2025-08-01,NS009,P0031,64,48,39,55
INV0003157,2025-07-01,NS001,P0017,161,78,61,144
INV0005771,2025-11-01,NS015,P0014,51,13,24,62
INV0000425,2025-01-01,NS013,P0005,147,99,,115
INV0005288,2025-11-01,NS002,P0028,78,24,58,112
INV0002688,2025-06-01,NS002,P0017,33,10,100,123
INV0001054,2025-03-01,NS001,P0006,20,1,80,99
INV0001966,2025-04-01,NS012,P0037,38,31,78,85
INV0000607,2025-02-01,NS003,P0032,109,68,0,41
INV0004696,2025-09-01,NS015,P0018,160,133,47,74
INV0004210,2025-09-01,NS001,P0026,133,87,89,135
INV0001392,2025-03-01,NS010,P0046,33,15,63,81
INV0001014,2025-02-01,NS014,P0047,72,12,85,145
INV0002547,2025-05-01,NS013,P0042,52,12,54,94
INV0004564,2025-09-01,NS011,P0011,84,3,,99
INV0006079,2025-12-01,NS009,P0021,75,53,30,52
INV0003939,2025-08-01,NS008,P0030,173,20,26,179
INV0006063,2025-12-01,NS009,P0028,183,106,36,113
INV0004275,2025-09-01,NS003,P0024,56,20,44,80
INV0005996,2025-12-01,NS007,P0050,54,42,40,52
INV0001539,2025-03-01,NS014,P0009,171,108,12,75
INV0006096,2025-12-01,NS010,P0033,159,104,,150
INV0004569,2025-09-01,NS011,P0026,22,9,66,79
INV0005072,2025-10-01,NS010,P0003,119,51,46,114
INV0002061,2025-04-01,NS014,P0020,83,56,46,73
INV0002136,2025-05-01,NS002,P0036,173,123,49,99
INV0005255,2025-11-01,NS001,P0002,92,20,97,169
INV0005489,2025-11-01,NS007,P0001,81,47,69,103
INV0002804,2025-06-01,NS006,P0027,126,91,26,61
INV0004704,2025-09-01,NS015,P0005,135,43,73,165
INV0005191,2025-10-01,NS014,P0041,101,61,64,104
INV0004957,2025-10-01,NS007,P0009,182,122,25,85
INV0006290,2025-12-01,NS015,P0038,125,37,96,184
INV0001231,2025-03-01,NS006,P0009,64,36,58,86
INV0000760,2025-02-01,NS007,P0005,98,58,48,88
INV0003760,2025-08-01,NS003,P0008,133,44,31,120
INV0001922,2025-04-01,NS010,P0002,129,111,2,20
INV0006013,2025-12-01,NS007,P0001,60,42,81,99
INV0005407,2025-11-01,NS005,P0037,98,31,33,100
INV0004022,2025-08-01,NS010,P0008,20,13,85,92
INV0001338,2025-03-01,NS009,P0034,117,9,78,186
INV0005638,2025-11-01,NS012,P0038,149,131,56,74
INV0005275,2025-11-01,NS001,P0031,71,43,69,97
INV0003923,2025-08-01,NS008,P0036,187,128,57,116
INV0001020,2025-02-01,NS015,P0036,166,16,14,164
INV0001618,2025-04-01,NS002,P0028,146,133,33,46
INV0000815,2025-02-01,NS009,P0033,188,118,3,73
INV0002900,2025-06-01,NS008,P0046,85,37,47,95
INV0002171,2025-05-01,NS003,P0030,185,172,14,27
INV0002742,2025-06-01,NS004,P0024,62,48,90,104
INV0000045,2025-01-01,NS002,P0042,199,0,14,213
INV0005218,2025-10-01,NS015,P0004,174,93,78,159
INV0000792,2025-02-01,NS008,P0046,183,21,39,201
INV0000280,2025-01-01,NS008,P0028,111,69,38,80
INV0000078,2025-01-01,NS003,P0045,21,8,31,44
INV0005477,2025-11-01,NS007,P0020,106,82,64,88
INV0004332,2025-09-01,NS004,P0012,80,44,49,85
INV0005174,2025-10-01,NS013,P0011,76,44,10,42
INV0004706,2025-09-01,NS015,P0002,61,30,98,129
INV0000898,2025-02-01,NS011,P0028,152,104,,94
INV0002854,2025-06-01,NS007,P0044,184,93,89,180
INV0002834,2025-06-01,NS006,P0013,110,59,36,87
INV0005395,2025-11-01,NS005,P0044,188,48,54,194
INV0005848,2025-12-01,NS003,P0023,170,102,63,131
INV0002325,2025-05-01,NS007,P0039,178,152,98,124
INV0002489,2025-05-01,NS012,P0046,21,1,73,93
INV0006007,2025-12-01,NS007,P0043,171,44,24,151
INV0003389,2025-07-01,NS007,P0006,132,111,,113
INV0004856,2025-10-01,NS004,P0031,117,32,90,175
INV0003879,2025-08-01,NS006,P0017,83,37,75,121
INV0005315,2025-11-01,NS002,P0030,38,16,21,43
INV0006100,2025-12-01,NS010,P0002,103,66,84,121
INV0005494,2025-11-01,NS007,P0044,105,4,24,125
INV0000674,2025-02-01,NS005,P0023,92,35,49,106
INV0005913,2025-12-01,NS004,P0043,31,26,76,81
INV0005622,2025-11-01,NS011,P0033,62,19,8,51
INV0001701,2025-04-01,NS004,P0016,102,75,41,68
INV0000951,2025-02-01,NS013,P0036,35,5,41,71
INV0005155,2025-10-01,NS013,P0020,143,108,61,96
INV0001229,2025-03-01,NS006,P0007,60,15,66,111
INV0003121,2025-06-01,NS015,P0046,66,5,37,98
INV0001975,2025-04-01,NS012,P0036,133,121,52,64
INV0002871,2025-06-01,NS008,P0049,158,96,,93
INV0000024,2025-01-01,NS001,P0017,154,107,18,65
INV0000486,2025-01-01,NS014,P0040,58,6,43,95
INV0002720,2025-06-01,NS003,P0015,79,20,69,128
INV0003004,2025-06-01,NS011,P0007,89,31,36,94
INV0003123,2025-06-01,NS015,P0047,98,86,57,69
INV0004947,2025-10-01,NS007,P0028,198,101,23,120
INV0001645,2025-04-01,NS002,P0035,90,59,90,121
INV0000959,2025-02-01,NS013,P0013,188,101,43,130
INV0003192,2025-07-01,NS002,P0005,94,14,74,154
INV0005080,2025-10-01,NS011,P0016,113,24,9,98
INV0004568,2025-09-01,NS011,P0041,58,41,18,35
INV0003717,2025-08-01,NS002,P0039,153,132,97,118
INV0002732,2025-06-01,NS004,P0014,96,26,65,135
INV0004330,2025-09-01,NS004,P0037,48,14,7,41
INV0003204,2025-07-01,NS002,P0041,93,68,72,97
INV0003831,2025-08-01,NS005,P0023,74,67,90,97
INV0003787,2025-08-01,NS004,P0014,41,24,42,59
INV0005254,2025-11-01,NS001,P0012,126,99,30,57
INV0003272,2025-07-01,NS004,P0037,199,41,57,215
INV0003972,2025-08-01,NS009,P0042,102,77,85,110
INV0001124,2025-03-01,NS003,P0028,98,80,9,27
INV0005849,2025-12-01,NS003,P0019,117,88,,126
INV0002439,2025-05-01,NS010,P0004,71,29,90,132
INV0005715,2025-11-01,NS014,P0015,196,159,7,44
INV0002335,2025-05-01,NS007,P0023,63,43,91,111
INV0000239,2025-01-01,NS007,P0045,90,62,13,41
INV0005372,2025-11-01,NS004,P0011,61,51,20,30
INV0001806,2025-04-01,NS007,P0019,200,37,95,258
INV0004917,2025-10-01,NS006,P0022,85,23,14,76
INV0004580,2025-09-01,NS011,P0031,133,12,72,193
INV0005438,2025-11-01,NS006,P0022,32,13,63,82
INV0002468,2025-05-01,NS011,P0024,178,93,,133
INV0002946,2025-06-01,NS010,P0015,174,70,78,182
INV0005624,2025-11-01,NS011,P0045,185,14,73,244
INV0005301,2025-11-01,NS002,P0046,193,76,80,197
INV0001974,2025-04-01,NS012,P0025,181,154,13,40
INV0001385,2025-03-01,NS010,P0006,176,136,70,110
INV0002913,2025-06-01,NS009,P0040,96,58,42,80
INV0000983,2025-02-01,NS014,P0008,181,78,20,123
INV0003876,2025-08-01,NS006,P0026,141,74,52,119
INV0006284,2025-12-01,NS015,P0013,179,103,0,76
INV0004120,2025-08-01,NS013,P0049,70,5,82,147
INV0003720,2025-08-01,NS002,P0022,186,136,94,144
INV0001985,2025-04-01,NS012,P0013,46,9,14,51
INV0000861,2025-02-01,NS010,P0002,97,24,,148
INV0002778,2025-06-01,NS005,P0033,30,12,28,46
INV0001558,2025-03-01,NS015,P0025,53,10,85,128
INV0003420,2025-07-01,NS008,P0026,124,82,78,120
INV0000490,2025-01-01,NS014,P0038,150,128,65,87
INV0005380,2025-11-01,NS004,P0002,76,46,36,66
INV0001533,2025-03-01,NS014,P0027,170,30,88,228
INV0005767,2025-11-01,NS015,P0037,186,89,78,175
INV0000012,2025-01-01,NS001,P0024,129,69,70,130
INV0004284,2025-09-01,NS003,P0004,76,69,68,75
INV0003302,2025-07-01,NS005,P0009,72,57,11,26
INV0005251,2025-11-01,NS001,P0004,93,65,21,49
INV0003692,2025-08-01,NS001,P0047,183,108,66,141
INV0005134,2025-10-01,NS012,P0038,67,45,100,122
INV0004651,2025-09-01,NS013,P0012,192,86,69,175
INV0003742,2025-08-01,NS002,P0045,39,31,28,36
INV0002132,2025-05-01,NS001,P0017,32,14,21,39
INV0006057,2025-12-01,NS009,P0019,28,5,15,38
INV0001250,2025-03-01,NS006,P0016,40,17,94,117
INV0005954,2025-12-01,NS006,P0020,155,29,99,225
INV0006166,2025-12-01,NS012,P0034,159,81,61,139
INV0000362,2025-01-01,NS011,P0038,120,107,73,86
INV0004307,2025-09-01,NS004,P0034,148,67,,143
INV0006143,2025-12-01,NS011,P0050,141,123,5,23
INV0003743,2025-08-01,NS002,P0041,167,154,90,103
INV0002815,2025-06-01,NS006,P0044,115,69,,108
INV0004711,2025-09-01,NS015,P0030,72,4,74,142
INV0001000,2025-02-01,NS014,P0048,157,1,63,219
INV0002736,2025-06-01,NS004,P0049,181,163,46,64
INV0004454,2025-09-01,NS008,P0016,160,138,99,121
INV0003556,2025-07-01,NS012,P0023,102,37,88,153
INV0003985,2025-08-01,NS009,P0040,61,0,58,119
INV0003230,2025-07-01,NS003,P0028,64,10,60,114
INV0001505,2025-03-01,NS013,P0001,88,15,66,139
INV0000411,2025-01-01,NS012,P0047,194,120,27,101
INV0003948,2025-08-01,NS008,P0041,72,57,,79
INV0002628,2025-06-01,NS001,P0012,180,30,43,193
INV0003673,2025-07-01,NS015,P0038,151,113,21,59
INV0002510,2025-05-01,NS012,P0012,103,47,45,101
INV0000091,2025-01-01,NS003,P0039,101,87,72,86
INV0004308,2025-09-01,NS004,P0005,136,83,55,108
INV0001445,2025-03-01,NS012,P0016,95,87,,90
INV0000191,2025-01-01,NS006,P0029,27,4,71,94
INV0004250,2025-09-01,NS002,P0029,165,39,38,164
INV0004334,2025-09-01,NS004,P0022,41,12,43,72
INV0001371,2025-03-01,NS010,P0021,48,13,11,46
INV0003379,2025-07-01,NS007,P0049,183,50,73,206
INV0002610,2025-05-01,NS015,P0006,168,45,76,199
INV0002482,2025-05-01,NS011,P0013,137,33,96,200
INV0005922,2025-12-01,NS005,P0044,80,57,25,48
INV0003916,2025-08-01,NS007,P0045,84,17,,82
INV0002479,2025-05-01,NS011,P0004,81,34,1,48
INV0000679,2025-02-01,NS005,P0032,192,59,64,197
INV0003900,2025-08-01,NS007,P0039,200,158,64,106
INV0004053,2025-08-01,NS011,P0050,127,96,51,82
INV0002146,2025-05-01,NS002,P0025,115,95,49,69
INV0001780,2025-04-01,NS006,P0023,158,69,26,115
INV0001784,2025-04-01,NS006,P0009,117,81,16,52
INV0002835,2025-06-01,NS006,P0004,76,44,41,73
INV0004866,2025-10-01,NS005,P0045,49,35,87,101
INV0005244,2025-10-01,NS015,P0030,57,51,45,51
INV0006293,2025-12-01,NS015,P0011,58,34,31,55
INV0004944,2025-10-01,NS007,P0019,193,182,99,110
INV0003628,2025-07-01,NS014,P0038,193,25,33,201
INV0004839,2025-10-01,NS004,P0029,168,56,15,127
INV0005043,2025-10-01,NS010,P0020,25,16,85,94
INV0002331,2025-05-01,NS007,P0022,90,41,86,135
INV0004868,2025-10-01,NS005,P0007,34,11,51,74
INV0000874,2025-02-01,NS010,P0013,74,62,33,45
INV0004919,2025-10-01,NS006,P0049,30,19,21,32
INV0001183,2025-03-01,NS004,P0022,136,20,13,129
INV0003030,2025-06-01,NS012,P0026,105,82,13,36
INV0002338,2025-05-01,NS007,P0010,161,23,23,161
INV0003150,2025-06-01,NS015,P0014,60,22,3,41
INV0002530,2025-05-01,NS013,P0023,138,108,96,126
INV0002770,2025-06-01,NS005,P0046,155,19,,143
INV0001495,2025-03-01,NS013,P0021,116,22,28,122
INV0003677,2025-08-01,NS001,P0002,99,45,6,60
INV0005918,2025-12-01,NS005,P0037,75,56,77,96
INV0004993,2025-10-01,NS008,P0010,70,59,15,26
INV0005066,2025-10-01,NS010,P0018,97,42,81,136
INV0003889,2025-08-01,NS007,P0013,174,164,95,105
INV0003728,2025-08-01,NS002,P0042,131,21,50,160
INV0004786,2025-10-01,NS002,P0005,144,132,19,31
INV0000949,2025-02-01,NS013,P0008,24,5,15,34
INV0002216,2025-05-01,NS004,P0013,165,152,0,13
INV0004134,2025-08-01,NS014,P0040,171,81,49,139
INV0004880,2025-10-01,NS005,P0038,166,110,91,147
INV0004792,2025-10-01,NS002,P0033,183,113,14,84
INV0002693,2025-06-01,NS002,P0038,90,0,3,93
INV0004338,2025-09-01,NS004,P0019,171,95,68,144
INV0005312,2025-11-01,NS002,P0003,35,26,55,64
INV0004023,2025-08-01,NS010,P0003,186,93,5,98
INV0002639,2025-06-01,NS001,P0017,71,13,92,150
INV0000786,2025-02-01,NS008,P0008,119,81,98,136
INV0004506,2025-09-01,NS009,P0041,160,90,5,75
INV0003442,2025-07-01,NS009,P0022,192,85,94,201
INV0004972,2025-10-01,NS008,P0046,56,41,69,84
INV0004459,2025-09-01,NS008,P0037,129,84,21,66
INV0003580,2025-07-01,NS013,P0044,57,47,53,63
INV0003908,2025-08-01,NS007,P0037,167,50,70,187
INV0004489,2025-09-01,NS009,P0022,186,73,6,119
INV0006275,2025-12-01,NS015,P0015,124,63,45,106
INV0000958,2025-02-01,NS013,P0022,197,101,89,185
INV0004239,2025-09-01,NS002,P0014,44,15,94,123
INV0001249,2025-03-01,NS006,P0006,112,40,4,76
INV0003494,2025-07-01,NS010,P0018,122,101,29,50
INV0001041,2025-02-01,NS015,P0034,86,73,32,45
INV0003498,2025-07-01,NS010,P0021,131,119,79,91
INV0003842,2025-08-01,NS005,P0035,111,29,60,142
INV0002137,2025-05-01,NS002,P0012,165,100,25,90
INV0006175,2025-12-01,NS012,P0015,37,11,,59
INV0000860,2025-02-01,NS010,P0021,36,22,36,50
INV0001149,2025-03-01,NS003,P0016,126,118,84,92
INV0004909,2025-10-01,NS006,P0017,61,1,40,100
INV0003400,2025-07-01,NS008,P0044,29,10,77,96
INV0002920,2025-06-01,NS009,P0035,57,32,87,112
INV0002153,2025-05-01,NS002,P0026,40,20,40,60
INV0003689,2025-08-01,NS001,P0030,196,156,4,44
INV0000004,2025-01-01,NS001,P0001,74,0,64,138
INV0004495,2025-09-01,NS009,P0036,117,106,17,28
INV0006076,2025-12-01,NS009,P0042,184,47,56,193
INV0000434,2025-01-01,NS013,P0008,81,59,12,34
INV0000696,2025-02-01,NS005,P0014,129,80,49,98
INV0001369,2025-03-01,NS010,P0037,127,76,4,55
INV0003228,2025-07-01,NS003,P0038,114,97,87,104
INV0002826,2025-06-01,NS006,P0018,49,17,75,107
INV0003953,2025-08-01,NS008,P0031,34,16,16,34
INV0004091,2025-08-01,NS012,P0043,101,60,76,117
INV0003042,2025-06-01,NS012,P0047,94,19,11,86
INV0004713,2025-09-01,NS015,P0022,34,22,11,23
INV0002837,2025-06-01,NS007,P0007,149,5,49,193
INV0005492,2025-11-01,NS007,P0030,106,66,67,107
INV0004807,2025-10-01,NS003,P0009,143,53,44,134
INV0005410,2025-11-01,NS005,P0025,156,149,0,7
INV0002974,2025-06-01,NS010,P0001,68,16,67,119
INV0003527,2025-07-01,NS011,P0012,118,15,21,124
INV0000300,2025-01-01,NS009,P0027,174,63,17,128
INV0006159,2025-12-01,NS011,P0035,141,58,66,149
INV0002880,2025-06-01,NS008,P0003,141,51,82,172
INV0004848,2025-10-01,NS004,P0039,155,37,67,185
INV0004269,2025-09-01,NS002,P0032,152,107,49,94
INV0005317,2025-11-01,NS002,P0010,90,59,88,119
INV0004559,2025-09-01,NS011,P0017,89,9,15,95
INV0000761,2025-02-01,NS007,P0015,53,10,66,109
INV0003257,2025-07-01,NS004,P0013,159,143,52,68
INV0003993,2025-08-01,NS010,P0001,58,31,23,50
INV0000519,2025-01-01,NS015,P0040,26,4,99,121
INV0003553,2025-07-01,NS012,P0020,116,35,23,104
INV0004887,2025-10-01,NS005,P0010,144,131,74,87
INV0002655,2025-06-01,NS001,P0018,133,52,19,100
INV0003188,2025-07-01,NS002,P0010,110,66,96,140
INV0002223,2025-05-01,NS004,P0030,115,47,24,92
INV0000544,2025-02-01,NS001,P0033,169,38,17,148
INV0005150,2025-10-01,NS013,P0044,138,34,27,131
INV0000329,2025-01-01,NS010,P0025,129,114,52,67
INV0002566,2025-05-01,NS014,P0002,33,6,53,80
INV0005014,2025-10-01,NS009,P0001,160,132,58,86
INV0003625,2025-07-01,NS014,P0004,147,45,25,127
INV0002101,2025-05-01,NS001,P0010,74,36,55,93
INV0004927,2025-10-01,NS006,P0039,180,116,22,86
INV0005323,2025-11-01,NS003,P0034,105,24,23,104
INV0005379,2025-11-01,NS004,P0038,48,31,6,23
INV0004027,2025-08-01,NS011,P0003,129,12,2,119
INV0004328,2025-09-01,NS004,P0028,173,72,51,152
INV0005327,2025-11-01,NS003,P0015,177,94,35,118
INV0000972,2025-02-01,NS013,P0017,99,41,22,80
INV0002206,2025-05-01,NS004,P0003,175,107,53,121
INV0000996,2025-02-01,NS014,P0018,175,42,87,220
INV0005885,2025-12-01,NS004,P0020,182,81,69,170
INV0003405,2025-07-01,NS008,P0021,108,71,85,122
INV0003361,2025-07-01,NS007,P0003,193,62,14,145
INV0004596,2025-09-01,NS012,P0027,103,24,22,101
INV0005774,2025-11-01,NS015,P0020,32,21,26,37
INV0003475,2025-07-01,NS010,P0044,195,174,92,113
INV0002882,2025-06-01,NS008,P0010,107,6,49,150
INV0000782,2025-02-01,NS008,P0036,149,12,91,228
INV0004659,2025-09-01,NS014,P0001,160,56,28,132
INV0000328,2025-01-01,NS010,P0046,129,19,6,116
INV0001003,2025-02-01,NS014,P0005,153,134,11,30
INV0006064,2025-12-01,NS009,P0036,70,13,27,84
INV0000381,2025-01-01,NS011,P0026,200,113,25,112
INV0002359,2025-05-01,NS008,P0044,99,82,87,104
INV0000282,2025-01-01,NS009,P0043,168,15,1,154
INV0000094,2025-01-01,NS003,P0019,158,21,,158
INV0004079,2025-08-01,NS012,P0032,46,9,62,99
INV0003125,2025-06-01,NS015,P0038,139,104,36,71
INV0001915,2025-04-01,NS010,P0021,160,98,83,145
INV0005977,2025-12-01,NS006,P0002,169,163,34,40
INV0003966,2025-08-01,NS009,P0026,107,85,78,100
INV0004109,2025-08-01,NS013,P0045,189,27,92,254
INV0005756,2025-11-01,NS015,P0027,159,72,57,144
INV0002293,2025-05-01,NS006,P0043,178,83,41,136
INV0005805,2025-12-01,NS001,P0015,21,7,99,113
INV0003080,2025-06-01,NS013,P0042,186,171,64,79
INV0001626,2025-04-01,NS002,P0001,67,61,13,19
INV0003866,2025-08-01,NS006,P0002,82,74,89,97
INV0002167,2025-05-01,NS002,P0038,103,79,53,77
INV0002214,2025-05-01,NS004,P0005,127,61,42,108
INV0004007,2025-08-01,NS010,P0014,174,123,50,101
INV0001964,2025-04-01,NS012,P0033,181,47,54,188
INV0002071,2025-04-01,NS015,P0021,38,4,24,58
INV0005983,2025-12-01,NS006,P0018,71,64,83,90
INV0000501,2025-01-01,NS015,P0014,74,55,34,53
INV0002862,2025-06-01,NS007,P0033,105,54,59,110
INV0004295,2025-09-01,NS003,P0002,154,37,40,157
INV0002155,2025-05-01,NS002,P0006,95,7,25,113
INV0002420,2025-05-01,NS010,P0023,56,40,19,35
INV0003444,2025-07-01,NS009,P0031,199,3,64,260
INV0002274,2025-05-01,NS005,P0050,156,21,91,226
INV0005970,2025-12-01,NS006,P0003,75,20,90,145
INV0002484,2025-05-01,NS011,P0002,51,11,40,80
INV0001029,2025-02-01,NS015,P0027,173,88,77,162
INV0004026,2025-08-01,NS011,P0033,122,44,61,139
INV0000382,2025-01-01,NS011,P0015,109,44,21,86
INV0003522,2025-07-01,NS011,P0002,26,11,9,24
INV0003317,2025-07-01,NS005,P0030,123,11,18,130
INV0003349,2025-07-01,NS006,P0034,42,5,99,136
INV0000653,2025-02-01,NS004,P0031,100,90,75,85
INV0001724,2025-04-01,NS005,P0031,23,11,88,100
INV0003601,2025-07-01,NS013,P0022,33,3,85,115
INV0002568,2025-05-01,NS014,P0009,140,132,14,22
INV0000148,2025-01-01,NS005,P0011,119,102,12,29
INV0005115,2025-10-01,NS012,P0014,192,48,50,194
INV0000644,2025-02-01,NS004,P0033,108,28,20,100
INV0005154,2025-10-01,NS013,P0007,52,36,1,17
INV0000864,2025-02-01,NS010,P0019,199,139,24,84
INV0002576,2025-05-01,NS014,P0006,169,53,13,129
INV0005790,2025-12-01,NS001,P0001,69,51,18,36
INV0004062,2025-08-01,NS012,P0025,51,44,70,77
INV0000340,2025-01-01,NS010,P0044,51,20,52,83
INV0004456,2025-09-01,NS008,P0041,95,32,74,137
INV0004752,2025-10-01,NS001,P0008,173,69,65,169
INV0003003,2025-06-01,NS011,P0028,183,117,61,127
INV0003820,2025-08-01,NS005,P0031,38,21,61,78
INV0006020,2025-12-01,NS007,P0009,25,1,51,75
INV0005965,2025-12-01,NS006,P0008,56,15,46,87
INV0005264,2025-11-01,NS001,P0045,21,3,,59
INV0000939,2025-02-01,NS012,P0035,187,59,92,220
INV0000497,2025-01-01,NS015,P0043,140,130,45,55
INV0004528,2025-09-01,NS010,P0044,36,19,48,65
INV0003977,2025-08-01,NS009,P0016,37,13,86,110
INV0002067,2025-04-01,NS015,P0033,148,86,47,109
INV0001180,2025-03-01,NS004,P0026,88,59,48,77
INV0001672,2025-04-01,NS003,P0028,67,23,65,109
INV0005300,2025-11-01,NS002,P0036,149,80,55,124
INV0005190,2025-10-01,NS014,P0025,173,23,59,209
INV0002474,2025-05-01,NS011,P0010,25,3,74,96
INV0002594,2025-05-01,NS015,P0049,94,87,16,23
INV0003762,2025-08-01,NS003,P0044,61,28,70,103
INV0001557,2025-03-01,NS015,P0048,161,26,,161
INV0003712,2025-08-01,NS002,P0048,115,85,50,80
INV0000417,2025-01-01,NS012,P0034,46,20,88,114
INV0006080,2025-12-01,NS009,P0004,107,3,19,123
INV0005297,2025-11-01,NS002,P0004,57,16,27,68
INV0004483,2025-09-01,NS009,P0026,183,85,8,106
INV0004047,2025-08-01,NS011,P0038,101,82,26,45
INV0000668,2025-02-01,NS005,P0007,74,32,12,54
INV0004625,2025-09-01,NS013,P0037,165,28,17,154
INV0006247,2025-12-01,NS014,P0045,155,24,82,213
INV0004690,2025-09-01,NS014,P0017,24,13,18,29
INV0005501,2025-11-01,NS008,P0035,28,5,61,84
INV0006110,2025-12-01,NS010,P0004,29,4,91,116
INV0002285,2025-05-01,NS006,P0049,70,16,59,113
INV0000533,2025-02-01,NS001,P0013,198,89,,121
INV0003452,2025-07-01,NS009,P0009,88,48,79,119
INV0003788,2025-08-01,NS004,P0049,86,55,30,61
INV0002894,2025-06-01,NS008,P0027,59,14,52,97
INV0002306,2025-05-01,NS006,P0013,108,2,76,182
INV0005056,2025-10-01,NS010,P0035,193,86,38,145
INV0004042,2025-08-01,NS011,P0008,107,5,54,156
INV0006081,2025-12-01,NS009,P0007,168,147,67,88
INV0000343,2025-01-01,NS010,P0033,113,73,17,57
INV0001007,2025-02-01,NS014,P0042,121,18,42,145
INV0005634,2025-11-01,NS011,P0028,120,40,65,145
INV0004966,2025-10-01,NS007,P0045,166,100,82,148
INV0002717,2025-06-01,NS003,P0016,160,148,71,83
INV0001799,2025-04-01,NS007,P0017,47,33,61,75
INV0004491,2025-09-01,NS009,P0039,132,9,27,150
INV0004560,2025-09-01,NS011,P0036,180,129,22,73
INV0002581,2025-05-01,NS014,P0005,43,14,30,59
INV0002044,2025-04-01,NS014,P0018,119,43,57,133
INV0002025,2025-04-01,NS013,P0007,85,24,0,61
INV0000031,2025-01-01,NS001,P0028,35,20,81,96
INV0005559,2025-11-01,NS009,P0012,185,172,51,64
INV0001823,2025-04-01,NS008,P0039,84,41,43,86
INV0001336,2025-03-01,NS009,P0019,32,23,78,87
INV0004248,2025-09-01,NS002,P0027,94,82,50,62
INV0000442,2025-01-01,NS013,P0024,115,107,29,37
INV0003416,2025-07-01,NS008,P0033,41,22,44,63
INV0005819,2025-12-01,NS002,P0038,47,25,53,75
INV0002773,2025-06-01,NS005,P0019,101,17,38,122
INV0005462,2025-11-01,NS007,P0023,110,33,79,156
INV0001164,2025-03-01,NS004,P0036,67,54,18,31
INV0002765,2025-06-01,NS004,P0018,30,24,59,65
INV0002089,2025-04-01,NS015,P0007,146,141,5,10
INV0006135,2025-12-01,NS011,P0047,160,56,40,144
INV0002236,2025-05-01,NS004,P0024,52,45,63,70
INV0004800,2025-10-01,NS003,P0036,133,78,31,86
INV0005389,2025-11-01,NS004,P0005,66,33,53,86
INV0004089,2025-08-01,NS012,P0002,116,83,,40
INV0005617,2025-11-01,NS011,P0032,119,46,50,123
INV0000466,2025-01-01,NS014,P0009,197,124,68,141
INV0005558,2025-11-01,NS009,P0003,112,36,96,172
INV0004029,2025-08-01,NS011,P0049,152,60,33,125
INV0005309,2025-11-01,NS002,P0011,159,72,99,186
INV0006206,2025-12-01,NS013,P0026,100,20,,83
INV0004783,2025-10-01,NS002,P0001,178,66,25,137
INV0000841,2025-02-01,NS010,P0044,152,132,48,68
INV0004565,2025-09-01,NS011,P0033,62,37,33,58
INV0001093,2025-03-01,NS002,P0007,173,93,83,163
INV0003975,2025-08-01,NS009,P0024,95,37,51,109
INV0000243,2025-01-01,NS007,P0019,32,13,86,105
INV0001789,2025-04-01,NS007,P0007,55,37,9,27
INV0000656,2025-02-01,NS004,P0038,143,91,56,108
INV0005518,2025-11-01,NS008,P0025,30,15,72,87
INV0005342,2025-11-01,NS003,P0010,114,65,51,100
INV0005944,2025-12-01,NS005,P0002,97,34,76,139
INV0005701,2025-11-01,NS013,P0021,163,157,26,32
INV0002040,2025-04-01,NS014,P0017,21,14,13,20
INV0003378,2025-07-01,NS007,P0019,99,57,22,64
INV0003111,2025-06-01,NS014,P0045,30,4,100,126
INV0002187,2025-05-01,NS003,P0024,127,34,30,123
INV0002150,2025-05-01,NS002,P0011,163,63,93,193
INV0004481,2025-09-01,NS009,P0017,180,48,0,132
INV0005207,2025-10-01,NS014,P0047,173,80,61,154
INV0000087,2025-01-01,NS003,P0020,51,39,,67
INV0002504,2025-05-01,NS012,P0033,40,1,51,90
INV0006090,2025-12-01,NS009,P0033,184,108,11,87
INV0000113,2025-01-01,NS004,P0034,95,81,24,38
INV0002009,2025-04-01,NS013,P0008,192,143,66,115
INV0001625,2025-04-01,NS002,P0030,188,148,50,90
INV0003164,2025-07-01,NS001,P0028,119,86,10,43
INV0003035,2025-06-01,NS012,P0009,167,4,70,233
INV0003775,2025-08-01,NS003,P0019,190,128,86,148
INV0002987,2025-06-01,NS011,P0009,170,106,33,97
INV0005294,2025-11-01,NS002,P0001,158,43,51,166
INV0002666,2025-06-01,NS002,P0027,35,2,85,118
INV0006017,2025-12-01,NS007,P0018,73,38,26,61
INV0003443,2025-07-01,NS009,P0003,82,22,46,106
INV0006146,2025-12-01,NS011,P0018,64,7,99,156
INV0000256,2025-01-01,NS008,P0025,161,151,81,91
INV0000460,2025-01-01,NS014,P0032,65,12,62,115
INV0001586,2025-04-01,NS001,P0025,176,169,95,102
INV0001006,2025-02-01,NS014,P0044,137,52,,131
INV0005749,2025-11-01,NS015,P0011,105,91,100,114
INV0003037,2025-06-01,NS012,P0050,34,16,41,59
INV0002738,2025-06-01,NS004,P0012,162,96,38,104
INV0005654,2025-11-01,NS012,P0049,115,71,18,62
INV0004424,2025-09-01,NS007,P0003,178,29,12,161
INV0003014,2025-06-01,NS012,P0024,79,5,83,157
INV0001933,2025-04-01,NS011,P0023,132,43,92,181
INV0001021,2025-02-01,NS015,P0003,140,46,21,115
INV0003338,2025-07-01,NS006,P0009,64,0,39,103
INV0002505,2025-05-01,NS012,P0019,33,0,29,62
INV0002573,2025-05-01,NS014,P0001,110,101,80,89
INV0004105,2025-08-01,NS013,P0048,174,2,0,172
INV0004522,2025-09-01,NS010,P0033,37,8,18,47
INV0002188,2025-05-01,NS003,P0028,189,177,,87
INV0005428,2025-11-01,NS006,P0035,83,10,76,149
INV0001216,2025-03-01,NS005,P0027,42,6,,67
INV0001884,2025-04-01,NS009,P0029,30,0,1,31
INV0003905,2025-08-01,NS007,P0050,107,99,,25
INV0000067,2025-01-01,NS002,P0011,87,80,16,23
INV0002258,2025-05-01,NS005,P0020,113,57,24,80
INV0000422,2025-01-01,NS013,P0045,154,140,78,92
INV0001112,2025-03-01,NS002,P0003,51,25,,26
INV0002802,2025-06-01,NS006,P0031,33,8,23,48
INV0005950,2025-12-01,NS005,P0018,154,30,7,131
INV0005864,2025-12-01,NS003,P0020,31,1,14,44
INV0002073,2025-04-01,NS015,P0008,181,139,70,112
INV0000556,2025-02-01,NS001,P0041,199,21,14,192
INV0004630,2025-09-01,NS013,P0025,29,17,2,14
INV0000893,2025-02-01,NS011,P0045,188,131,100,157
INV0001829,2025-04-01,NS008,P0003,112,12,31,131
INV0005382,2025-11-01,NS004,P0040,38,15,15,38
INV0002220,2025-05-01,NS004,P0026,76,56,44,64
INV0000981,2025-02-01,NS014,P0017,37,2,69,104
INV0005734,2025-11-01,NS014,P0011,198,185,24,37
INV0005498,2025-11-01,NS008,P0006,55,8,65,112
INV0004945,2025-10-01,NS007,P0006,99,93,50,56
INV0003793,2025-08-01,NS004,P0043,132,11,48,169
INV0005281,2025-11-01,NS001,P0048,36,6,3,33
INV0003203,2025-07-01,NS002,P0023,146,23,,215
INV0005928,2025-12-01,NS005,P0012,22,17,87,92
INV0003781,2025-08-01,NS004,P0018,155,83,11,83
INV0000810,2025-02-01,NS009,P0020,24,12,83,95
INV0000659,2025-02-01,NS004,P0014,181,172,,54
INV0001412,2025-03-01,NS011,P0005,176,114,28,90
INV0004646,2025-09-01,NS013,P0011,21,0,41,62
INV0001401,2025-03-01,NS011,P0031,145,120,65,90
INV0004965,2025-10-01,NS007,P0042,25,13,35,47
INV0002318,2025-05-01,NS007,P0018,113,40,98,171
INV0002366,2025-05-01,NS008,P0031,62,43,73,92
INV0003453,2025-07-01,NS009,P0014,67,20,78,125
INV0005177,2025-10-01,NS013,P0013,148,15,78,211
INV0000483,2025-01-01,NS014,P0045,52,19,83,116
INV0004655,2025-09-01,NS013,P0017,21,0,13,34
INV0003295,2025-07-01,NS005,P0043,82,50,98,130
INV0000133,2025-01-01,NS004,P0014,169,1,83,251
INV0002429,2025-05-01,NS010,P0016,114,88,34,60
INV0005123,2025-10-01,NS012,P0021,113,108,5,10
INV0000307,2025-01-01,NS009,P0050,60,51,28,37
INV0002903,2025-06-01,NS008,P0016,88,21,28,95
INV0002557,2025-05-01,NS014,P0036,104,19,88,173
INV0004004,2025-08-01,NS010,P0045,36,5,71,102
INV0005524,2025-11-01,NS008,P0045,169,9,15,175
INV0005723,2025-11-01,NS014,P0036,181,90,83,174
INV0001237,2025-03-01,NS006,P0018,139,92,28,75
INV0004445,2025-09-01,NS007,P0041,173,15,97,255
INV0002224,2025-05-01,NS004,P0032,39,24,50,65
INV0005929,2025-12-01,NS005,P0035,106,53,95,148
INV0004498,2025-09-01,NS009,P0014,148,70,88,166
INV0000211,2025-01-01,NS007,P0027,171,95,91,167
INV0002785,2025-06-01,NS005,P0017,92,37,58,113
INV0006046,2025-12-01,NS008,P0016,135,42,87,180
INV0004967,2025-10-01,NS007,P0032,55,7,99,147
INV0002555,2025-05-01,NS013,P0028,187,59,20,148
INV0000376,2025-01-01,NS011,P0002,126,94,58,90
INV0003798,2025-08-01,NS004,P0034,109,31,17,95
INV0004124,2025-08-01,NS013,P0024,76,55,37,58
INV0003545,2025-07-01,NS012,P0037,24,8,67,83
INV0003764,2025-08-01,NS003,P0018,22,17,71,76
INV0001756,2025-04-01,NS006,P0018,63,19,62,106
INV0004092,2025-08-01,NS012,P0004,188,97,52,143
INV0003217,2025-07-01,NS002,P0029,22,5,45,62
INV0003940,2025-08-01,NS008,P0021,78,71,32,39
INV0004416,2025-09-01,NS007,P0044,73,48,86,111
INV0003929,2025-08-01,NS008,P0010,113,38,36,111
INV0005304,2025-11-01,NS002,P0005,64,46,7,25
INV0004031,2025-08-01,NS011,P0015,174,0,48,222
INV0005290,2025-11-01,NS002,P0023,22,5,43,60
INV0001386,2025-03-01,NS010,P0010,194,21,83,256
INV0004364,2025-09-01,NS005,P0018,182,75,62,169
INV0004990,2025-10-01,NS008,P0003,89,21,1,69
INV0003683,2025-08-01,NS001,P0021,178,78,50,150
INV0000264,2025-01-01,NS008,P0013,137,55,93,175
INV0002399,2025-05-01,NS009,P0023,60,23,24,61
INV0004968,2025-10-01,NS007,P0011,164,123,55,96
INV0005230,2025-10-01,NS015,P0031,166,98,,115
INV0005163,2025-10-01,NS013,P0023,156,30,76,202
INV0005663,2025-11-01,NS012,P0021,151,40,73,184
INV0003516,2025-07-01,NS011,P0025,173,15,52,210
INV0001118,2025-03-01,NS002,P0046,58,43,36,51
INV0005263,2025-11-01,NS001,P0044,171,41,74,204
INV0003862,2025-08-01,NS006,P0033,158,127,25,56
INV0003962,2025-08-01,NS009,P0050,33,7,,27
INV0001130,2025-03-01,NS003,P0040,74,30,41,85
INV0001597,2025-04-01,NS001,P0031,47,17,84,114
INV0001343,2025-03-01,NS009,P0007,84,50,31,65
INV0005616,2025-11-01,NS011,P0026,115,2,60,173
INV0005453,2025-11-01,NS006,P0029,91,46,42,87
INV0000880,2025-02-01,NS011,P0041,111,52,94,153
INV0003340,2025-07-01,NS006,P0040,129,24,26,131
INV0005167,2025-10-01,NS013,P0006,108,15,92,185
INV0005669,2025-11-01,NS012,P0025,89,18,73,144
INV0002083,2025-04-01,NS015,P0045,63,34,42,71
INV0000379,2025-01-01,NS011,P0007,46,32,86,100
INV0005730,2025-11-01,NS014,P0003,53,24,82,111
INV0002247,2025-05-01,NS005,P0009,60,46,1,15
INV0004128,2025-08-01,NS013,P0034,173,24,72,221
INV0006202,2025-12-01,NS013,P0016,176,130,35,81
INV0005436,2025-11-01,NS006,P0026,35,21,14,28
INV0005386,2025-11-01,NS004,P0008,193,10,2,185
INV0005658,2025-11-01,NS012,P0030,107,71,26,62
INV0002402,2025-05-01,NS009,P0009,50,40,80,90
INV0002195,2025-05-01,NS003,P0047,134,42,45,137
INV0000001,2025-01-01,NS001,P0026,98,48,17,67
INV0002393,2025-05-01,NS009,P0049,184,175,64,73
INV0000637,2025-02-01,NS004,P0023,146,136,26,36
INV0001245,2025-03-01,NS006,P0050,180,1,89,268
INV0002260,2025-05-01,NS005,P0027,119,3,15,131
INV0002460,2025-05-01,NS011,P0042,80,36,79,123
INV0002116,2025-05-01,NS001,P0002,55,19,81,117
INV0001378,2025-03-01,NS010,P0018,25,4,67,88
INV0001071,2025-03-01,NS001,P0002,52,21,25,56
INV0001451,2025-03-01,NS012,P0011,154,69,11,96
INV0002020,2025-04-01,NS013,P0021,55,17,93,131
INV0004662,2025-09-01,NS014,P0016,73,7,20,86
INV0005942,2025-12-01,NS005,P0001,119,99,50,70
INV0005891,2025-12-01,NS004,P0009,172,140,76,108
INV0003648,2025-07-01,NS015,P0041,149,58,31,122
INV0002559,2025-05-01,NS014,P0028,128,86,3,45
INV0004721,2025-09-01,NS015,P0016,154,47,61,168
INV0001886,2025-04-01,NS009,P0019,189,153,11,47
INV0000986,2025-02-01,NS014,P0023,61,24,22,59
INV0002249,2025-05-01,NS005,P0014,71,40,68,99
INV0002064,2025-04-01,NS014,P0029,187,67,79,199
INV0003375,2025-07-01,NS007,P0048,78,15,29,92
INV0005743,2025-11-01,NS015,P0015,198,135,75,138
INV0000750,2025-02-01,NS007,P0047,139,28,0,111
INV0003887,2025-08-01,NS007,P0019,162,12,71,221
INV0001248,2025-03-01,NS006,P0043,87,61,33,59
INV0001070,2025-03-01,NS001,P0005,143,114,7,36
INV0004070,2025-08-01,NS012,P0006,91,72,98,117
INV0000077,2025-01-01,NS003,P0010,158,99,85,144
INV0003436,2025-07-01,NS009,P0005,174,128,54,100
INV0005593,2025-11-01,NS010,P0022,130,67,14,77
INV0003772,2025-08-01,NS003,P0026,103,28,40,115
INV0002443,2025-05-01,NS010,P0042,132,35,60,157
INV0000371,2025-01-01,NS011,P0023,167,0,81,248
INV0002472,2025-05-01,NS011,P0045,155,145,85,95
INV0006253,2025-12-01,NS014,P0013,52,11,84,125
INV0005618,2025-11-01,NS011,P0043,143,61,68,150
INV0002944,2025-06-01,NS010,P0014,91,13,19,97
INV0001431,2025-03-01,NS011,P0044,95,42,26,79
INV0004035,2025-08-01,NS011,P0018,71,24,40,87
INV0005898,2025-12-01,NS004,P0030,168,20,40,188
INV0001299,2025-03-01,NS008,P0010,119,102,44,61
INV0001551,2025-03-01,NS015,P0005,171,5,100,266
INV0001972,2025-04-01,NS012,P0010,120,19,6,107
INV0001945,2025-04-01,NS011,P0013,102,44,65,123
INV0005133,2025-10-01,NS012,P0032,189,52,93,230
INV0001037,2025-02-01,NS015,P0042,87,15,10,82
INV0005744,2025-11-01,NS015,P0050,33,12,40,61
INV0003903,2025-08-01,NS007,P0004,179,61,78,196
INV0001097,2025-03-01,NS002,P0009,150,79,95,166
INV0005424,2025-11-01,NS005,P0034,70,49,72,93
INV0005750,2025-11-01,NS015,P0028,137,27,55,165
INV0002396,2025-05-01,NS009,P0050,32,18,10,24
INV0000041,2025-01-01,NS002,P0028,107,48,32,91
INV0002535,2025-05-01,NS013,P0047,142,121,71,92
INV0001518,2025-03-01,NS014,P0040,73,47,40,66
INV0002354,2025-05-01,NS008,P0043,180,129,18,69
INV0001191,2025-03-01,NS005,P0028,132,108,14,38
INV0002641,2025-06-01,NS001,P0045,51,21,94,124
INV0002997,2025-06-01,NS011,P0034,117,23,37,131
INV0004056,2025-08-01,NS011,P0026,130,64,,69
INV0001252,2025-03-01,NS006,P0019,90,84,57,63
INV0006252,2025-12-01,NS014,P0042,48,3,62,107
INV0001474,2025-03-01,NS013,P0009,160,95,61,126
INV0004313,2025-09-01,NS004,P0047,21,12,75,84
INV0004553,2025-09-01,NS011,P0030,89,82,46,53
INV0005704,2025-11-01,NS013,P0043,198,109,19,108
INV0002787,2025-06-01,NS005,P0025,153,18,89,224
INV0001425,2025-03-01,NS011,P0039,41,16,16,41
INV0000286,2025-01-01,NS009,P0034,70,20,26,76
INV0006234,2025-12-01,NS014,P0043,48,16,21,53
INV0003828,2025-08-01,NS005,P0026,123,42,3,84
INV0000459,2025-01-01,NS014,P0037,97,19,65,143
INV0002014,2025-04-01,NS013,P0017,128,29,57,156
INV0000385,2025-01-01,NS011,P0042,56,28,93,121
INV0005119,2025-10-01,NS012,P0008,141,73,72,140
INV0000563,2025-02-01,NS002,P0040,153,94,72,131
INV0000936,2025-02-01,NS012,P0042,163,17,,217
INV0004117,2025-08-01,NS013,P0006,80,29,89,140
INV0003066,2025-06-01,NS013,P0001,181,134,18,65
INV0006130,2025-12-01,NS011,P0008,38,33,35,40
INV0004962,2025-10-01,NS007,P0014,121,73,60,108
INV0005284,2025-11-01,NS001,P0016,135,78,75,132
INV0002015,2025-04-01,NS013,P0012,181,128,50,103
INV0002183,2025-05-01,NS003,P0006,185,27,61,219
INV0005401,2025-11-01,NS005,P0007,172,65,77,184
INV0002988,2025-06-01,NS011,P0004,41,7,,64
INV0002866,2025-06-01,NS007,P0004,131,65,96,162
INV0005484,2025-11-01,NS007,P0037,178,158,6,26
INV0001997,2025-04-01,NS013,P0029,105,71,99,133
INV0001821,2025-04-01,NS008,P0033,184,14,71,241
INV0005403,2025-11-01,NS005,P0038,120,112,72,80
INV0002226,2025-05-01,NS004,P0038,78,38,34,74
INV0001988,2025-04-01,NS012,P0001,183,78,67,172
INV0006224,2025-12-01,NS013,P0030,62,55,19,26
INV0000692,2025-02-01,NS005,P0033,36,22,64,78
INV0005588,2025-11-01,NS010,P0021,193,102,63,154
INV0003506,2025-07-01,NS011,P0034,155,110,85,130
INV0003539,2025-07-01,NS012,P0022,163,55,60,168
INV0004017,2025-08-01,NS010,P0040,55,33,25,47
INV0003341,2025-07-01,NS006,P0027,190,43,2,149
INV0001450,2025-03-01,NS012,P0008,108,61,64,111
INV0001139,2025-03-01,NS003,P0027,40,19,72,93
INV0003187,2025-07-01,NS002,P0008,144,91,,118
INV0004867,2025-10-01,NS005,P0030,125,88,75,112
INV0001987,2025-04-01,NS012,P0023,110,47,6,69
INV0003252,2025-07-01,NS003,P0016,152,58,3,97
INV0000535,2025-02-01,NS001,P0011,28,3,83,108
INV0003671,2025-07-01,NS015,P0043,92,45,63,110
INV0001098,2025-03-01,NS002,P0015,43,16,46,73
INV0005969,2025-12-01,NS006,P0037,194,15,23,202
INV0002851,2025-06-01,NS007,P0029,56,19,25,62
INV0004999,2025-10-01,NS008,P0016,135,24,25,136
INV0006045,2025-12-01,NS008,P0048,35,23,3,15
INV0002876,2025-06-01,NS008,P0041,154,55,72,171
INV0000582,2025-02-01,NS002,P0032,39,27,63,75
INV0006043,2025-12-01,NS008,P0026,34,18,7,23
INV0003327,2025-07-01,NS006,P0031,28,4,81,105
INV0003052,2025-06-01,NS013,P0010,91,81,32,42
INV0003582,2025-07-01,NS013,P0008,28,12,19,35
INV0003087,2025-06-01,NS014,P0022,128,117,89,100
INV0000301,2025-01-01,NS009,P0015,111,13,48,146
INV0004791,2025-10-01,NS002,P0029,167,29,87,225
INV0003388,2025-07-01,NS007,P0016,90,17,15,88
INV0002426,2025-05-01,NS010,P0005,173,123,40,90
INV0003555,2025-07-01,NS012,P0003,38,10,60,88
INV0005418,2025-11-01,NS005,P0042,127,31,38,134
INV0003557,2025-07-01,NS012,P0041,75,5,59,129
INV0006035,2025-12-01,NS008,P0020,185,125,47,107
INV0001950,2025-04-01,NS011,P0011,175,122,85,138
INV0002018,2025-04-01,NS013,P0040,27,20,78,85
INV0005623,2025-11-01,NS011,P0013,88,75,14,27
INV0001735,2025-04-01,NS005,P0017,157,95,37,99
INV0001339,2025-03-01,NS009,P0012,39,20,71,90
INV0002757,2025-06-01,NS004,P0043,22,4,5,23
INV0000868,2025-02-01,NS010,P0010,185,166,62,81
INV0003495,2025-07-01,NS010,P0025,171,79,67,159
INV0005336,2025-11-01,NS003,P0017,123,35,69,157
INV0002630,2025-06-01,NS001,P0042,198,48,71,221
INV0000965,2025-02-01,NS013,P0040,131,30,38,139
INV0004818,2025-10-01,NS003,P0044,115,17,4,102
INV0004006,2025-08-01,NS010,P0038,143,117,4,30
INV0001283,2025-03-01,NS007,P0033,75,70,64,69
INV0003813,2025-08-01,NS004,P0032,77,25,17,69
INV0002725,2025-06-01,NS003,P0044,39,13,21,47
INV0002551,2025-05-01,NS013,P0026,141,75,5,71
INV0001287,2025-03-01,NS007,P0023,111,41,34,104
INV0001108,2025-03-01,NS002,P0039,165,8,37,194
INV0003635,2025-07-01,NS014,P0026,47,22,14,39
INV0003860,2025-08-01,NS006,P0044,58,32,67,93
INV0005728,2025-11-01,NS014,P0031,165,25,49,189
INV0004261,2025-09-01,NS002,P0050,110,73,79,116
INV0001649,2025-04-01,NS003,P0036,180,107,22,95
INV0003026,2025-06-01,NS012,P0040,168,9,27,186
INV0002955,2025-06-01,NS010,P0044,74,28,75,121
INV0004677,2025-09-01,NS014,P0028,53,47,32,38
INV0003928,2025-08-01,NS008,P0001,27,6,,41
INV0005082,2025-10-01,NS011,P0018,22,2,60,80
INV0003074,2025-06-01,NS013,P0026,159,148,85,96
INV0005748,2025-11-01,NS015,P0013,193,25,7,175
INV0003674,2025-07-01,NS015,P0039,123,2,62,183
INV0001235,2025-03-01,NS006,P0015,133,89,26,70
INV0004382,2025-09-01,NS006,P0034,132,114,26,44
INV0000585,2025-02-01,NS002,P0029,52,1,55,106
INV0000521,2025-01-01,NS015,P0001,75,42,17,50
INV0005298,2025-11-01,NS002,P0034,23,8,73,88
INV0006172,2025-12-01,NS012,P0049,102,11,69,160
INV0004084,2025-08-01,NS012,P0003,75,67,37,45
INV0000512,2025-01-01,NS015,P0007,175,0,17,192
INV0002869,2025-06-01,NS007,P0013,61,33,69,97
INV0001303,2025-03-01,NS008,P0015,152,10,1,143
INV0001361,2025-03-01,NS009,P0006,194,53,42,183
INV0004224,2025-09-01,NS001,P0001,22,15,,80
INV0002827,2025-06-01,NS006,P0030,40,12,31,59
INV0005220,2025-10-01,NS015,P0043,124,15,7,116
INV0000195,2025-01-01,NS006,P0038,46,12,10,44
INV0005375,2025-11-01,NS004,P0028,124,39,34,119
INV0000775,2025-02-01,NS008,P0043,171,46,82,207
INV0005889,2025-12-01,NS004,P0018,177,22,,209
INV0001850,2025-04-01,NS008,P0029,150,71,73,152
INV0002953,2025-06-01,NS010,P0046,47,5,38,80
INV0000016,2025-01-01,NS001,P0005,168,124,15,59
INV0005333,2025-11-01,NS003,P0043,50,7,,49
INV0004395,2025-09-01,NS006,P0050,188,105,1,84
INV0003020,2025-06-01,NS012,P0031,180,172,50,58
INV0003869,2025-08-01,NS006,P0042,150,103,28,75
INV0001691,2025-04-01,NS004,P0017,163,29,74,208
INV0002241,2025-05-01,NS005,P0019,196,14,13,195
INV0001188,2025-03-01,NS004,P0016,135,56,79,158
INV0003640,2025-07-01,NS014,P0003,38,21,42,59
INV0003971,2025-08-01,NS009,P0048,44,28,8,24
INV0006026,2025-12-01,NS008,P0025,42,3,43,82
INV0001032,2025-02-01,NS015,P0032,116,13,77,180
INV0000003,2025-01-01,NS001,P0044,123,56,23,90
INV0003747,2025-08-01,NS003,P0042,24,8,44,60
INV0002892,2025-06-01,NS008,P0020,175,77,94,192
INV0002524,2025-05-01,NS013,P0018,131,13,80,198
INV0002519,2025-05-01,NS012,P0006,165,75,76,166
INV0002591,2025-05-01,NS015,P0040,88,73,75,90
INV0001898,2025-04-01,NS010,P0030,115,110,65,70
INV0003153,2025-07-01,NS001,P0024,52,40,29,41
INV0006010,2025-12-01,NS007,P0025,166,26,76,216
INV0006132,2025-12-01,NS011,P0012,22,12,76,86
INV0001682,2025-04-01,NS004,P0026,59,34,37,62
INV0005237,2025-10-01,NS015,P0010,76,66,24,34
INV0002321,2025-05-01,NS007,P0028,181,126,64,119
INV0002276,2025-05-01,NS006,P0044,37,3,20,54
INV0002522,2025-05-01,NS013,P0035,151,24,9,136
INV0004312,2025-09-01,NS004,P0025,57,29,13,41
INV0004529,2025-09-01,NS010,P0017,44,9,17,52
INV0002840,2025-06-01,NS007,P0017,181,111,36,106
INV0000995,2025-02-01,NS014,P0011,59,2,,64
INV0000667,2025-02-01,NS005,P0001,88,39,66,115
INV0003575,2025-07-01,NS013,P0007,72,36,5,41
INV0003922,2025-08-01,NS008,P0019,83,25,73,131
INV0003247,2025-07-01,NS003,P0012,195,64,93,224
INV0000210,2025-01-01,NS006,P0032,115,11,84,188
INV0003864,2025-08-01,NS006,P0048,23,7,44,60
INV0001863,2025-04-01,NS009,P0046,35,8,12,39
INV0002372,2025-05-01,NS008,P0042,109,68,91,132
INV0000859,2025-02-01,NS010,P0014,98,14,56,140
INV0006066,2025-12-01,NS009,P0002,38,18,46,66
INV0002887,2025-06-01,NS008,P0023,66,60,65,71
INV0001380,2025-03-01,NS010,P0022,152,92,62,122
INV0005441,2025-11-01,NS006,P0039,154,106,4,52
INV0005878,2025-12-01,NS003,P0043,183,150,46,79
INV0000176,2025-01-01,NS006,P0036,66,21,79,124
INV0001214,2025-03-01,NS005,P0047,21,10,4,15
INV0000246,2025-01-01,NS008,P0012,187,88,66,165
INV0004238,2025-09-01,NS002,P0020,45,9,56,92
INV0000222,2025-01-01,NS007,P0030,63,25,30,68
INV0001669,2025-04-01,NS003,P0030,71,36,25,60
INV0000974,2025-02-01,NS013,P0047,42,34,90,98
INV0002401,2025-05-01,NS009,P0006,29,14,7,22
INV0004922,2025-10-01,NS006,P0002,148,63,91,176
INV0002718,2025-06-01,NS003,P0027,50,35,78,93
INV0005468,2025-11-01,NS007,P0014,175,68,0,107
INV0004066,2025-08-01,NS012,P0022,159,113,70,116
INV0000990,2025-02-01,NS014,P0049,148,41,35,142
INV0004450,2025-09-01,NS008,P0008,81,39,57,99
INV0004346,2025-09-01,NS005,P0045,164,148,82,98
INV0005175,2025-10-01,NS013,P0012,190,158,75,107
INV0001774,2025-04-01,NS006,P0030,181,166,21,36
INV0001137,2025-03-01,NS003,P0038,172,99,99,172
INV0002846,2025-06-01,NS007,P0047,132,98,5,39
INV0003659,2025-07-01,NS015,P0009,151,98,19,72
INV0004169,2025-08-01,NS015,P0029,78,27,80,131
INV0004705,2025-09-01,NS015,P0011,141,76,9,74
INV0002537,2025-05-01,NS013,P0045,174,57,78,195
INV0003053,2025-06-01,NS013,P0050,154,10,55,199
INV0004640,2025-09-01,NS013,P0021,199,123,13,89
INV0003579,2025-07-01,NS013,P0018,187,108,7,86
INV0003043,2025-06-01,NS012,P0038,53,22,65,96
INV0001077,2025-03-01,NS001,P0034,189,33,1,157
INV0001334,2025-03-01,NS009,P0018,91,59,50,82
INV0000223,2025-01-01,NS007,P0029,113,33,6,86
INV0001946,2025-04-01,NS011,P0005,163,158,5,10
INV0003413,2025-07-01,NS008,P0008,55,38,81,98
INV0001074,2025-03-01,NS001,P0018,168,127,99,140
INV0002710,2025-06-01,NS003,P0029,30,24,19,25
INV0002436,2025-05-01,NS010,P0002,87,22,20,85
INV0005620,2025-11-01,NS011,P0014,36,28,11,19
INV0000552,2025-02-01,NS001,P0012,53,30,0,23
INV0002544,2025-05-01,NS013,P0027,106,27,10,89
INV0001660,2025-04-01,NS003,P0046,133,43,25,115
INV0003137,2025-06-01,NS015,P0040,162,123,73,112
INV0002486,2025-05-01,NS012,P0026,127,46,14,95
INV0005157,2025-10-01,NS013,P0001,131,20,25,136
INV0001969,2025-04-01,NS012,P0047,45,40,60,65
INV0005580,2025-11-01,NS010,P0010,200,139,90,151
INV0005562,2025-11-01,NS009,P0009,82,5,40,117
INV0000523,2025-01-01,NS015,P0013,152,135,17,34
INV0005538,2025-11-01,NS009,P0042,119,82,24,61
INV0003510,2025-07-01,NS011,P0014,185,172,43,56
INV0003992,2025-08-01,NS010,P0010,116,98,39,57
INV0000250,2025-01-01,NS008,P0036,88,49,28,67
INV0000022,2025-01-01,NS001,P0048,75,43,93,125
INV0005708,2025-11-01,NS014,P0023,124,61,24,87
INV0005893,2025-12-01,NS004,P0045,26,11,82,97
INV0000870,2025-02-01,NS010,P0048,173,94,12,91
INV0005387,2025-11-01,NS004,P0033,98,93,83,88
INV0003871,2025-08-01,NS006,P0046,138,74,13,77
INV0002574,2025-05-01,NS014,P0045,60,33,8,35
INV0004386,2025-09-01,NS006,P0006,96,1,19,114
INV0003741,2025-08-01,NS002,P0015,135,95,44,84
INV0002126,2025-05-01,NS001,P0007,91,79,,18
INV0001690,2025-04-01,NS004,P0015,199,134,38,103
INV0005973,2025-12-01,NS006,P0046,80,27,11,64
INV0000961,2025-02-01,NS013,P0034,62,49,8,21
INV0002079,2025-04-01,NS015,P0014,174,1,99,272
INV0000441,2025-01-01,NS013,P0042,147,19,73,201
INV0004924,2025-10-01,NS006,P0015,68,47,40,61
INV0003858,2025-08-01,NS006,P0040,68,53,20,35
INV0001893,2025-04-01,NS010,P0040,114,76,63,101
INV0001409,2025-03-01,NS011,P0002,63,27,,134
INV0004575,2025-09-01,NS011,P0012,50,15,80,115
INV0001267,2025-03-01,NS007,P0048,161,108,52,105
INV0000885,2025-02-01,NS011,P0010,35,4,,127
INV0000105,2025-01-01,NS003,P0028,76,4,0,72
INV0005751,2025-11-01,NS015,P0030,165,155,38,48
INV0002133,2025-05-01,NS001,P0008,158,115,16,59
INV0004344,2025-09-01,NS005,P0006,77,34,4,47
INV0004688,2025-09-01,NS014,P0048,110,86,76,100
INV0005094,2025-10-01,NS011,P0007,153,129,62,86
INV0003118,2025-06-01,NS015,P0037,85,32,87,140
INV0001126,2025-03-01,NS003,P0005,46,3,99,142
INV0003645,2025-07-01,NS015,P0016,91,80,45,56
INV0004700,2025-09-01,NS015,P0014,41,14,81,108
INV0004502,2025-09-01,NS009,P0006,42,14,47,75
INV0003484,2025-07-01,NS010,P0006,143,98,41,86
INV0005960,2025-12-01,NS006,P0042,68,61,15,22
INV0002076,2025-04-01,NS015,P0013,62,40,76,98
INV0001847,2025-04-01,NS008,P0035,22,4,77,95
INV0003314,2025-07-01,NS005,P0034,122,48,43,117
INV0005365,2025-11-01,NS004,P0044,40,10,11,41
INV0002697,2025-06-01,NS003,P0040,101,67,37,71
INV0001056,2025-03-01,NS001,P0007,93,39,26,80
INV0001484,2025-03-01,NS013,P0029,161,90,94,165
INV0003878,2025-08-01,NS006,P0036,191,174,6,23
INV0004509,2025-09-01,NS009,P0005,173,124,50,99
INV0001194,2025-03-01,NS005,P0009,157,126,27,58
INV0000779,2025-02-01,NS008,P0035,63,17,,136
INV0003554,2025-07-01,NS012,P0026,98,72,36,62
INV0001005,2025-02-01,NS014,P0025,159,42,18,135
INV0005485,2025-11-01,NS007,P0043,144,114,53,83
INV0004778,2025-10-01,NS002,P0018,42,35,17,24
INV0001659,2025-04-01,NS003,P0016,128,76,4,56
INV0002006,2025-04-01,NS013,P0003,94,29,75,140
INV0001160,2025-03-01,NS004,P0001,146,87,21,80
INV0002024,2025-04-01,NS013,P0024,180,149,10,41
INV0002563,2025-05-01,NS014,P0046,45,27,3,21
INV0001255,2025-03-01,NS006,P0034,105,85,88,108
INV0003755,2025-08-01,NS003,P0039,77,70,70,77
INV0002035,2025-04-01,NS014,P0033,73,33,10,50
INV0005853,2025-12-01,NS003,P0024,124,43,,113
INV0002217,2025-05-01,NS004,P0048,183,14,90,259
INV0001514,2025-03-01,NS014,P0036,166,142,99,123
INV0001348,2025-03-01,NS009,P0037,175,2,24,197
INV0000341,2025-01-01,NS010,P0037,191,161,25,55
INV0005502,2025-11-01,NS008,P0050,90,76,33,47
INV0001559,2025-03-01,NS015,P0024,36,10,,62
INV0005824,2025-12-01,NS002,P0016,43,22,41,62
INV0004902,2025-10-01,NS006,P0004,198,145,41,94
INV0001193,2025-03-01,NS005,P0043,92,7,40,125
INV0001206,2025-03-01,NS005,P0035,152,117,12,47
INV0005256,2025-11-01,NS001,P0036,127,118,58,67
INV0001455,2025-03-01,NS012,P0026,163,116,67,114
INV0003808,2025-08-01,NS004,P0042,104,73,97,128
INV0000030,2025-01-01,NS001,P0003,137,116,22,43
INV0004054,2025-08-01,NS011,P0012,177,167,32,42
INV0001765,2025-04-01,NS006,P0036,166,98,23,91
INV0005786,2025-12-01,NS001,P0034,56,28,61,89
INV0000634,2025-02-01,NS004,P0034,99,60,85,124
INV0000451,2025-01-01,NS013,P0027,165,120,37,82
INV0003577,2025-07-01,NS013,P0029,43,4,60,99
INV0002937,2025-06-01,NS009,P0046,50,22,22,50
INV0004087,2025-08-01,NS012,P0036,59,33,65,91
INV0000777,2025-02-01,NS008,P0047,176,134,11,53
INV0001367,2025-03-01,NS010,P0027,179,64,68,183
INV0004612,2025-09-01,NS012,P0019,189,38,14,165
INV0005655,2025-11-01,NS012,P0020,85,3,70,152
INV0001262,2025-03-01,NS007,P0026,131,108,,78
INV0003749,2025-08-01,NS003,P0006,134,107,27,54
INV0003456,2025-07-01,NS009,P0044,186,83,67,170
INV0004298,2025-09-01,NS003,P0042,62,36,71,97
INV0000423,2025-01-01,NS013,P0034,46,13,90,123
INV0005503,2025-11-01,NS008,P0032,33,13,90,110
INV0003185,2025-07-01,NS001,P0006,149,49,76,176
INV0000822,2025-02-01,NS009,P0008,103,58,71,116
INV0005707,2025-11-01,NS014,P0041,31,5,,37
INV0002378,2025-05-01,NS008,P0025,90,32,13,71
INV0001947,2025-04-01,NS011,P0029,184,86,27,125
INV0001066,2025-03-01,NS001,P0025,55,49,32,38
INV0005858,2025-12-01,NS003,P0006,177,19,17,175
INV0000120,2025-01-01,NS004,P0041,28,12,66,82
INV0002203,2025-05-01,NS003,P0029,97,8,66,155
INV0002048,2025-04-01,NS014,P0035,134,39,95,190
INV0004600,2025-09-01,NS012,P0014,189,120,76,145
INV0000026,2025-01-01,NS001,P0029,139,125,71,85
INV0006199,2025-12-01,NS013,P0011,27,3,26,50
INV0001656,2025-04-01,NS003,P0034,119,96,41,64
INV0002511,2025-05-01,NS012,P0028,49,37,46,58
INV0000299,2025-01-01,NS009,P0037,126,104,37,59
INV0002052,2025-04-01,NS014,P0047,120,104,95,111
INV0005384,2025-11-01,NS004,P0027,35,15,49,69
INV0000922,2025-02-01,NS012,P0033,121,47,61,135
INV0001208,2025-03-01,NS005,P0042,146,54,71,163
INV0004340,2025-09-01,NS004,P0041,193,17,89,265
INV0003205,2025-07-01,NS002,P0031,28,16,5,17
INV0002981,2025-06-01,NS011,P0047,50,23,18,45
INV0002349,2025-05-01,NS008,P0015,115,77,14,52
INV0000727,2025-02-01,NS006,P0034,113,3,96,206
INV0005936,2025-12-01,NS005,P0032,137,101,53,89
INV0005561,2025-11-01,NS009,P0026,90,10,41,121
INV0003994,2025-08-01,NS010,P0042,102,8,51,145
INV0005199,2025-10-01,NS014,P0038,107,76,35,66
INV0004906,2025-10-01,NS006,P0027,132,21,97,208
INV0000546,2025-02-01,NS001,P0046,58,10,15,63
INV0002317,2025-05-01,NS007,P0029,85,42,,134
INV0000260,2025-01-01,NS008,P0007,179,32,8,155
INV0005061,2025-10-01,NS010,P0027,22,6,41,57
INV0002145,2025-05-01,NS002,P0050,47,25,63,85
INV0002668,2025-06-01,NS002,P0002,88,24,79,143
INV0003732,2025-08-01,NS002,P0014,111,61,32,82
INV0005828,2025-12-01,NS002,P0024,103,65,90,128
INV0003759,2025-08-01,NS003,P0014,24,6,32,50
INV0001575,2025-03-01,NS015,P0006,82,65,22,39
INV0005892,2025-12-01,NS004,P0029,190,139,76,127
INV0004497,2025-09-01,NS009,P0013,158,60,,196
INV0001891,2025-04-01,NS010,P0043,175,93,53,135
INV0004175,2025-08-01,NS015,P0012,113,102,18,29
INV0005640,2025-11-01,NS012,P0014,142,101,64,105
INV0002085,2025-04-01,NS015,P0006,31,17,19,33
INV0001600,2025-04-01,NS001,P0038,40,31,56,65
INV0005924,2025-12-01,NS005,P0008,139,36,97,200
INV0000088,2025-01-01,NS003,P0035,82,39,50,93
INV0003273,2025-07-01,NS004,P0002,128,114,16,30
INV0002369,2025-05-01,NS008,P0005,33,25,81,89
INV0000871,2025-02-01,NS010,P0003,167,31,24,160
INV0000602,2025-02-01,NS003,P0048,73,68,50,55
INV0000664,2025-02-01,NS004,P0035,37,29,72,80
INV0000966,2025-02-01,NS013,P0043,158,123,8,43
INV0001264,2025-03-01,NS007,P0028,123,32,5,96
INV0006103,2025-12-01,NS010,P0037,99,63,47,83
INV0000580,2025-02-01,NS002,P0006,48,10,27,65
INV0005393,2025-11-01,NS005,P0009,58,37,27,48
INV0002072,2025-04-01,NS015,P0050,112,88,65,89
INV0004992,2025-10-01,NS008,P0018,64,4,12,72
INV0004225,2025-09-01,NS001,P0034,112,72,62,102
INV0000592,2025-02-01,NS002,P0041,196,105,34,125
INV0005572,2025-11-01,NS010,P0043,101,56,52,97
INV0003630,2025-07-01,NS014,P0002,85,69,12,28
INV0000368,2025-01-01,NS011,P0004,140,134,74,80
INV0000446,2025-01-01,NS013,P0002,139,27,48,160
INV0002294,2025-05-01,NS006,P0040,92,39,33,86
INV0002086,2025-04-01,NS015,P0041,45,0,56,101
INV0005775,2025-11-01,NS015,P0033,83,60,82,105
INV0003681,2025-08-01,NS001,P0009,117,33,43,127
INV0005457,2025-11-01,NS006,P0014,32,0,71,103
INV0001394,2025-03-01,NS010,P0009,139,131,6,14
INV0000579,2025-02-01,NS002,P0042,108,54,59,113
INV0004217,2025-09-01,NS001,P0047,176,51,87,212
INV0001593,2025-04-01,NS001,P0007,150,140,48,58
INV0001382,2025-03-01,NS010,P0029,42,22,96,116
INV0001568,2025-03-01,NS015,P0035,171,84,98,185
INV0002878,2025-06-01,NS008,P0030,98,0,31,129
INV0005232,2025-10-01,NS015,P0022,94,72,,79
INV0001256,2025-03-01,NS006,P0026,132,83,36,85
INV0000130,2025-01-01,NS004,P0032,32,23,44,53
INV0002169,2025-05-01,NS002,P0014,118,57,10,71
INV0002280,2025-05-01,NS006,P0036,132,108,95,119
INV0005185,2025-10-01,NS014,P0021,168,125,16,59
INV0003393,2025-07-01,NS007,P0014,162,68,46,140
INV0001161,2025-03-01,NS004,P0050,108,23,88,173
INV0004764,2025-10-01,NS002,P0031,59,35,92,116
INV0006280,2025-12-01,NS015,P0049,60,51,99,108
INV0003310,2025-07-01,NS005,P0013,46,20,39,65
INV0005166,2025-10-01,NS013,P0040,39,15,9,33
INV0001733,2025-04-01,NS005,P0044,110,31,100,179
INV0001405,2025-03-01,NS011,P0046,175,25,68,218
INV0006271,2025-12-01,NS015,P0034,79,32,38,85
INV0001456,2025-03-01,NS012,P0031,184,164,40,60
INV0002339,2025-05-01,NS007,P0044,194,127,94,161
INV0004057,2025-08-01,NS011,P0047,159,118,29,70
INV0004095,2025-08-01,NS012,P0037,174,91,88,171
INV0000200,2025-01-01,NS006,P0030,109,91,44,62
INV0003872,2025-08-01,NS006,P0006,172,128,64,108
INV0003274,2025-07-01,NS004,P0031,174,54,10,130
INV0002147,2025-05-01,NS002,P0004,166,73,97,190
INV0002831,2025-06-01,NS006,P0047,48,24,30,54
INV0004476,2025-09-01,NS008,P0010,96,22,,156
INV0005405,2025-11-01,NS005,P0013,121,98,3,26
INV0001794,2025-04-01,NS007,P0042,54,13,32,73
INV0005267,2025-11-01,NS001,P0047,46,21,17,42
INV0006106,2025-12-01,NS010,P0019,84,3,73,154
INV0005506,2025-11-01,NS008,P0041,31,7,79,103
INV0000472,2025-01-01,NS014,P0036,99,89,69,79
INV0004648,2025-09-01,NS013,P0041,121,102,35,54
INV0004953,2025-10-01,NS007,P0001,93,44,38,87
INV0002605,2025-05-01,NS015,P0003,83,19,34,98
INV0001198,2025-03-01,NS005,P0030,191,135,15,71
INV0001142,2025-03-01,NS003,P0044,159,121,66,104
INV0002462,2025-05-01,NS011,P0030,117,111,60,66
INV0000703,2025-02-01,NS006,P0038,93,58,2,37
INV0005736,2025-11-01,NS014,P0038,193,54,20,159
INV0003173,2025-07-01,NS001,P0013,76,27,34,83
INV0002602,2025-05-01,NS015,P0037,111,92,86,105
INV0003895,2025-08-01,NS007,P0021,127,56,45,116
INV0001305,2025-03-01,NS008,P0002,172,85,64,151
INV0000145,2025-01-01,NS005,P0038,41,25,27,43
INV0004492,2025-09-01,NS009,P0025,192,161,21,52
INV0004178,2025-08-01,NS015,P0033,63,40,42,65
INV0001517,2025-03-01,NS014,P0013,63,37,54,80
INV0005029,2025-10-01,NS009,P0049,61,13,89,137
INV0003942,2025-08-01,NS008,P0049,121,28,84,177
INV0000482,2025-01-01,NS014,P0019,183,37,79,225
INV0000858,2025-02-01,NS010,P0038,86,64,39,61
INV0000129,2025-01-01,NS004,P0023,153,47,88,194
INV0000427,2025-01-01,NS013,P0001,177,155,63,85
INV0001614,2025-04-01,NS002,P0024,192,160,72,104
INV0001814,2025-04-01,NS007,P0032,67,2,89,154
INV0000699,2025-02-01,NS005,P0006,53,16,70,107
INV0001355,2025-03-01,NS009,P0033,185,107,23,101
INV0000187,2025-01-01,NS006,P0017,171,20,76,227
INV0001914,2025-04-01,NS010,P0023,153,125,43,71
INV0004946,2025-10-01,NS007,P0036,87,50,2,39
INV0006194,2025-12-01,NS012,P0021,136,65,4,75
INV0004324,2025-09-01,NS004,P0021,130,41,78,167
INV0005258,2025-11-01,NS001,P0017,142,23,84,203
INV0002144,2025-05-01,NS002,P0016,189,79,57,167
INV0000771,2025-02-01,NS008,P0014,158,14,70,214
INV0005493,2025-11-01,NS007,P0050,131,72,13,72
INV0001322,2025-03-01,NS008,P0041,27,4,15,38
INV0005646,2025-11-01,NS012,P0026,98,18,41,121
INV0001410,2025-03-01,NS011,P0019,110,19,67,158
INV0005639,2025-11-01,NS012,P0012,24,10,16,30
INV0004768,2025-10-01,NS002,P0032,110,101,44,53
INV0004535,2025-09-01,NS010,P0023,114,30,37,121
INV0002165,2025-05-01,NS002,P0047,60,35,12,37
INV0004623,2025-09-01,NS013,P0047,84,63,10,31
INV0005612,2025-11-01,NS011,P0023,151,58,6,99
INV0006003,2025-12-01,NS007,P0023,184,33,35,186
INV0005692,2025-11-01,NS013,P0032,177,57,93,213
INV0000878,2025-02-01,NS011,P0034,151,8,53,196
INV0000836,2025-02-01,NS009,P0035,42,3,12,51
INV0006126,2025-12-01,NS011,P0004,53,46,35,42
INV0002328,2025-05-01,NS007,P0009,129,18,10,121
INV0004619,2025-09-01,NS012,P0001,30,0,0,30
INV0005553,2025-11-01,NS009,P0036,130,70,5,65
INV0001089,2025-03-01,NS002,P0001,197,36,90,251
INV0003386,2025-07-01,NS007,P0029,42,13,23,52
INV0005033,2025-10-01,NS009,P0009,191,130,62,123
INV0004094,2025-08-01,NS012,P0044,82,41,50,91
INV0004920,2025-10-01,NS006,P0013,36,3,93,126
INV0002213,2025-05-01,NS004,P0037,92,71,41,62
INV0003967,2025-08-01,NS009,P0034,146,114,80,112
INV0005162,2025-10-01,NS013,P0042,160,79,43,124
INV0005542,2025-11-01,NS009,P0023,31,9,74,96
INV0000464,2025-01-01,NS014,P0004,127,61,13,79
INV0002121,2025-05-01,NS001,P0042,107,94,63,76
INV0005615,2025-11-01,NS011,P0020,97,11,53,139
INV0006258,2025-12-01,NS014,P0041,77,62,29,44
INV0000175,2025-01-01,NS005,P0048,23,7,83,99
INV0001515,2025-03-01,NS014,P0031,40,11,2,31
INV0005122,2025-10-01,NS012,P0024,147,23,18,142
INV0001519,2025-03-01,NS014,P0042,199,59,21,161
INV0004129,2025-08-01,NS013,P0042,198,115,42,125
INV0001499,2025-03-01,NS013,P0004,191,10,10,191
INV0005193,2025-10-01,NS014,P0030,72,49,54,77
INV0001483,2025-03-01,NS013,P0003,165,124,33,74
INV0001491,2025-03-01,NS013,P0036,150,110,89,129
INV0005280,2025-11-01,NS001,P0028,117,67,10,60
INV0006025,2025-12-01,NS008,P0035,82,16,100,166
INV0000723,2025-02-01,NS006,P0030,196,158,1,39
INV0005089,2025-10-01,NS011,P0047,107,64,80,123
INV0002301,2025-05-01,NS006,P0011,158,81,71,148
INV0002740,2025-06-01,NS004,P0008,122,36,50,136
INV0004460,2025-09-01,NS008,P0031,123,45,,166
INV0005350,2025-11-01,NS003,P0002,190,32,60,218
INV0001861,2025-04-01,NS009,P0031,35,24,16,27
INV0006244,2025-12-01,NS014,P0029,104,62,39,81
INV0004642,2025-09-01,NS013,P0044,199,43,37,193
INV0004843,2025-10-01,NS004,P0033,85,15,80,150
INV0005021,2025-10-01,NS009,P0011,120,111,79,88
INV0006055,2025-12-01,NS008,P0006,178,145,2,35
INV0006060,2025-12-01,NS009,P0015,165,121,,82
INV0002172,2025-05-01,NS003,P0036,179,6,44,217
INV0004270,2025-09-01,NS002,P0012,40,0,77,117
INV0004212,2025-09-01,NS001,P0029,27,4,62,85
INV0003818,2025-08-01,NS005,P0046,184,112,70,142
INV0003038,2025-06-01,NS012,P0043,85,19,35,101
INV0000709,2025-02-01,NS006,P0015,62,35,96,123
INV0004834,2025-10-01,NS004,P0024,177,113,0,64
INV0000172,2025-01-01,NS005,P0028,32,2,60,90
INV0001913,2025-04-01,NS010,P0012,159,78,46,127
INV0001096,2025-03-01,NS002,P0021,116,3,79,192
INV0002852,2025-06-01,NS007,P0011,37,5,4,36
INV0005915,2025-12-01,NS004,P0032,72,56,,22
INV0002118,2025-05-01,NS001,P0015,181,75,63,169
INV0003543,2025-07-01,NS012,P0028,126,2,55,179
INV0003983,2025-08-01,NS009,P0006,172,15,,202
INV0005148,2025-10-01,NS013,P0016,29,11,55,73
INV0005512,2025-11-01,NS008,P0015,166,35,20,151
INV0005650,2025-11-01,NS012,P0031,153,87,86,152
INV0000706,2025-02-01,NS006,P0008,69,11,,133
INV0002650,2025-06-01,NS001,P0049,181,170,44,55
INV0000491,2025-01-01,NS015,P0024,148,60,53,141
INV0002387,2025-05-01,NS009,P0015,106,46,8,68
INV0000826,2025-02-01,NS009,P0019,120,41,41,120
INV0002388,2025-05-01,NS009,P0002,31,24,44,51
INV0000627,2025-02-01,NS003,P0030,86,81,83,88
INV0002940,2025-06-01,NS009,P0003,128,101,52,79
INV0006235,2025-12-01,NS014,P0006,193,100,53,146
INV0004741,2025-10-01,NS001,P0041,128,54,87,161
INV0000220,2025-01-01,NS007,P0037,91,17,61,135
INV0005721,2025-11-01,NS014,P0017,37,30,17,24
INV0005272,2025-11-01,NS001,P0019,119,105,32,46
INV0004421,2025-09-01,NS007,P0036,81,48,10,43
INV0005415,2025-11-01,NS005,P0043,100,11,18,107
INV0004928,2025-10-01,NS006,P0009,172,81,37,128
INV0000092,2025-01-01,NS003,P0033,153,100,3,56
INV0005270,2025-11-01,NS001,P0030,30,21,6,15
INV0006208,2025-12-01,NS013,P0046,23,13,75,85
INV0004873,2025-10-01,NS005,P0023,58,26,40,72
INV0002357,2025-05-01,NS008,P0024,112,46,1,67
INV0002298,2025-05-01,NS006,P0017,123,66,72,129
INV0004514,2025-09-01,NS009,P0008,41,5,14,50
INV0005946,2025-12-01,NS005,P0007,54,29,69,94
INV0003528,2025-07-01,NS011,P0019,130,85,,110
INV0002383,2025-05-01,NS009,P0046,49,26,37,60
INV0005285,2025-11-01,NS001,P0011,35,13,33,55
INV0003564,2025-07-01,NS012,P0014,137,42,27,122
INV0003592,2025-07-01,NS013,P0031,157,0,86,243
INV0002430,2025-05-01,NS010,P0044,75,15,12,72
INV0005127,2025-10-01,NS012,P0030,49,26,93,116
INV0005739,2025-11-01,NS014,P0037,98,42,80,136
INV0000640,2025-02-01,NS004,P0050,134,44,87,177
INV0004319,2025-09-01,NS004,P0030,69,34,68,103
INV0003497,2025-07-01,NS010,P0038,95,72,64,87
INV0004431,2025-09-01,NS007,P0014,56,44,68,80
INV0004726,2025-10-01,NS001,P0011,174,120,6,60
INV0005069,2025-10-01,NS010,P0021,35,28,52,59
INV0004461,2025-09-01,NS008,P0007,171,30,15,156
INV0002810,2025-06-01,NS006,P0001,141,49,51,143
INV0000689,2025-02-01,NS005,P0047,91,25,61,127
INV0003932,2025-08-01,NS008,P0047,144,120,55,79
INV0001053,2025-03-01,NS001,P0013,26,5,86,107
INV0003001,2025-06-01,NS011,P0031,47,22,75,100
INV0005055,2025-10-01,NS010,P0049,75,26,8,57
INV0000559,2025-02-01,NS001,P0014,43,16,88,115
INV0002107,2025-05-01,NS001,P0006,177,25,36,188
INV0000694,2025-02-01,NS005,P0022,195,173,81,103
INV0005295,2025-11-01,NS002,P0007,93,69,13,37
INV0004860,2025-10-01,NS004,P0026,188,38,77,227
INV0006149,2025-12-01,NS011,P0006,169,155,67,81
INV0000182,2025-01-01,NS006,P0013,27,12,61,76
INV0005793,2025-12-01,NS001,P0009,25,3,76,98
INV0003355,2025-07-01,NS006,P0038,40,3,61,98
INV0001136,2025-03-01,NS003,P0030,46,16,53,83
INV0002745,2025-06-01,NS004,P0007,176,25,83,234
INV0005097,2025-10-01,NS011,P0014,123,57,37,103
INV0006246,2025-12-01,NS014,P0046,87,16,70,141
INV0004745,2025-10-01,NS001,P0049,77,3,0,74
INV0003219,2025-07-01,NS002,P0042,162,67,54,149
INV0005479,2025-11-01,NS007,P0017,124,64,68,128
INV0004100,2025-08-01,NS013,P0020,130,62,28,96
INV0001662,2025-04-01,NS003,P0045,155,12,81,224
INV0006136,2025-12-01,NS011,P0043,72,35,14,51
INV0000226,2025-01-01,NS007,P0005,83,21,33,95
INV0002407,2025-05-01,NS009,P0012,83,17,29,95
INV0005505,2025-11-01,NS008,P0003,153,60,59,152
INV0003616,2025-07-01,NS014,P0019,191,93,21,119
INV0000620,2025-02-01,NS003,P0024,91,84,52,59
INV0004462,2025-09-01,NS008,P0036,142,99,24,67
INV0006210,2025-12-01,NS013,P0050,160,113,98,145
INV0001189,2025-03-01,NS004,P0027,102,36,32,98
INV0003626,2025-07-01,NS014,P0040,41,30,91,102
INV0005117,2025-10-01,NS012,P0037,34,18,,84
INV0004099,2025-08-01,NS013,P0038,144,17,21,148
INV0003390,2025-07-01,NS007,P0013,168,116,72,124
INV0003328,2025-07-01,NS006,P0036,38,18,7,27
INV0000259,2025-01-01,NS008,P0021,160,141,76,95
INV0004852,2025-10-01,NS004,P0007,96,74,88,110
INV0001629,2025-04-01,NS002,P0036,69,29,18,58
INV0000074,2025-01-01,NS003,P0046,68,15,13,66
INV0001775,2025-04-01,NS006,P0002,31,5,12,38
INV0001403,2025-03-01,NS011,P0020,168,146,47,69
INV0001407,2025-03-01,NS011,P0040,155,54,42,143
INV0004913,2025-10-01,NS006,P0001,48,36,32,44
INV0002414,2025-05-01,NS009,P0043,143,24,92,211
INV0005194,2025-10-01,NS014,P0002,54,9,7,52
INV0001143,2025-03-01,NS003,P0008,196,164,64,96
INV0005902,2025-12-01,NS004,P0007,154,117,42,79
INV0001572,2025-03-01,NS015,P0046,93,52,53,94
INV0002348,2025-05-01,NS008,P0009,20,0,14,34
INV0005425,2025-11-01,NS005,P0011,185,7,50,228
INV0000638,2025-02-01,NS004,P0036,25,20,100,105
INV0000693,2025-02-01,NS005,P0011,20,8,75,87
INV0000305,2025-01-01,NS009,P0009,27,2,89,114
INV0004499,2025-09-01,NS009,P0019,67,18,69,118
INV0006215,2025-12-01,NS013,P0032,99,56,58,101
INV0003710,2025-08-01,NS001,P0015,108,87,5,26
INV0004352,2025-09-01,NS005,P0024,34,3,52,83
INV0006120,2025-12-01,NS010,P0026,85,24,61,122
INV0000048,2025-01-01,NS002,P0047,91,58,76,109
INV0005316,2025-11-01,NS002,P0037,121,39,66,148
INV0006230,2025-12-01,NS013,P0045,165,69,69,165
INV0003210,2025-07-01,NS002,P0013,128,51,5,82
INV0002174,2025-05-01,NS003,P0005,130,25,,180
INV0003758,2025-08-01,NS003,P0012,151,14,20,157
INV0000319,2025-01-01,NS010,P0029,130,77,2,55
INV0003290,2025-07-01,NS004,P0042,152,52,65,165
INV0005005,2025-10-01,NS008,P0024,93,79,96,110
INV0002661,2025-06-01,NS002,P0001,181,106,6,81
INV0004907,2025-10-01,NS006,P0029,50,32,69,87
INV0002652,2025-06-01,NS001,P0038,111,54,5,62
INV0005265,2025-11-01,NS001,P0026,84,37,3,50
INV0000532,2025-02-01,NS001,P0025,153,13,51,191
INV0005683,2025-11-01,NS013,P0027,110,83,,81
INV0005601,2025-11-01,NS011,P0012,130,55,73,148
INV0000279,2025-01-01,NS008,P0018,179,141,64,102
INV0000071,2025-01-01,NS003,P0012,147,117,91,121
INV0001617,2025-04-01,NS002,P0025,187,40,11,158
INV0006188,2025-12-01,NS012,P0016,55,5,43,93
INV0000121,2025-01-01,NS004,P0046,89,6,,84
INV0002515,2025-05-01,NS012,P0024,105,5,77,177
INV0004222,2025-09-01,NS001,P0013,174,106,89,157
INV0000545,2025-02-01,NS001,P0048,96,58,69,107
INV0004296,2025-09-01,NS003,P0008,149,91,59,117
INV0000234,2025-01-01,NS007,P0038,160,33,43,170
INV0000009,2025-01-01,NS001,P0027,77,61,,55
INV0002934,2025-06-01,NS009,P0009,175,53,26,148
INV0002148,2025-05-01,NS002,P0029,150,92,81,139
INV0000863,2025-02-01,NS010,P0047,171,6,62,227
INV0000796,2025-02-01,NS008,P0017,113,69,14,58
INV0005143,2025-10-01,NS012,P0010,40,35,77,82
INV0005862,2025-12-01,NS003,P0035,43,9,98,132
INV0001958,2025-04-01,NS011,P0002,76,62,99,113
INV0000764,2025-02-01,NS007,P0016,196,71,22,147
INV0002521,2025-05-01,NS013,P0029,27,4,57,80
INV0005820,2025-12-01,NS002,P0001,55,32,,102
INV0006138,2025-12-01,NS011,P0036,51,1,53,103
INV0001359,2025-03-01,NS009,P0024,61,53,55,63
INV0005871,2025-12-01,NS003,P0047,160,8,48,200
INV0002694,2025-06-01,NS002,P0026,163,152,92,103
INV0001075,2025-03-01,NS001,P0044,135,25,2,112
INV0002915,2025-06-01,NS009,P0024,160,12,65,213
INV0002131,2025-05-01,NS001,P0035,140,102,27,65
INV0001694,2025-04-01,NS004,P0045,113,89,82,106
INV0003946,2025-08-01,NS008,P0039,28,12,87,103
INV0000160,2025-01-01,NS005,P0015,128,70,69,127
INV0000992,2025-02-01,NS014,P0006,55,19,41,77
INV0002526,2025-05-01,NS013,P0008,62,1,47,108
INV0005455,2025-11-01,NS006,P0040,90,46,60,104
INV0001333,2025-03-01,NS009,P0001,79,27,14,66
INV0003826,2025-08-01,NS005,P0010,62,40,72,94
INV0005296,2025-11-01,NS002,P0039,83,15,19,87
INV0002119,2025-05-01,NS001,P0011,133,27,2,108
INV0000839,2025-02-01,NS009,P0002,56,47,84,93
INV0001637,2025-04-01,NS002,P0003,111,44,18,85
INV0002175,2025-05-01,NS003,P0039,119,31,71,159
INV0002416,2025-05-01,NS010,P0008,118,33,30,115
INV0004351,2025-09-01,NS005,P0047,143,51,5,97
INV0003321,2025-07-01,NS005,P0015,54,10,47,91
INV0003384,2025-07-01,NS007,P0044,85,23,26,88
INV0003092,2025-06-01,NS014,P0019,20,13,77,84
INV0003451,2025-07-01,NS009,P0049,171,70,58,159
INV0000152,2025-01-01,NS005,P0004,51,11,60,100
INV0001608,2025-04-01,NS001,P0024,22,13,46,55
INV0003115,2025-06-01,NS014,P0008,21,8,85,98
INV0004024,2025-08-01,NS010,P0005,61,4,93,150
INV0001038,2025-02-01,NS015,P0048,152,75,95,172
INV0005434,2025-11-01,NS006,P0047,69,62,31,38
INV0000470,2025-01-01,NS014,P0042,129,95,90,124
INV0003525,2025-07-01,NS011,P0031,171,74,65,162
INV0005324,2025-11-01,NS003,P0042,49,30,45,64
INV0001389,2025-03-01,NS010,P0008,21,9,38,50
INV0000407,2025-01-01,NS012,P0016,181,105,68,144
INV0003334,2025-07-01,NS006,P0017,43,20,36,59
INV0001980,2025-04-01,NS012,P0030,59,21,100,138
INV0001350,2025-03-01,NS009,P0050,119,42,34,111
INV0002011,2025-04-01,NS013,P0046,88,67,64,85
INV0003643,2025-07-01,NS015,P0025,181,109,51,123
INV0000584,2025-02-01,NS002,P0027,59,6,96,149
INV0001442,2025-03-01,NS012,P0034,66,40,9,35
INV0000453,2025-01-01,NS013,P0049,79,15,91,155
INV0001353,2025-03-01,NS009,P0031,53,27,28,54
INV0004083,2025-08-01,NS012,P0014,199,48,46,197
INV0001524,2025-03-01,NS014,P0014,87,32,52,107
INV0006139,2025-12-01,NS011,P0002,69,12,98,155
INV0000266,2025-01-01,NS008,P0042,187,97,43,133
INV0003198,2025-07-01,NS002,P0012,88,21,46,113
INV0000618,2025-02-01,NS003,P0035,69,19,85,135
INV0005283,2025-11-01,NS001,P0043,107,89,9,27
INV0003998,2025-08-01,NS010,P0031,123,118,41,46
INV0005691,2025-11-01,NS013,P0033,84,21,39,102
INV0000416,2025-01-01,NS012,P0040,44,8,75,111
INV0000034,2025-01-01,NS001,P0043,80,5,20,95
INV0001986,2025-04-01,NS012,P0018,106,60,67,113
INV0002618,2025-05-01,NS015,P0005,111,16,,114
INV0000784,2025-02-01,NS008,P0009,155,100,42,97
INV0001754,2025-04-01,NS006,P0004,56,10,88,134
INV0002037,2025-04-01,NS014,P0048,133,13,66,186
INV0006176,2025-12-01,NS012,P0002,82,71,87,98
INV0004430,2025-09-01,NS007,P0012,124,22,4,106
INV0004251,2025-09-01,NS002,P0034,22,10,71,83
INV0000312,2025-01-01,NS009,P0035,111,40,18,89
INV0004387,2025-09-01,NS006,P0004,69,1,45,113
INV0004198,2025-08-01,NS015,P0044,130,34,52,148
INV0003457,2025-07-01,NS009,P0040,90,7,26,109
INV0005433,2025-11-01,NS006,P0002,27,19,92,100
INV0002938,2025-06-01,NS009,P0013,82,1,84,165
INV0002527,2025-05-01,NS013,P0017,87,4,34,117
INV0003010,2025-06-01,NS011,P0020,98,65,54,87
INV0000487,2025-01-01,NS014,P0022,108,48,30,90
INV0002229,2025-05-01,NS004,P0025,182,27,56,211
INV0000484,2025-01-01,NS014,P0020,109,76,7,40
INV0005347,2025-11-01,NS003,P0001,95,28,50,117
INV0003809,2025-08-01,NS004,P0022,46,30,64,80
INV0002951,2025-06-01,NS010,P0022,125,58,36,103
INV0005651,2025-11-01,NS012,P0040,80,25,86,141
INV0000403,2025-01-01,NS012,P0007,157,105,96,148
INV0004910,2025-10-01,NS006,P0006,51,11,47,87
INV0002729,2025-06-01,NS003,P0003,52,22,75,105
INV0001881,2025-04-01,NS009,P0017,197,168,48,77
INV0000099,2025-01-01,NS003,P0050,150,60,60,150
INV0001976,2025-04-01,NS012,P0028,127,39,88,176
INV0001522,2025-03-01,NS014,P0007,23,4,17,36
INV0005733,2025-11-01,NS014,P0028,187,78,73,182
INV0001758,2025-04-01,NS006,P0033,181,175,2,8
INV0001815,2025-04-01,NS007,P0031,46,1,89,134
INV0000089,2025-01-01,NS003,P0011,194,20,96,270
INV0002763,2025-06-01,NS004,P0019,141,67,39,113
INV0002154,2025-05-01,NS002,P0009,33,21,48,60
INV0002179,2025-05-01,NS003,P0015,59,22,52,89
INV0001992,2025-04-01,NS012,P0045,175,74,16,117
INV0001901,2025-04-01,NS010,P0004,169,45,1,125
INV0001982,2025-04-01,NS012,P0003,59,45,68,82
INV0006236,2025-12-01,NS014,P0017,185,162,82,105
INV0002431,2025-05-01,NS010,P0015,77,0,79,156
INV0005992,2025-12-01,NS007,P0040,137,46,55,146
INV0004637,2025-09-01,NS013,P0049,89,83,47,53
INV0004530,2025-09-01,NS010,P0030,82,74,13,21
INV0001360,2025-03-01,NS009,P0013,72,47,80,105
INV0002905,2025-06-01,NS008,P0021,27,8,30,49
INV0003490,2025-07-01,NS010,P0045,77,21,36,92
INV0001320,2025-03-01,NS008,P0042,43,5,79,117
INV0000954,2025-02-01,NS013,P0002,22,9,36,49
INV0002999,2025-06-01,NS011,P0049,87,73,98,112
INV0005427,2025-11-01,NS006,P0041,121,26,25,120
INV0003431,2025-07-01,NS009,P0016,104,79,59,84
INV0001186,2025-03-01,NS004,P0010,109,24,25,110
INV0002449,2025-05-01,NS010,P0034,187,171,39,55
INV0004302,2025-09-01,NS003,P0025,27,11,,32
INV0002469,2025-05-01,NS011,P0014,69,58,79,90
INV0001581,2025-04-01,NS001,P0027,124,17,46,153
INV0000875,2025-02-01,NS010,P0025,155,93,65,127
INV0004088,2025-08-01,NS012,P0046,58,43,79,94
INV0003885,2025-08-01,NS006,P0018,32,6,68,94
INV0005018,2025-10-01,NS009,P0039,39,19,50,70
INV0005151,2025-10-01,NS013,P0050,116,81,36,71
INV0000832,2025-02-01,NS009,P0005,30,5,95,120
INV0003046,2025-06-01,NS013,P0004,85,15,2,72
INV0006036,2025-12-01,NS008,P0044,27,21,23,29
INV0005998,2025-12-01,NS007,P0044,130,95,45,80
INV0000479,2025-01-01,NS014,P0003,198,24,3,177
INV0006288,2025-12-01,NS015,P0026,33,3,85,115
INV0001576,2025-04-01,NS001,P0045,117,78,62,101
INV0000778,2025-02-01,NS008,P0049,38,33,49,54
INV0002254,2025-05-01,NS005,P0025,109,62,61,108
INV0000228,2025-01-01,NS007,P0034,180,168,94,106
INV0002843,2025-06-01,NS007,P0041,175,110,83,148
INV0001426,2025-03-01,NS011,P0047,181,64,27,144
INV0003309,2025-07-01,NS005,P0033,102,89,80,93
INV0002054,2025-04-01,NS014,P0049,132,26,26,132
INV0004037,2025-08-01,NS011,P0032,127,9,40,158
INV0004185,2025-08-01,NS015,P0022,148,28,96,216
INV0002984,2025-06-01,NS011,P0021,120,67,52,105
INV0000624,2025-02-01,NS003,P0037,122,112,86,96
INV0000842,2025-02-01,NS010,P0040,185,33,98,250
INV0003658,2025-07-01,NS015,P0024,105,9,49,145
INV0001832,2025-04-01,NS008,P0025,110,67,10,53
INV0000037,2025-01-01,NS002,P0018,122,59,72,135
INV0002860,2025-06-01,NS007,P0003,67,42,29,54
INV0004647,2025-09-01,NS013,P0031,67,37,43,73
INV0000412,2025-01-01,NS012,P0026,40,21,16,35
INV0006200,2025-12-01,NS013,P0003,170,151,32,51
INV0000742,2025-02-01,NS007,P0008,188,53,53,188
INV0005086,2025-10-01,NS011,P0013,134,117,85,102
INV0004981,2025-10-01,NS008,P0015,129,15,82,196
INV0006233,2025-12-01,NS014,P0009,175,91,50,134
INV0006249,2025-12-01,NS014,P0023,122,105,88,105
INV0003605,2025-07-01,NS013,P0050,189,83,75,181
INV0004486,2025-09-01,NS009,P0037,177,48,42,171
INV0005724,2025-11-01,NS014,P0029,79,6,28,101
INV0002865,2025-06-01,NS007,P0045,191,175,97,113
INV0001837,2025-04-01,NS008,P0049,144,69,98,173
INV0001666,2025-04-01,NS003,P0048,139,134,43,48
INV0002419,2025-05-01,NS010,P0048,86,28,68,126
INV0005568,2025-11-01,NS010,P0011,156,69,90,177
INV0002463,2025-05-01,NS011,P0028,114,41,89,162
INV0003652,2025-07-01,NS015,P0036,85,67,67,85
INV0000809,2025-02-01,NS009,P0042,83,41,,84
INV0000082,2025-01-01,NS003,P0043,49,6,,109
INV0006128,2025-12-01,NS011,P0029,199,52,50,197
INV0004320,2025-09-01,NS004,P0010,174,63,,134
INV0002528,2025-05-01,NS013,P0041,150,50,99,199
INV0002084,2025-04-01,NS015,P0015,163,150,29,42
INV0006131,2025-12-01,NS011,P0032,137,111,95,121
INV0002023,2025-04-01,NS013,P0037,165,150,87,102
INV0005088,2025-10-01,NS011,P0042,151,145,62,68
INV0002805,2025-06-01,NS006,P0042,75,35,84,124
INV0002798,2025-06-01,NS005,P0022,89,16,78,151
INV0002898,2025-06-01,NS008,P0033,190,83,63,170
INV0000845,2025-02-01,NS010,P0009,65,1,18,82
INV0000383,2025-01-01,NS011,P0019,146,131,32,47
INV0002428,2025-05-01,NS010,P0039,26,12,52,66
INV0006011,2025-12-01,NS007,P0047,49,23,62,88
INV0002364,2025-05-01,NS008,P0006,107,74,47,80
INV0004441,2025-09-01,NS007,P0043,48,8,18,58
INV0000359,2025-01-01,NS011,P0036,45,27,92,110
INV0003812,2025-08-01,NS004,P0006,96,23,70,143
INV0001726,2025-04-01,NS005,P0048,80,1,38,117
INV0003621,2025-07-01,NS014,P0006,94,86,31,39
INV0001556,2025-03-01,NS015,P0018,175,96,,155
INV0003838,2025-08-01,NS005,P0017,161,154,35,42
INV0005165,2025-10-01,NS013,P0003,133,117,14,30
INV0000937,2025-02-01,NS012,P0043,78,57,18,39
INV0002587,2025-05-01,NS014,P0047,88,71,48,65
INV0003622,2025-07-01,NS014,P0022,84,8,4,80
INV0005252,2025-11-01,NS001,P0013,177,74,66,169
INV0000683,2025-02-01,NS005,P0012,84,55,48,77
INV0004467,2025-09-01,NS008,P0042,24,5,84,103
INV0003220,2025-07-01,NS002,P0009,160,49,3,114
INV0004955,2025-10-01,NS007,P0050,123,22,54,155
INV0002848,2025-06-01,NS007,P0024,21,0,96,117
INV0005404,2025-11-01,NS005,P0036,62,15,58,105
INV0002972,2025-06-01,NS010,P0011,113,72,53,94
INV0001612,2025-04-01,NS002,P0031,23,18,42,47
INV0006031,2025-12-01,NS008,P0015,94,15,12,91
INV0002832,2025-06-01,NS006,P0002,37,21,59,75
INV0003084,2025-06-01,NS014,P0024,47,19,65,93
INV0003639,2025-07-01,NS014,P0009,178,112,,154
INV0001296,2025-03-01,NS008,P0032,28,18,68,78
INV0003263,2025-07-01,NS004,P0036,98,14,0,84
INV0003318,2025-07-01,NS005,P0017,151,2,45,194
INV0004687,2025-09-01,NS014,P0011,169,114,38,93
INV0003890,2025-08-01,NS007,P0001,197,96,81,182
INV0000956,2025-02-01,NS013,P0030,132,90,81,123
INV0002141,2025-05-01,NS002,P0013,86,34,75,127
INV0004432,2025-09-01,NS007,P0030,79,46,51,84
INV0004440,2025-09-01,NS007,P0009,31,11,6,26
INV0005714,2025-11-01,NS014,P0022,91,7,29,113
INV0003729,2025-08-01,NS002,P0006,90,35,28,83
INV0005062,2025-10-01,NS010,P0007,97,74,13,36
INV0006115,2025-12-01,NS010,P0045,168,82,36,122
INV0004362,2025-09-01,NS005,P0027,199,193,36,42
INV0001732,2025-04-01,NS005,P0023,93,71,5,27
INV0005041,2025-10-01,NS010,P0001,124,10,16,130
INV0003258,2025-07-01,NS004,P0025,93,17,79,155
INV0002548,2025-05-01,NS013,P0044,65,59,87,93
INV0004192,2025-08-01,NS015,P0003,68,26,60,102
INV0003155,2025-07-01,NS001,P0010,116,90,36,62
INV0004730,2025-10-01,NS001,P0029,94,55,46,85
INV0002585,2025-05-01,NS014,P0022,79,68,41,52
INV0004443,2025-09-01,NS007,P0002,143,20,93,216
INV0002060,2025-04-01,NS014,P0039,135,94,6,47
INV0002480,2025-05-01,NS011,P0012,90,33,34,91
INV0001545,2025-03-01,NS015,P0003,163,56,93,200
INV0006300,2025-12-01,NS015,P0003,89,83,78,84
INV0001044,2025-02-01,NS015,P0044,49,30,10,29
INV0005243,2025-10-01,NS015,P0041,34,0,37,71
INV0004389,2025-09-01,NS006,P0022,197,20,16,193
INV0000655,2025-02-01,NS004,P0010,88,76,83,95
INV0002160,2025-05-01,NS002,P0010,32,17,45,60
INV0000023,2025-01-01,NS001,P0012,195,22,99,272
INV0001560,2025-03-01,NS015,P0044,165,92,35,108
INV0001427,2025-03-01,NS011,P0038,57,38,35,54
INV0001055,2025-03-01,NS001,P0038,43,25,60,78
INV0004941,2025-10-01,NS007,P0012,46,25,57,78
INV0002134,2025-05-01,NS001,P0024,139,90,58,107
INV0001540,2025-03-01,NS014,P0039,38,28,,25
INV0005910,2025-12-01,NS004,P0014,96,20,44,120
INV0002608,2025-05-01,NS015,P0034,166,82,60,144
INV0003131,2025-06-01,NS015,P0035,53,22,99,130
INV0002438,2025-05-01,NS010,P0028,64,2,39,101
INV0005059,2025-10-01,NS010,P0042,27,6,58,79
INV0003581,2025-07-01,NS013,P0036,140,17,39,162
INV0000747,2025-02-01,NS007,P0037,105,100,44,49
INV0003189,2025-07-01,NS002,P0003,155,58,35,132
INV0001278,2025-03-01,NS007,P0003,43,9,75,109
INV0000673,2025-02-01,NS005,P0013,125,116,75,84
INV0004374,2025-09-01,NS005,P0005,49,11,25,63
INV0001502,2025-03-01,NS013,P0016,46,13,81,114
INV0003287,2025-07-01,NS004,P0021,24,11,3,16
INV0005120,2025-10-01,NS012,P0029,125,57,10,78
INV0001291,2025-03-01,NS007,P0022,188,47,41,182
INV0003613,2025-07-01,NS014,P0035,30,25,2,7
INV0003136,2025-06-01,NS015,P0015,182,65,76,193
INV0003917,2025-08-01,NS007,P0031,51,17,94,128
INV0000477,2025-01-01,NS014,P0007,121,12,35,144
INV0005729,2025-11-01,NS014,P0050,126,96,10,40
INV0002042,2025-04-01,NS014,P0013,103,93,89,99
INV0005144,2025-10-01,NS012,P0004,193,25,55,223
INV0001052,2025-03-01,NS001,P0010,88,20,9,77
INV0003366,2025-07-01,NS007,P0045,94,69,,78
INV0003239,2025-07-01,NS003,P0037,69,58,86,97
INV0000943,2025-02-01,NS012,P0041,83,51,62,94
INV0001571,2025-03-01,NS015,P0032,76,37,,46
INV0005694,2025-11-01,NS013,P0046,154,66,85,173
INV0003110,2025-06-01,NS014,P0028,198,130,2,70
INV0004125,2025-08-01,NS013,P0014,20,6,3,17
INV0004628,2025-09-01,NS013,P0026,156,126,3,33
INV0002218,2025-05-01,NS004,P0002,191,151,61,101
INV0002939,2025-06-01,NS009,P0023,25,10,10,25
INV0002264,2025-05-01,NS005,P0018,171,99,89,161
INV0005923,2025-12-01,NS005,P0046,69,42,32,59
INV0004219,2025-09-01,NS001,P0012,31,15,70,86
INV0002863,2025-06-01,NS007,P0006,198,159,73,112
INV0002995,2025-06-01,NS011,P0043,34,4,36,66
INV0004422,2025-09-01,NS007,P0008,125,107,5,23
INV0005804,2025-12-01,NS001,P0022,77,35,13,55
INV0001957,2025-04-01,NS011,P0050,153,13,21,161
INV0001416,2025-03-01,NS011,P0043,160,27,31,164
INV0002041,2025-04-01,NS014,P0002,46,3,20,63
INV0005136,2025-10-01,NS012,P0006,125,62,56,119
INV0005966,2025-12-01,NS006,P0033,29,5,72,96
INV0001452,2025-03-01,NS012,P0038,92,44,98,146
INV0003027,2025-06-01,NS012,P0033,73,20,94,147
INV0003873,2025-08-01,NS006,P0009,149,134,50,65
INV0002406,2025-05-01,NS009,P0025,154,12,,173
INV0000916,2025-02-01,NS012,P0038,200,5,28,223
INV0006140,2025-12-01,NS011,P0026,104,15,66,155
INV0001822,2025-04-01,NS008,P0050,113,51,18,80
INV0005135,2025-10-01,NS012,P0026,148,52,73,169
INV0003350,2025-07-01,NS006,P0012,194,89,5,110
INV0001449,2025-03-01,NS012,P0023,111,42,,167
INV0004477,2025-09-01,NS008,P0023,95,39,100,156
INV0000073,2025-01-01,NS003,P0049,163,64,92,191
INV0002966,2025-06-01,NS010,P0024,170,146,46,70
INV0003847,2025-08-01,NS005,P0040,112,68,63,107
INV0002074,2025-04-01,NS015,P0039,90,45,63,108
INV0002993,2025-06-01,NS011,P0045,163,38,11,136
INV0005586,2025-11-01,NS010,P0017,125,62,60,123
INV0000201,2025-01-01,NS006,P0041,69,25,45,89
INV0001681,2025-04-01,NS004,P0025,176,101,,120
INV0006016,2025-12-01,NS007,P0010,60,47,33,46
INV0000433,2025-01-01,NS013,P0007,71,46,53,78
INV0005693,2025-11-01,NS013,P0026,175,116,55,114
INV0003706,2025-08-01,NS001,P0031,69,60,2,11
INV0001663,2025-04-01,NS003,P0001,85,67,61,79
INV0004793,2025-10-01,NS002,P0028,89,61,22,50
INV0002352,2025-05-01,NS008,P0026,89,28,80,141
INV0004015,2025-08-01,NS010,P0015,93,1,66,158
INV0003935,2025-08-01,NS008,P0035,83,52,50,81
INV0001680,2025-04-01,NS003,P0015,191,113,79,157
INV0002580,2025-05-01,NS014,P0032,115,23,29,121
INV0003604,2025-07-01,NS013,P0012,63,26,72,109
INV0005036,2025-10-01,NS009,P0020,185,78,45,152
INV0004627,2025-09-01,NS013,P0028,199,88,64,175
INV0001704,2025-04-01,NS004,P0024,124,91,33,66
INV0002322,2025-05-01,NS007,P0004,33,11,39,61
INV0001039,2025-02-01,NS015,P0029,147,101,21,67
INV0005291,2025-11-01,NS002,P0006,31,20,16,27
INV0003190,2025-07-01,NS002,P0026,117,18,41,140
INV0004620,2025-09-01,NS012,P0031,181,76,7,112
INV0005344,2025-11-01,NS003,P0027,37,20,57,74
INV0002687,2025-06-01,NS002,P0041,52,20,28,60
INV0005528,2025-11-01,NS008,P0049,179,144,8,43
INV0000588,2025-02-01,NS002,P0012,170,95,66,141
INV0001026,2025-02-01,NS015,P0024,183,167,81,97
INV0001185,2025-03-01,NS004,P0039,124,100,50,74
INV0001271,2025-03-01,NS007,P0025,140,94,67,113
INV0000650,2025-02-01,NS004,P0027,39,24,18,33
INV0000530,2025-02-01,NS001,P0031,127,40,6,93
INV0004349,2025-09-01,NS005,P0022,131,51,42,122
INV0004028,2025-08-01,NS011,P0025,161,41,66,186
INV0004176,2025-08-01,NS015,P0023,85,11,44,118
INV0001844,2025-04-01,NS008,P0014,104,64,60,100
INV0001065,2025-03-01,NS001,P0041,71,42,99,128
INV0003313,2025-07-01,NS005,P0031,166,60,25,131
INV0000932,2025-02-01,NS012,P0036,28,2,61,87
INV0005895,2025-12-01,NS004,P0001,54,23,92,123
INV0005286,2025-11-01,NS002,P0050,103,28,17,92
INV0003126,2025-06-01,NS015,P0026,98,83,12,27
INV0000311,2025-01-01,NS009,P0007,122,55,52,119
INV0004471,2025-09-01,NS008,P0047,152,97,77,132
INV0003996,2025-08-01,NS010,P0028,172,107,33,98
INV0002750,2025-06-01,NS004,P0029,198,16,38,220
INV0005765,2025-11-01,NS015,P0049,59,29,63,93
INV0002864,2025-06-01,NS007,P0048,142,16,35,161
INV0000185,2025-01-01,NS006,P0049,153,60,43,136
INV0002936,2025-06-01,NS009,P0021,185,159,31,57
INV0003883,2025-08-01,NS006,P0001,22,13,60,69
INV0002513,2025-05-01,NS012,P0017,52,10,82,124
INV0001718,2025-04-01,NS005,P0025,191,25,18,184
INV0002606,2025-05-01,NS015,P0032,62,20,34,76
INV0005341,2025-11-01,NS003,P0005,80,22,68,126
INV0005746,2025-11-01,NS015,P0005,179,57,0,122
INV0000574,2025-02-01,NS002,P0009,194,171,13,36
INV0000918,2025-02-01,NS012,P0037,121,57,61,125
INV0001150,2025-03-01,NS003,P0012,28,20,17,25
INV0001144,2025-03-01,NS003,P0003,194,164,61,91
INV0002272,2025-05-01,NS005,P0031,144,61,26,109
INV0001650,2025-04-01,NS003,P0026,32,9,27,50
INV0002347,2025-05-01,NS008,P0032,160,17,61,204
INV0005597,2025-11-01,NS010,P0007,87,56,49,80
INV0000738,2025-02-01,NS007,P0028,87,24,67,130
INV0005293,2025-11-01,NS002,P0019,121,46,18,93
INV0003817,2025-08-01,NS005,P0048,41,8,68,101
INV0002412,2025-05-01,NS009,P0029,29,10,70,89
INV0000902,2025-02-01,NS011,P0005,160,14,93,239
INV0001977,2025-04-01,NS012,P0032,29,1,56,84
INV0001282,2025-03-01,NS007,P0008,190,157,83,116
INV0003269,2025-07-01,NS004,P0001,163,114,7,56
INV0000979,2025-02-01,NS013,P0026,52,17,27,62
INV0001081,2025-03-01,NS001,P0015,113,8,60,165
INV0003960,2025-08-01,NS009,P0036,142,98,83,127
INV0002589,2025-05-01,NS014,P0024,32,2,51,81
INV0002965,2025-06-01,NS010,P0009,59,47,22,34
INV0000135,2025-01-01,NS004,P0005,168,116,1,53
INV0002595,2025-05-01,NS015,P0020,47,31,14,30
INV0001546,2025-03-01,NS015,P0036,83,8,18,93
INV0004723,2025-09-01,NS015,P0025,128,18,78,188
INV0000188,2025-01-01,NS006,P0039,174,132,53,95
INV0002470,2025-05-01,NS011,P0025,141,58,95,178
INV0003665,2025-07-01,NS015,P0001,88,71,85,102
INV0003642,2025-07-01,NS015,P0017,23,5,35,53
INV0002746,2025-06-01,NS004,P0005,131,19,71,183
INV0006093,2025-12-01,NS010,P0015,36,28,81,89
INV0006268,2025-12-01,NS015,P0005,74,35,25,64
INV0003532,2025-07-01,NS011,P0026,79,60,54,73
INV0005227,2025-10-01,NS015,P0034,104,26,31,109
INV0001918,2025-04-01,NS010,P0024,69,26,12,55
INV0000426,2025-01-01,NS013,P0013,156,123,65,98
INV0002788,2025-06-01,NS005,P0009,158,81,88,165
INV0003877,2025-08-01,NS006,P0008,192,51,31,172
INV0001434,2025-03-01,NS011,P0018,135,67,13,81
INV0006112,2025-12-01,NS010,P0009,100,42,97,155
INV0002327,2025-05-01,NS007,P0005,40,31,91,100
INV0005423,2025-11-01,NS005,P0012,35,14,74,95
INV0005399,2025-11-01,NS005,P0016,122,36,62,148
INV0003201,2025-07-01,NS002,P0030,54,27,85,112
INV0002875,2025-06-01,NS008,P0014,66,32,47,81
INV0003102,2025-06-01,NS014,P0039,147,33,94,208
INV0003561,2025-07-01,NS012,P0033,113,59,35,89
INV0005795,2025-12-01,NS001,P0040,162,121,83,124
INV0001152,2025-03-01,NS003,P0001,52,19,,85
INV0000897,2025-02-01,NS011,P0018,87,8,84,163
INV0003508,2025-07-01,NS011,P0030,90,51,61,100
INV0001475,2025-03-01,NS013,P0034,197,18,76,255
INV0004566,2025-09-01,NS011,P0005,184,128,30,86
INV0004245,2025-09-01,NS002,P0037,152,14,72,210
INV0001048,2025-02-01,NS015,P0035,32,3,97,126
INV0005084,2025-10-01,NS011,P0030,120,42,,142
INV0005478,2025-11-01,NS007,P0011,161,47,60,174
INV0005233,2025-10-01,NS015,P0009,120,46,,161
INV0005843,2025-12-01,NS002,P0011,68,35,14,47
INV0004146,2025-08-01,NS014,P0037,158,47,75,186
INV0005198,2025-10-01,NS014,P0035,29,5,60,84
INV0003134,2025-06-01,NS015,P0042,174,74,33,133
INV0003748,2025-08-01,NS003,P0030,131,75,71,127
INV0001984,2025-04-01,NS012,P0043,187,157,62,92
INV0003796,2025-08-01,NS004,P0009,186,127,48,107
INV0004738,2025-10-01,NS001,P0031,25,15,42,52
INV0001332,2025-03-01,NS009,P0044,91,6,49,134
INV0003297,2025-07-01,NS005,P0045,69,35,32,66
INV0005984,2025-12-01,NS006,P0015,125,43,13,95
INV0003651,2025-07-01,NS015,P0044,105,21,93,177
INV0000480,2025-01-01,NS014,P0030,151,41,93,203
INV0000402,2025-01-01,NS012,P0018,84,68,62,78
INV0004059,2025-08-01,NS011,P0011,31,18,80,93
INV0001904,2025-04-01,NS010,P0039,58,3,22,77
INV0000020,2025-01-01,NS001,P0046,97,71,3,29
INV0002795,2025-06-01,NS005,P0044,113,32,15,96
INV0005020,2025-10-01,NS009,P0019,169,47,87,209
INV0005444,2025-11-01,NS006,P0048,122,40,32,114
INV0004979,2025-10-01,NS008,P0006,139,94,,141
INV0003000,2025-06-01,NS011,P0011,194,151,69,112
INV0000051,2025-01-01,NS002,P0044,42,23,66,85
INV0005067,2025-10-01,NS010,P0022,72,62,50,60
INV0005068,2025-10-01,NS010,P0012,35,25,84,94
INV0003841,2025-08-01,NS005,P0030,40,26,38,52
INV0002093,2025-04-01,NS015,P0029,183,61,56,178
INV0000485,2025-01-01,NS014,P0023,170,68,,162
INV0003649,2025-07-01,NS015,P0014,51,38,33,46
INV0003797,2025-08-01,NS004,P0050,41,24,44,61
INV0003237,2025-07-01,NS003,P0042,155,37,2,120
INV0005111,2025-10-01,NS012,P0035,101,36,72,137
INV0006097,2025-12-01,NS010,P0046,191,73,77,195
INV0003319,2025-07-01,NS005,P0048,181,78,30,133
INV0002464,2025-05-01,NS011,P0026,27,20,26,33
INV0000053,2025-01-01,NS002,P0041,149,33,47,163
INV0000393,2025-01-01,NS012,P0050,142,21,7,128
INV0002466,2025-05-01,NS011,P0038,176,51,67,192
INV0002090,2025-04-01,NS015,P0049,163,127,38,74
INV0002290,2025-05-01,NS006,P0021,87,70,35,52
INV0002813,2025-06-01,NS006,P0005,183,136,74,121
INV0001725,2025-04-01,NS005,P0012,54,33,35,56
INV0002896,2025-06-01,NS008,P0028,179,50,97,226
INV0006248,2025-12-01,NS014,P0011,51,32,39,58
INV0001364,2025-03-01,NS009,P0022,137,67,67,137
INV0003293,2025-07-01,NS005,P0003,64,27,12,49
INV0000447,2025-01-01,NS013,P0023,189,50,37,176
INV0000613,2025-02-01,NS003,P0021,193,140,3,56
INV0000831,2025-02-01,NS009,P0028,47,36,35,46
INV0001873,2025-04-01,NS009,P0025,65,34,56,87
INV0005842,2025-12-01,NS002,P0019,116,23,36,129
INV0001268,2025-03-01,NS007,P0040,71,66,1,6
INV0005865,2025-12-01,NS003,P0001,141,41,17,117
INV0004290,2025-09-01,NS003,P0048,40,13,,37
INV0000285,2025-01-01,NS009,P0023,40,35,38,43
INV0003401,2025-07-01,NS008,P0035,43,8,82,117
INV0002516,2025-05-01,NS012,P0021,158,6,15,167
INV0006108,2025-12-01,NS010,P0028,90,81,26,35
INV0000069,2025-01-01,NS002,P0025,141,119,14,36
INV0003214,2025-07-01,NS002,P0011,167,34,27,160
INV0000414,2025-01-01,NS012,P0048,175,0,35,210
INV0001400,2025-03-01,NS010,P0001,150,85,,93
INV0005509,2025-11-01,NS008,P0043,126,119,58,65
INV0000327,2025-01-01,NS010,P0024,109,60,39,88
INV0001324,2025-03-01,NS008,P0037,158,101,8,65
INV0004310,2025-09-01,NS004,P0016,49,18,22,53
INV0005550,2025-11-01,NS009,P0001,156,107,34,83
INV0005611,2025-11-01,NS011,P0019,157,99,41,99
INV0002066,2025-04-01,NS015,P0003,143,13,35,165
INV0001685,2025-04-01,NS004,P0001,198,156,62,104
INV0005044,2025-10-01,NS010,P0008,179,43,87,223
INV0005868,2025-12-01,NS003,P0029,39,33,61,67
INV0003276,2025-07-01,NS004,P0022,145,114,16,47
INV0000997,2025-02-01,NS014,P0016,173,153,52,72
INV0003865,2025-08-01,NS006,P0010,142,66,31,107
INV0003768,2025-08-01,NS003,P0016,181,10,,263
INV0000724,2025-02-01,NS006,P0046,168,77,33,124
INV0004715,2025-09-01,NS015,P0029,54,48,13,19
INV0000909,2025-02-01,NS011,P0050,126,3,,160
INV0004810,2025-10-01,NS003,P0032,77,26,37,88
INV0005459,2025-11-01,NS006,P0011,190,131,5,64
INV0005121,2025-10-01,NS012,P0033,165,66,97,196
INV0002855,2025-06-01,NS007,P0010,75,27,39,87
INV0002091,2025-04-01,NS015,P0038,106,52,31,85
INV0006189,2025-12-01,NS012,P0037,109,5,97,201
INV0000215,2025-01-01,NS007,P0011,22,9,98,111
INV0001253,2025-03-01,NS006,P0047,175,144,28,59
INV0002762,2025-06-01,NS004,P0009,159,25,94,228
INV0003007,2025-06-01,NS011,P0012,63,1,53,115
INV0005257,2025-11-01,NS001,P0008,57,17,27,67
INV0005594,2025-11-01,NS010,P0008,162,143,97,116
INV0003133,2025-06-01,NS015,P0005,140,23,54,171
INV0003774,2025-08-01,NS003,P0029,101,90,50,61
INV0000503,2025-01-01,NS015,P0008,55,34,51,72
INV0004888,2025-10-01,NS005,P0025,49,14,29,64
INV0002447,2025-05-01,NS010,P0025,192,80,18,130
INV0005087,2025-10-01,NS011,P0023,56,34,23,45
INV0003383,2025-07-01,NS007,P0036,63,53,36,46
INV0001440,2025-03-01,NS012,P0047,83,8,3,78
INV0000431,2025-01-01,NS013,P0006,197,54,55,198
INV0000587,2025-02-01,NS002,P0025,131,57,29,103
INV0002895,2025-06-01,NS008,P0029,115,20,69,164
INV0006229,2025-12-01,NS013,P0025,125,116,100,109
INV0001989,2025-04-01,NS012,P0029,120,70,6,56
INV0005314,2025-11-01,NS002,P0025,59,48,22,33
INV0004156,2025-08-01,NS014,P0030,29,2,24,51
INV0001769,2025-04-01,NS006,P0043,83,72,40,51
INV0005023,2025-10-01,NS009,P0015,132,122,59,69
INV0003802,2025-08-01,NS004,P0004,104,9,74,169
INV0005782,2025-12-01,NS001,P0020,69,36,42,75
INV0000318,2025-01-01,NS010,P0045,24,5,70,89
INV0001530,2025-03-01,NS014,P0023,99,64,,61
INV0000539,2025-02-01,NS001,P0034,128,81,98,145
INV0001803,2025-04-01,NS007,P0050,87,57,77,107
INV0006074,2025-12-01,NS009,P0048,175,87,22,110
INV0002088,2025-04-01,NS015,P0026,30,16,61,75
INV0001824,2025-04-01,NS008,P0043,106,25,66,147
INV0005409,2025-11-01,NS005,P0049,157,3,34,188
INV0000504,2025-01-01,NS015,P0017,92,84,0,8
INV0002333,2025-05-01,NS007,P0034,83,13,47,117
INV0001433,2025-03-01,NS011,P0045,112,20,38,130
INV0001949,2025-04-01,NS011,P0047,105,63,44,86
INV0003647,2025-07-01,NS015,P0050,164,117,9,56
INV0004262,2025-09-01,NS002,P0005,132,49,51,134
INV0005035,2025-10-01,NS009,P0046,169,161,77,85
INV0005956,2025-12-01,NS006,P0047,80,47,31,64
INV0003238,2025-07-01,NS003,P0046,100,31,84,153
INV0001379,2025-03-01,NS010,P0019,152,50,52,154
INV0004675,2025-09-01,NS014,P0027,59,46,64,77
INV0004149,2025-08-01,NS014,P0012,99,12,90,177
INV0005907,2025-12-01,NS004,P0003,28,0,23,51
INV0005392,2025-11-01,NS005,P0014,113,74,62,101
INV0001588,2025-04-01,NS001,P0013,56,34,8,30
INV0004227,2025-09-01,NS001,P0042,60,6,,88
INV0003548,2025-07-01,NS012,P0038,170,10,3,163
INV0004258,2025-09-01,NS002,P0024,170,18,97,249
INV0002925,2025-06-01,NS009,P0032,25,11,10,24
INV0005012,2025-10-01,NS009,P0028,57,26,73,104
INV0003441,2025-07-01,NS009,P0038,115,91,77,101
INV0000378,2025-01-01,NS011,P0010,83,61,4,26
INV0001948,2025-04-01,NS011,P0032,69,20,40,89
INV0000463,2025-01-01,NS014,P0029,77,4,54,127
INV0003615,2025-07-01,NS014,P0023,181,6,48,223
INV0000471,2025-01-01,NS014,P0006,87,45,84,126
INV0004697,2025-09-01,NS015,P0041,24,11,,99
INV0001675,2025-04-01,NS003,P0047,104,11,99,192
INV0006227,2025-12-01,NS013,P0044,91,33,5,63
INV0000225,2025-01-01,NS007,P0013,41,15,52,78
INV0001877,2025-04-01,NS009,P0022,196,84,51,163
INV0005081,2025-10-01,NS011,P0010,99,82,30,47
INV0003032,2025-06-01,NS012,P0003,128,76,67,119
INV0005797,2025-12-01,NS001,P0029,186,21,80,245
INV0000716,2025-02-01,NS006,P0018,44,6,17,55
INV0004209,2025-09-01,NS001,P0038,41,29,51,63
INV0000757,2025-02-01,NS007,P0043,193,143,77,127
INV0003303,2025-07-01,NS005,P0011,111,30,47,128
INV0001342,2025-03-01,NS009,P0025,127,111,59,75
INV0002488,2025-05-01,NS012,P0037,99,93,13,19
INV0002847,2025-06-01,NS007,P0019,124,62,84,146
INV0004973,2025-10-01,NS008,P0036,68,49,1,20
INV0005529,2025-11-01,NS008,P0017,112,48,69,133
INV0005487,2025-11-01,NS007,P0003,156,13,82,225
INV0002191,2025-05-01,NS003,P0022,55,16,59,98
INV0005575,2025-11-01,NS010,P0040,43,25,50,68
INV0001513,2025-03-01,NS014,P0018,120,0,68,188
INV0002289,2025-05-01,NS006,P0014,182,49,96,229
INV0005578,2025-11-01,NS010,P0023,136,49,59,146
INV0005695,2025-11-01,NS013,P0018,189,132,32,89
INV0005234,2025-10-01,NS015,P0024,40,0,91,131
INV0004231,2025-09-01,NS001,P0030,179,13,12,178
INV0001921,2025-04-01,NS010,P0050,34,10,24,48
INV0000316,2025-01-01,NS010,P0036,99,16,47,130
INV0000840,2025-02-01,NS009,P0036,157,35,14,136
INV0004048,2025-08-01,NS011,P0028,142,49,84,177
INV0000684,2025-02-01,NS005,P0037,70,61,90,99
INV0003023,2025-06-01,NS012,P0029,26,16,53,63
INV0003267,2025-07-01,NS004,P0043,171,134,61,98
INV0003500,2025-07-01,NS010,P0043,57,34,86,109
INV0000562,2025-02-01,NS002,P0049,181,92,21,110
INV0005890,2025-12-01,NS004,P0028,23,7,72,88
INV0002200,2025-05-01,NS003,P0027,84,19,83,148
INV0006067,2025-12-01,NS009,P0030,106,7,76,175
INV0004220,2025-09-01,NS001,P0037,56,49,65,72
INV0006044,2025-12-01,NS008,P0024,77,20,35,92
INV0003511,2025-07-01,NS011,P0023,67,47,22,42
INV0004995,2025-10-01,NS008,P0030,26,16,29,39
INV0003491,2025-07-01,NS010,P0031,137,34,58,161
INV0006061,2025-12-01,NS009,P0008,177,120,71,128
INV0001004,2025-02-01,NS014,P0038,107,67,40,80
INV0006174,2025-12-01,NS012,P0035,107,30,65,142
INV0002991,2025-06-01,NS011,P0013,143,1,2,144
INV0002288,2025-05-01,NS006,P0008,111,5,69,175
INV0003913,2025-08-01,NS007,P0017,86,58,93,121
INV0005320,2025-11-01,NS002,P0027,89,12,7,84
INV0003927,2025-08-01,NS008,P0042,82,23,22,81
INV0005584,2025-11-01,NS010,P0002,175,167,18,26
INV0005516,2025-11-01,NS008,P0023,141,14,17,144
INV0004751,2025-10-01,NS001,P0036,110,99,85,96
INV0003791,2025-08-01,NS004,P0020,85,41,57,101
INV0005299,2025-11-01,NS002,P0020,199,163,48,84
INV0006221,2025-12-01,NS013,P0034,54,36,76,94
INV0002356,2025-05-01,NS008,P0037,75,14,36,97
INV0003721,2025-08-01,NS002,P0047,37,2,68,103
INV0003699,2025-08-01,NS001,P0046,98,84,4,18
INV0002467,2025-05-01,NS011,P0011,159,131,23,51
INV0004693,2025-09-01,NS015,P0020,75,61,68,82
INV0003685,2025-08-01,NS001,P0013,119,59,89,149
INV0003075,2025-06-01,NS013,P0049,140,10,,206
INV0003830,2025-08-01,NS005,P0019,58,31,30,57
INV0002104,2025-05-01,NS001,P0043,22,1,96,117
INV0005092,2025-10-01,NS011,P0038,61,46,,49
INV0001290,2025-03-01,NS007,P0032,192,20,51,223
INV0004895,2025-10-01,NS005,P0020,157,54,,149
INV0003241,2025-07-01,NS003,P0014,39,9,67,97
INV0003944,2025-08-01,NS008,P0018,93,56,49,86
INV0004665,2025-09-01,NS014,P0035,164,54,12,122
INV0005531,2025-11-01,NS009,P0018,96,63,15,48
INV0000991,2025-02-01,NS014,P0013,151,23,70,198
INV0004802,2025-10-01,NS003,P0016,186,68,48,166
INV0000752,2025-02-01,NS007,P0002,111,77,42,76
INV0002811,2025-06-01,NS006,P0008,39,31,73,81
INV0000550,2025-02-01,NS001,P0017,123,12,,198
INV0001477,2025-03-01,NS013,P0044,122,34,32,120
INV0004914,2025-10-01,NS006,P0026,194,188,13,19
INV0001298,2025-03-01,NS008,P0044,70,9,51,112
INV0003634,2025-07-01,NS014,P0028,89,45,76,120
INV0003144,2025-06-01,NS015,P0006,191,157,99,133
INV0001419,2025-03-01,NS011,P0028,25,0,25,50
INV0001604,2025-04-01,NS001,P0033,163,70,15,108
INV0001967,2025-04-01,NS012,P0035,105,66,,111
INV0005114,2025-10-01,NS012,P0007,157,93,98,162
INV0001846,2025-04-01,NS008,P0047,119,27,77,169
INV0004703,2025-09-01,NS015,P0006,28,13,20,35
INV0004381,2025-09-01,NS006,P0031,78,25,2,55
INV0003859,2025-08-01,NS006,P0050,169,55,69,183
INV0000230,2025-01-01,NS007,P0047,42,23,74,93
INV0004798,2025-10-01,NS003,P0041,71,9,,87
INV0003057,2025-06-01,NS013,P0019,26,15,2,13
INV0000834,2025-02-01,NS009,P0026,65,30,60,95
INV0006008,2025-12-01,NS007,P0038,139,12,,146
INV0005287,2025-11-01,NS002,P0043,82,19,56,119
INV0002952,2025-06-01,NS010,P0030,154,4,35,185
INV0004862,2025-10-01,NS004,P0023,97,68,16,45
INV0002222,2025-05-01,NS004,P0041,34,22,64,76
INV0001693,2025-04-01,NS004,P0011,22,3,98,117
INV0003289,2025-07-01,NS004,P0032,83,42,11,52
INV0000680,2025-02-01,NS005,P0049,57,12,69,114
INV0003669,2025-07-01,NS015,P0045,86,23,73,136
INV0003332,2025-07-01,NS006,P0015,43,28,13,28
INV0004722,2025-09-01,NS015,P0043,34,0,49,83
INV0001335,2025-03-01,NS009,P0011,147,51,2,98
INV0004143,2025-08-01,NS014,P0003,95,85,25,35
INV0005813,2025-12-01,NS002,P0041,169,151,13,31
INV0003221,2025-07-01,NS003,P0022,185,39,20,166
INV0005993,2025-12-01,NS007,P0004,128,114,82,96
INV0005590,2025-11-01,NS010,P0019,74,21,73,126
INV0001941,2025-04-01,NS011,P0033,93,58,59,94
INV0002123,2025-05-01,NS001,P0003,125,118,69,76
INV0005083,2025-10-01,NS011,P0036,36,6,5,35
INV0001606,2025-04-01,NS001,P0044,157,123,7,41
INV0004877,2025-10-01,NS005,P0019,160,130,29,59
INV0000450,2025-01-01,NS013,P0016,151,59,72,164
INV0001259,2025-03-01,NS006,P0032,162,50,49,161
INV0005001,2025-10-01,NS008,P0043,196,136,99,159
INV0001549,2025-03-01,NS015,P0038,147,49,56,154
INV0001594,2025-04-01,NS001,P0029,160,5,20,175
INV0003512,2025-07-01,NS011,P0041,47,37,57,67
INV0003143,2025-06-01,NS015,P0007,21,4,77,94
INV0001892,2025-04-01,NS010,P0013,176,75,89,190
INV0000575,2025-02-01,NS002,P0019,197,177,81,101
INV0000917,2025-02-01,NS012,P0020,56,44,,49
INV0003077,2025-06-01,NS013,P0025,167,97,41,111
INV0000844,2025-02-01,NS010,P0029,176,70,98,204
INV0001310,2025-03-01,NS008,P0013,162,40,30,152
INV0000879,2025-02-01,NS011,P0012,118,42,16,92
INV0005422,2025-11-01,NS005,P0006,169,6,75,238
INV0002536,2025-05-01,NS013,P0043,39,18,26,47
INV0005825,2025-12-01,NS002,P0031,110,4,59,165
INV0003535,2025-07-01,NS011,P0048,133,17,29,145
INV0002422,2025-05-01,NS010,P0031,166,85,13,94
INV0002923,2025-06-01,NS009,P0030,121,41,38,118
INV0005941,2025-12-01,NS005,P0026,94,86,80,88
INV0004932,2025-10-01,NS006,P0033,197,101,74,170
INV0003558,2025-07-01,NS012,P0036,48,19,80,109
INV0000277,2025-01-01,NS008,P0020,48,26,99,121
INV0001453,2025-03-01,NS012,P0050,136,73,61,124
INV0002159,2025-05-01,NS002,P0035,92,86,82,88
INV0000169,2025-01-01,NS005,P0001,161,33,45,173
INV0004500,2025-09-01,NS009,P0023,41,9,7,39
INV0004145,2025-08-01,NS014,P0042,163,91,89,161
INV0003308,2025-07-01,NS005,P0001,180,27,92,245
INV0003920,2025-08-01,NS007,P0022,164,124,65,105
INV0006209,2025-12-01,NS013,P0039,127,13,24,138
INV0001105,2025-03-01,NS002,P0008,37,17,7,27
INV0001692,2025-04-01,NS004,P0048,103,1,2,104
INV0004465,2025-09-01,NS008,P0033,75,69,64,70
INV0004527,2025-09-01,NS010,P0027,97,17,74,154
INV0004842,2025-10-01,NS004,P0048,59,31,12,40
INV0002292,2025-05-01,NS006,P0026,52,35,76,93
INV0004163,2025-08-01,NS014,P0016,199,92,27,134
INV0000181,2025-01-01,NS006,P0002,106,84,42,64
INV0003731,2025-08-01,NS002,P0026,159,133,43,69
INV0003176,2025-07-01,NS001,P0049,54,36,92,110
INV0004702,2025-09-01,NS015,P0001,190,138,99,151
INV0002248,2025-05-01,NS005,P0037,97,37,51,111
INV0001646,2025-04-01,NS003,P0050,35,13,14,36
INV0001307,2025-03-01,NS008,P0007,21,3,77,95
INV0000212,2025-01-01,NS007,P0008,142,57,89,174
INV0002310,2025-05-01,NS006,P0002,21,1,4,24
INV0004542,2025-09-01,NS010,P0045,87,36,30,81
INV0003519,2025-07-01,NS011,P0005,91,50,19,60
INV0004621,2025-09-01,NS013,P0045,80,36,15,59
INV0001940,2025-04-01,NS011,P0036,152,86,68,134
INV0000270,2025-01-01,NS008,P0004,85,23,4,66
INV0001099,2025-03-01,NS002,P0050,196,64,71,203
INV0002446,2025-05-01,NS010,P0045,71,36,54,89
INV0005103,2025-10-01,NS011,P0004,35,11,57,81
INV0003161,2025-07-01,NS001,P0009,49,14,2,37
INV0004918,2025-10-01,NS006,P0010,93,2,20,111
INV0005385,2025-11-01,NS004,P0016,27,2,40,65
INV0002534,2025-05-01,NS013,P0003,194,109,4,89
INV0002684,2025-06-01,NS002,P0006,177,91,2,88
INV0003449,2025-07-01,NS009,P0004,126,49,71,148
INV0004233,2025-09-01,NS001,P0015,82,56,23,49
INV0005803,2025-12-01,NS001,P0041,77,47,84,114
INV0003175,2025-07-01,NS001,P0033,31,4,59,86
INV0002059,2025-04-01,NS014,P0027,80,28,72,124
INV0003837,2025-08-01,NS005,P0050,117,44,91,164
INV0000566,2025-02-01,NS002,P0022,74,21,11,64
INV0004228,2025-09-01,NS001,P0040,48,35,100,113
INV0000208,2025-01-01,NS006,P0005,46,19,29,56
INV0003323,2025-07-01,NS005,P0008,198,7,6,197
INV0001760,2025-04-01,NS006,P0015,139,40,63,162
INV0000010,2025-01-01,NS001,P0007,143,3,88,228
INV0005927,2025-12-01,NS005,P0039,179,158,12,33
INV0001817,2025-04-01,NS007,P0003,192,92,45,145
INV0004064,2025-08-01,NS012,P0008,114,67,54,101
INV0004157,2025-08-01,NS014,P0026,52,24,34,62
INV0004908,2025-10-01,NS006,P0003,66,41,32,57
INV0001067,2025-03-01,NS001,P0035,122,23,,187
INV0005985,2025-12-01,NS006,P0028,120,4,32,148
INV0002643,2025-06-01,NS001,P0024,126,46,94,174
INV0003687,2025-08-01,NS001,P0049,82,34,4,52
INV0005225,2025-10-01,NS015,P0012,193,157,3,39
INV0006104,2025-12-01,NS010,P0031,157,82,56,131
INV0004577,2025-09-01,NS011,P0008,89,10,91,170
INV0000084,2025-01-01,NS003,P0030,128,32,16,112
INV0000062,2025-01-01,NS002,P0012,123,44,56,135
INV0002392,2025-05-01,NS009,P0038,59,15,47,91
INV0006019,2025-12-01,NS007,P0031,158,64,90,184
INV0002632,2025-06-01,NS001,P0039,130,73,83,140
INV0005641,2025-11-01,NS012,P0015,70,57,80,93
INV0001965,2025-04-01,NS012,P0031,91,2,40,129
INV0001424,2025-03-01,NS011,P0010,50,25,46,71
INV0005860,2025-12-01,NS003,P0032,94,25,11,80
INV0000876,2025-02-01,NS011,P0004,104,51,58,111
INV0002070,2025-04-01,NS015,P0046,76,52,48,72
INV0004116,2025-08-01,NS013,P0012,104,50,85,139
INV0003439,2025-07-01,NS009,P0046,96,3,29,122
INV0004971,2025-10-01,NS008,P0002,174,10,55,219
INV0001045,2025-02-01,NS015,P0041,20,5,89,104
INV0002833,2025-06-01,NS006,P0028,138,107,11,42
INV0005823,2025-12-01,NS002,P0039,35,30,69,74
INV0000632,2025-02-01,NS004,P0030,124,90,4,38
INV0001978,2025-04-01,NS012,P0048,53,1,26,78
INV0003573,2025-07-01,NS013,P0025,142,58,9,93
INV0000231,2025-01-01,NS007,P0004,128,96,52,84
INV0001496,2025-03-01,NS013,P0031,177,163,23,37
INV0006184,2025-12-01,NS012,P0027,140,103,40,77
INV0000881,2025-02-01,NS011,P0030,140,4,43,179
INV0003636,2025-07-01,NS014,P0045,191,18,48,221
INV0005740,2025-11-01,NS014,P0042,127,74,30,83
INV0004304,2025-09-01,NS003,P0036,200,174,48,74
INV0001840,2025-04-01,NS008,P0007,46,26,89,109
INV0000189,2025-01-01,NS006,P0044,55,41,87,101
INV0002707,2025-06-01,NS003,P0013,166,112,5,59
INV0005141,2025-10-01,NS012,P0027,48,19,73,102
INV0002553,2025-05-01,NS013,P0009,141,18,100,223
INV0002404,2025-05-01,NS009,P0020,120,95,71,96
INV0001073,2025-03-01,NS001,P0036,129,105,92,116
INV0000957,2025-02-01,NS013,P0018,104,79,31,56
INV0005904,2025-12-01,NS004,P0012,69,42,87,114
INV0002520,2025-05-01,NS012,P0015,29,8,41,62
INV0001393,2025-03-01,NS010,P0038,66,60,,12
INV0006295,2025-12-01,NS015,P0002,40,0,90,130
INV0004361,2025-09-01,NS005,P0038,173,95,,133
INV0004806,2025-10-01,NS003,P0027,63,55,95,103
INV0004420,2025-09-01,NS007,P0018,91,4,15,102
INV0001110,2025-03-01,NS002,P0049,160,45,39,154
INV0000173,2025-01-01,NS005,P0049,31,9,57,79
INV0001598,2025-04-01,NS001,P0010,49,5,84,128
INV0004912,2025-10-01,NS006,P0008,22,12,81,91
INV0005696,2025-11-01,NS013,P0001,176,6,5,175
INV0005008,2025-10-01,NS009,P0010,86,14,65,137
INV0003602,2025-07-01,NS013,P0019,108,39,98,167
INV0002019,2025-04-01,NS013,P0043,180,157,38,61
INV0003394,2025-07-01,NS007,P0009,62,52,17,27
INV0001577,2025-04-01,NS001,P0034,159,148,47,58
INV0000322,2025-01-01,NS010,P0017,156,124,25,57
INV0005182,2025-10-01,NS014,P0043,156,16,,199
INV0003690,2025-08-01,NS001,P0008,176,167,59,68
INV0004663,2025-09-01,NS014,P0020,65,17,80,128
INV0005292,2025-11-01,NS002,P0045,190,39,54,205
INV0000788,2025-02-01,NS008,P0026,106,83,43,66
INV0000349,2025-01-01,NS010,P0019,134,53,98,179
INV0006165,2025-12-01,NS012,P0005,139,102,13,50
INV0003207,2025-07-01,NS002,P0044,136,93,25,68
INV0005104,2025-10-01,NS011,P0044,197,4,34,227
INV0002368,2025-05-01,NS008,P0048,93,17,88,164
INV0005376,2025-11-01,NS004,P0009,71,11,22,82
INV0000925,2025-02-01,NS012,P0022,73,37,95,131
INV0006245,2025-12-01,NS014,P0049,94,28,94,160
INV0005757,2025-11-01,NS015,P0008,104,66,50,88
INV0000746,2025-02-01,NS007,P0025,46,33,26,39
INV0003322,2025-07-01,NS005,P0049,180,85,54,149
INV0005883,2025-12-01,NS004,P0016,26,18,89,97
INV0002539,2025-05-01,NS013,P0039,132,66,56,122
INV0001028,2025-02-01,NS015,P0001,85,67,41,59
INV0002209,2025-05-01,NS004,P0018,143,54,6,95
INV0004141,2025-08-01,NS014,P0015,57,39,2,20
INV0000265,2025-01-01,NS008,P0010,129,104,25,50
INV0001511,2025-03-01,NS014,P0044,156,113,22,65
INV0004211,2025-09-01,NS001,P0022,40,25,9,24
INV0005546,2025-11-01,NS009,P0025,97,8,57,146
INV0003631,2025-07-01,NS014,P0008,103,55,,83
INV0003765,2025-08-01,NS003,P0002,149,118,90,121
INV0001810,2025-04-01,NS007,P0038,119,4,48,163
INV0002856,2025-06-01,NS007,P0021,76,51,43,68
INV0001375,2025-03-01,NS010,P0047,153,40,6,119
INV0001753,2025-04-01,NS006,P0012,113,42,36,107
INV0000682,2025-02-01,NS005,P0041,124,43,70,151
INV0003200,2025-07-01,NS002,P0014,82,38,37,81
INV0003072,2025-06-01,NS013,P0003,125,32,80,173
INV0002659,2025-06-01,NS001,P0043,175,14,44,205
INV0001060,2025-03-01,NS001,P0032,52,18,1,35
INV0005630,2025-11-01,NS011,P0021,138,108,72,102
INV0004325,2025-09-01,NS004,P0048,153,22,59,190
INV0000177,2025-01-01,NS006,P0006,174,149,62,87
INV0000526,2025-02-01,NS001,P0042,60,44,94,110
INV0001750,2025-04-01,NS005,P0050,39,6,97,130
INV0003259,2025-07-01,NS004,P0019,89,29,22,82
INV0001036,2025-02-01,NS015,P0039,199,127,44,116
INV0000896,2025-02-01,NS011,P0031,167,143,4,28
INV0000791,2025-02-01,NS008,P0045,53,12,67,108
INV0003833,2025-08-01,NS005,P0002,141,107,,113
INV0002982,2025-06-01,NS011,P0001,26,6,42,62
INV0000623,2025-02-01,NS003,P0025,72,59,46,59
INV0000192,2025-01-01,NS006,P0020,146,65,70,151
INV0005554,2025-11-01,NS009,P0033,84,60,34,58
INV0002261,2025-05-01,NS005,P0002,58,46,65,77
INV0001443,2025-03-01,NS012,P0024,48,7,42,83
INV0004557,2025-09-01,NS011,P0006,87,29,,87
INV0003437,2025-07-01,NS009,P0034,20,15,63,68
INV0003391,2025-07-01,NS007,P0039,142,13,97,226
INV0002731,2025-06-01,NS004,P0015,98,7,90,181
INV0005552,2025-11-01,NS009,P0045,129,3,10,136
INV0002760,2025-06-01,NS004,P0001,174,81,91,184
INV0000345,2025-01-01,NS010,P0005,179,117,59,121
INV0003769,2025-08-01,NS003,P0035,138,121,24,41
INV0005514,2025-11-01,NS008,P0034,34,14,,67
INV0002857,2025-06-01,NS007,P0032,176,73,57,160
INV0001132,2025-03-01,NS003,P0050,23,13,61,71
INV0003459,2025-07-01,NS009,P0018,55,4,21,72
INV0000846,2025-02-01,NS010,P0026,133,18,,180
INV0001446,2025-03-01,NS012,P0009,150,107,82,125
INV0003590,2025-07-01,NS013,P0037,29,23,99,105
INV0005075,2025-10-01,NS010,P0048,44,12,59,91
INV0004314,2025-09-01,NS004,P0006,143,103,57,97
INV0002558,2025-05-01,NS014,P0013,33,16,17,34
INV0001592,2025-04-01,NS001,P0032,109,50,41,100
INV0001202,2025-03-01,NS005,P0022,64,3,51,112
INV0001543,2025-03-01,NS015,P0040,129,76,18,71
INV0000675,2025-02-01,NS005,P0031,109,98,46,57
INV0001624,2025-04-01,NS002,P0023,90,25,88,153
INV0000141,2025-01-01,NS005,P0039,142,9,13,146
INV0006182,2025-12-01,NS012,P0025,88,11,88,165
INV0003140,2025-06-01,NS015,P0048,118,8,13,123
INV0000621,2025-02-01,NS003,P0047,136,79,58,115
INV0006133,2025-12-01,NS011,P0031,188,61,63,190
INV0003279,2025-07-01,NS004,P0018,168,75,13,106
INV0004306,2025-09-01,NS004,P0042,102,87,55,70
INV0002816,2025-06-01,NS006,P0003,98,83,34,49
INV0001479,2025-03-01,NS013,P0030,166,77,93,182
INV0003907,2025-08-01,NS007,P0033,136,80,77,133
INV0004731,2025-10-01,NS001,P0037,130,43,72,159
INV0003840,2025-08-01,NS005,P0045,150,60,71,161
INV0004033,2025-08-01,NS011,P0006,84,45,84,123
INV0002675,2025-06-01,NS002,P0031,100,25,2,77
INV0000418,2025-01-01,NS012,P0010,50,43,49,56
INV0002824,2025-06-01,NS006,P0039,130,89,99,140
INV0003158,2025-07-01,NS001,P0037,182,65,3,120
INV0004636,2025-09-01,NS013,P0022,142,50,25,117
INV0004437,2025-09-01,NS007,P0015,37,14,8,31
INV0002943,2025-06-01,NS010,P0010,110,73,42,79
INV0002927,2025-06-01,NS009,P0012,126,110,82,98
INV0002859,2025-06-01,NS007,P0050,51,41,52,62
INV0004405,2025-09-01,NS006,P0040,176,2,50,224
INV0004570,2025-09-01,NS011,P0002,132,43,67,156
INV0002180,2025-05-01,NS003,P0008,194,101,47,140
INV0000449,2025-01-01,NS013,P0014,144,131,33,46
INV0000163,2025-01-01,NS005,P0012,44,2,7,49
INV0002644,2025-06-01,NS001,P0022,198,0,34,232
INV0003752,2025-08-01,NS003,P0045,53,8,26,71
INV0000238,2025-01-01,NS007,P0050,66,31,14,49
INV0006223,2025-12-01,NS013,P0022,145,100,31,76
INV0003620,2025-07-01,NS014,P0018,138,18,,123
INV0000853,2025-02-01,NS010,P0016,40,22,82,100
INV0003106,2025-06-01,NS014,P0027,68,58,49,59
INV0002747,2025-06-01,NS004,P0050,151,76,35,110
INV0004750,2025-10-01,NS001,P0004,138,80,29,87
INV0003514,2025-07-01,NS011,P0033,112,104,71,79
INV0004603,2025-09-01,NS012,P0026,123,0,7,130
INV0002499,2025-05-01,NS012,P0003,113,14,86,185
INV0005113,2025-10-01,NS012,P0036,72,30,39,81
INV0005032,2025-10-01,NS009,P0031,30,1,44,73
INV0000272,2025-01-01,NS008,P0019,59,10,57,106
INV0000119,2025-01-01,NS004,P0038,44,17,90,117
INV0001639,2025-04-01,NS002,P0049,65,2,57,120
INV0005841,2025-12-01,NS002,P0030,98,55,73,116
INV0003408,2025-07-01,NS008,P0049,38,3,79,114
INV0005429,2025-11-01,NS006,P0043,198,175,31,54
INV0001552,2025-03-01,NS015,P0028,20,9,90,101
INV0002812,2025-06-01,NS006,P0020,159,74,33,118
INV0001172,2025-03-01,NS004,P0012,153,112,72,113
INV0004533,2025-09-01,NS010,P0021,44,18,,120
INV0001485,2025-03-01,NS013,P0024,99,21,5,83
INV0002271,2025-05-01,NS005,P0010,137,2,69,204
INV0005078,2025-10-01,NS011,P0020,50,3,32,79
INV0004457,2025-09-01,NS008,P0024,111,76,61,96
INV0002719,2025-06-01,NS003,P0049,176,154,,118
INV0005656,2025-11-01,NS012,P0037,78,33,12,57
INV0003770,2025-08-01,NS003,P0004,148,57,37,128
INV0000291,2025-01-01,NS009,P0019,51,3,85,133
INV0000038,2025-01-01,NS002,P0021,174,44,87,217
INV0006052,2025-12-01,NS008,P0038,170,76,41,135
INV0000297,2025-01-01,NS009,P0046,35,9,50,76
INV0000751,2025-02-01,NS007,P0044,140,40,30,130
INV0002904,2025-06-01,NS008,P0039,146,115,23,54
INV0003242,2025-07-01,NS003,P0030,90,57,94,127
INV0004208,2025-09-01,NS001,P0045,30,16,43,57
INV0001184,2025-03-01,NS004,P0044,167,91,16,92
INV0006111,2025-12-01,NS010,P0044,115,102,66,79
INV0005631,2025-11-01,NS011,P0048,78,43,7,42
INV0000165,2025-01-01,NS005,P0030,37,27,76,86
INV0002377,2025-05-01,NS008,P0045,146,34,19,131
INV0005240,2025-10-01,NS015,P0026,27,16,33,44
INV0002437,2025-05-01,NS010,P0012,150,91,16,75
INV0004616,2025-09-01,NS012,P0035,126,94,86,118
INV0003083,2025-06-01,NS014,P0016,49,5,72,116
INV0006266,2025-12-01,NS015,P0032,86,71,68,83
INV0002623,2025-05-01,NS015,P0027,152,76,88,164
INV0000123,2025-01-01,NS004,P0026,141,72,59,128
INV0004326,2025-09-01,NS004,P0038,130,118,0,12
INV0002921,2025-06-01,NS009,P0031,85,50,90,125
INV0004401,2025-09-01,NS006,P0014,134,26,3,111
INV0006262,2025-12-01,NS014,P0003,190,72,0,118
INV0003627,2025-07-01,NS014,P0012,118,10,95,203
INV0000218,2025-01-01,NS007,P0021,28,19,43,52
INV0002058,2025-04-01,NS014,P0010,108,31,57,134
INV0003988,2025-08-01,NS009,P0023,47,42,8,13
INV0003943,2025-08-01,NS008,P0009,38,33,95,100
INV0003502,2025-07-01,NS011,P0001,126,61,96,161
INV0005125,2025-10-01,NS012,P0025,140,15,4,129
INV0004271,2025-09-01,NS003,P0007,128,37,31,122
INV0002598,2025-05-01,NS015,P0007,51,11,68,108
INV0005239,2025-10-01,NS015,P0027,108,60,87,135
INV0003377,2025-07-01,NS007,P0037,65,49,75,91
INV0002680,2025-06-01,NS002,P0021,178,147,92,123
INV0005276,2025-11-01,NS001,P0007,28,19,78,87
INV0003704,2025-08-01,NS001,P0032,166,155,85,96
INV0003265,2025-07-01,NS004,P0026,115,66,60,109
INV0005806,2025-12-01,NS001,P0035,86,45,44,85
INV0006281,2025-12-01,NS015,P0044,50,40,80,90
INV0002554,2025-05-01,NS013,P0033,132,92,61,101
INV0002078,2025-04-01,NS015,P0042,177,159,69,87
INV0005279,2025-11-01,NS001,P0029,182,41,92,233
INV0003270,2025-07-01,NS004,P0028,176,150,79,105
INV0005368,2025-11-01,NS004,P0029,73,24,14,63
INV0000288,2025-01-01,NS009,P0038,90,64,59,85
INV0002242,2025-05-01,NS005,P0034,106,51,30,85
INV0005968,2025-12-01,NS006,P0036,179,57,83,205
INV0005367,2025-11-01,NS004,P0045,51,20,41,72
INV0004989,2025-10-01,NS008,P0017,176,43,53,186
INV0004215,2025-09-01,NS001,P0027,81,28,80,133
INV0003440,2025-07-01,NS009,P0027,48,43,3,8
INV0004583,2025-09-01,NS011,P0047,110,38,,81
INV0001242,2025-03-01,NS006,P0017,197,151,7,53
INV0004484,2025-09-01,NS009,P0009,61,47,78,92
INV0003368,2025-07-01,NS007,P0042,27,2,67,92
INV0002184,2025-05-01,NS003,P0010,32,25,60,67
INV0001605,2025-04-01,NS001,P0043,137,4,,225
INV0004205,2025-09-01,NS001,P0036,185,26,37,196
INV0003969,2025-08-01,NS009,P0017,180,165,88,103
INV0005345,2025-11-01,NS003,P0013,29,3,48,74
INV0005713,2025-11-01,NS014,P0045,73,67,36,42
INV0005183,2025-10-01,NS014,P0033,65,8,46,103
INV0005857,2025-12-01,NS003,P0050,96,91,17,22
INV0000498,2025-01-01,NS015,P0019,74,67,91,98
INV0002586,2025-05-01,NS014,P0050,181,2,35,214
INV0002916,2025-06-01,NS009,P0007,187,109,8,86
INV0001766,2025-04-01,NS006,P0044,78,57,37,58
INV0002767,2025-06-01,NS005,P0047,75,2,44,117
INV0004977,2025-10-01,NS008,P0047,76,12,33,97
INV0002336,2025-05-01,NS007,P0027,102,25,97,174
INV0003307,2025-07-01,NS005,P0041,174,32,70,212
INV0004893,2025-10-01,NS005,P0016,34,28,42,48
INV0002394,2025-05-01,NS009,P0032,135,96,48,87
INV0005050,2025-10-01,NS010,P0029,147,35,39,151
INV0003454,2025-07-01,NS009,P0012,132,106,72,98
INV0005009,2025-10-01,NS009,P0048,55,26,14,43
INV0005706,2025-11-01,NS014,P0012,59,22,28,65
INV0001001,2025-02-01,NS014,P0032,29,15,93,107
INV0000006,2025-01-01,NS001,P0049,185,75,28,138
INV0003397,2025-07-01,NS008,P0031,65,27,57,95
INV0004158,2025-08-01,NS014,P0005,96,62,27,61
INV0003240,2025-07-01,NS003,P0050,146,85,28,89
INV0000950,2025-02-01,NS013,P0029,181,12,44,213
INV0000807,2025-02-01,NS009,P0030,149,8,69,210
INV0002257,2025-05-01,NS005,P0039,75,42,53,86
INV0000420,2025-01-01,NS012,P0039,41,10,,100
INV0001887,2025-04-01,NS009,P0035,124,71,45,98
INV0006180,2025-12-01,NS012,P0004,108,59,67,116
INV0001951,2025-04-01,NS011,P0041,99,69,85,115
INV0001858,2025-04-01,NS009,P0008,30,18,14,26
INV0003122,2025-06-01,NS015,P0001,172,85,5,92
INV0003666,2025-07-01,NS015,P0015,197,164,24,57
INV0000136,2025-01-01,NS004,P0045,177,122,95,150
INV0006177,2025-12-01,NS012,P0036,71,11,13,73
INV0001595,2025-04-01,NS001,P0047,63,58,54,59
INV0003099,2025-06-01,NS014,P0050,119,57,96,158
INV0004622,2025-09-01,NS013,P0035,139,79,1,61
INV0003551,2025-07-01,NS012,P0006,34,23,75,86
INV0001123,2025-03-01,NS003,P0047,66,18,15,63
INV0003608,2025-07-01,NS014,P0037,190,66,23,147
INV0005796,2025-12-01,NS001,P0042,124,86,84,122
INV0005644,2025-11-01,NS012,P0010,166,24,36,178
INV0006122,2025-12-01,NS010,P0040,37,2,44,79
INV0001550,2025-03-01,NS015,P0009,167,137,70,100
INV0001642,2025-04-01,NS002,P0029,134,7,,128
INV0000743,2025-02-01,NS007,P0007,197,81,99,215
INV0002233,2025-05-01,NS004,P0042,150,39,,184
INV0000429,2025-01-01,NS013,P0039,70,63,16,23
INV0002427,2025-05-01,NS010,P0006,67,46,50,71
INV0005132,2025-10-01,NS012,P0023,121,13,49,157
INV0005450,2025-11-01,NS006,P0046,97,31,67,133
INV0001281,2025-03-01,NS007,P0042,129,33,67,163
INV0004279,2025-09-01,NS003,P0043,103,86,50,67
INV0000430,2025-01-01,NS013,P0048,99,88,81,92
INV0000824,2025-02-01,NS009,P0043,37,24,67,80
INV0000388,2025-01-01,NS012,P0001,135,42,96,189
INV0003786,2025-08-01,NS004,P0037,170,31,69,208
INV0001300,2025-03-01,NS008,P0036,178,57,57,178
INV0003874,2025-08-01,NS006,P0037,123,30,12,105
INV0004755,2025-10-01,NS001,P0035,52,4,29,77
INV0001638,2025-04-01,NS002,P0015,30,17,50,63
INV0005486,2025-11-01,NS007,P0027,110,69,17,58
INV0002599,2025-05-01,NS015,P0050,186,75,11,122
INV0001510,2025-03-01,NS014,P0008,112,102,58,68
INV0002543,2025-05-01,NS013,P0034,87,34,83,136
INV0003352,2025-07-01,NS006,P0050,110,48,95,157
INV0004357,2025-09-01,NS005,P0031,151,56,10,105
INV0005328,2025-11-01,NS003,P0020,117,1,63,179
INV0000064,2025-01-01,NS002,P0043,64,34,43,73
INV0005273,2025-11-01,NS001,P0014,198,25,63,236
INV0001467,2025-03-01,NS012,P0010,89,63,12,38
INV0001630,2025-04-01,NS002,P0027,139,32,56,163
INV0004812,2025-10-01,NS003,P0043,96,49,36,83
INV0000569,2025-02-01,NS002,P0017,37,4,63,96
INV0004493,2025-09-01,NS009,P0020,21,6,53,68
INV0004808,2025-10-01,NS003,P0010,56,40,96,112
INV0001538,2025-03-01,NS014,P0001,122,117,19,24
INV0002114,2025-05-01,NS001,P0004,172,148,44,68
INV0000395,2025-01-01,NS012,P0035,35,6,62,91
INV0000325,2025-01-01,NS010,P0043,89,22,64,131
INV0006239,2025-12-01,NS014,P0025,165,43,92,214
INV0004034,2025-08-01,NS011,P0031,118,95,98,121
INV0003910,2025-08-01,NS007,P0035,161,52,,195
INV0000718,2025-02-01,NS006,P0011,37,29,23,31
INV0000712,2025-02-01,NS006,P0024,93,79,33,47
INV0004052,2025-08-01,NS011,P0014,196,65,63,194
INV0003208,2025-07-01,NS002,P0007,96,29,30,97
INV0000989,2025-02-01,NS014,P0026,53,36,63,80
INV0004811,2025-10-01,NS003,P0030,78,49,75,104
INV0000993,2025-02-01,NS014,P0036,112,29,91,174
INV0002571,2025-05-01,NS014,P0016,154,70,74,158
INV0002945,2025-06-01,NS010,P0019,148,6,86,228
INV0002497,2025-05-01,NS012,P0047,30,2,11,39
INV0004115,2025-08-01,NS013,P0022,35,12,96,119
INV0000101,2025-01-01,NS003,P0031,33,12,90,111
INV0004925,2025-10-01,NS006,P0020,133,126,95,102
INV0002003,2025-04-01,NS013,P0022,89,74,77,92
INV0003342,2025-07-01,NS006,P0007,193,15,91,269
INV0004525,2025-09-01,NS010,P0019,195,110,57,142
INV0004586,2025-09-01,NS012,P0011,154,67,58,145
INV0004305,2025-09-01,NS003,P0033,57,21,41,77
INV0000190,2025-01-01,NS006,P0015,142,122,99,119
INV0001936,2025-04-01,NS011,P0016,150,137,59,72
INV0005499,2025-11-01,NS008,P0047,164,36,98,226
INV0000054,2025-01-01,NS002,P0036,149,17,23,155
INV0002676,2025-06-01,NS002,P0050,23,11,90,102
INV0003280,2025-07-01,NS004,P0029,128,122,23,29
INV0004698,2025-09-01,NS015,P0032,49,33,0,16
INV0004316,2025-09-01,NS004,P0036,180,132,31,79
INV0004428,2025-09-01,NS007,P0011,74,56,4,22
INV0002111,2025-05-01,NS001,P0030,141,10,57,188
INV0000783,2025-02-01,NS008,P0042,195,184,24,35
INV0001415,2025-03-01,NS011,P0035,48,3,68,113
INV0002381,2025-05-01,NS009,P0034,166,108,32,90
INV0004599,2025-09-01,NS012,P0030,194,187,43,50
INV0005200,2025-10-01,NS014,P0019,108,33,,93
INV0002355,2025-05-01,NS008,P0041,42,29,86,99
INV0006056,2025-12-01,NS009,P0049,189,66,43,166
INV0003358,2025-07-01,NS006,P0021,77,37,4,44
INV0003485,2025-07-01,NS010,P0008,38,13,77,102
INV0005308,2025-11-01,NS002,P0049,163,149,19,33
INV0004049,2025-08-01,NS011,P0023,53,13,37,77
INV0000994,2025-02-01,NS014,P0024,133,43,35,125
INV0002588,2025-05-01,NS014,P0043,187,12,13,188
INV0005361,2025-11-01,NS004,P0024,177,96,5,86
INV0001917,2025-04-01,NS010,P0019,103,60,34,77
INV0002570,2025-05-01,NS014,P0031,133,91,89,131
INV0000907,2025-02-01,NS011,P0029,111,91,96,116
INV0000882,2025-02-01,NS011,P0026,115,25,37,127
INV0002022,2025-04-01,NS013,P0042,110,23,74,161
INV0001302,2025-03-01,NS008,P0030,43,2,26,67
INV0001024,2025-02-01,NS015,P0033,168,136,89,121
INV0004254,2025-09-01,NS002,P0028,110,50,10,70
INV0002103,2025-05-01,NS001,P0018,84,18,32,98
INV0003139,2025-06-01,NS015,P0025,144,132,36,48
INV0000906,2025-02-01,NS011,P0016,75,23,14,66
INV0003223,2025-07-01,NS003,P0031,50,6,73,117
INV0002791,2025-06-01,NS005,P0036,151,43,12,120
INV0004131,2025-08-01,NS014,P0020,38,15,0,23
INV0000216,2025-01-01,NS007,P0018,118,21,74,171
INV0000732,2025-02-01,NS006,P0002,122,63,26,85
INV0002168,2025-05-01,NS002,P0024,31,10,17,38
INV0002452,2025-05-01,NS011,P0016,150,65,0,85
INV0001063,2025-03-01,NS001,P0019,186,53,88,221
INV0004744,2025-10-01,NS001,P0045,127,30,44,141
INV0003395,2025-07-01,NS007,P0008,27,10,73,90
INV0004447,2025-09-01,NS008,P0025,111,66,53,98
INV0001860,2025-04-01,NS009,P0034,151,69,72,154
INV0005130,2025-10-01,NS012,P0001,127,113,22,36
INV0004423,2025-09-01,NS007,P0025,137,81,,128
INV0001397,2025-03-01,NS010,P0034,77,72,68,73
INV0003738,2025-08-01,NS002,P0001,129,5,30,154
INV0001536,2025-03-01,NS014,P0010,150,120,33,63
INV0001674,2025-04-01,NS003,P0009,171,141,17,47
INV0002679,2025-06-01,NS002,P0048,185,68,39,156
INV0001717,2025-04-01,NS005,P0030,92,56,96,132
INV0005564,2025-11-01,NS009,P0041,142,118,21,45
INV0001729,2025-04-01,NS005,P0038,127,33,96,190
INV0000670,2025-02-01,NS005,P0042,61,13,6,54
INV0000617,2025-02-01,NS003,P0003,171,73,51,149
INV0001908,2025-04-01,NS010,P0029,66,35,80,111
INV0005614,2025-11-01,NS011,P0001,131,53,83,161
INV0005521,2025-11-01,NS008,P0009,161,21,,160
INV0004581,2025-09-01,NS011,P0025,162,136,50,76
INV0001711,2025-04-01,NS004,P0021,51,29,64,86
INV0001512,2025-03-01,NS014,P0026,165,59,0,106
INV0005792,2025-12-01,NS001,P0013,33,25,0,8
INV0003691,2025-08-01,NS001,P0016,32,23,38,47
INV0003244,2025-07-01,NS003,P0019,76,10,46,112
INV0003697,2025-08-01,NS001,P0017,98,84,45,59
INV0002636,2025-06-01,NS001,P0001,107,72,21,56
INV0000967,2025-02-01,NS013,P0020,151,56,23,118
INV0006070,2025-12-01,NS009,P0024,109,9,,118
INV0002330,2025-05-01,NS007,P0035,140,59,10,91
INV0003882,2025-08-01,NS006,P0005,145,96,71,120
INV0002245,2025-05-01,NS005,P0021,191,26,39,204
INV0000236,2025-01-01,NS007,P0046,40,25,13,28
INV0005709,2025-11-01,NS014,P0007,156,0,38,194
INV0003271,2025-07-01,NS004,P0015,72,46,34,60
INV0002656,2025-06-01,NS001,P0036,157,85,95,167
INV0003478,2025-07-01,NS010,P0022,188,125,78,141
INV0002980,2025-06-01,NS011,P0040,121,91,46,76
INV0005274,2025-11-01,NS001,P0001,83,12,85,156
INV0004803,2025-10-01,NS003,P0021,132,18,63,177
INV0004046,2025-08-01,NS011,P0010,51,24,29,56
INV0002664,2025-06-01,NS002,P0015,94,62,56,88
INV0005118,2025-10-01,NS012,P0003,145,117,54,82
INV0001728,2025-04-01,NS005,P0019,97,19,35,113
INV0003248,2025-07-01,NS003,P0006,93,43,94,144
INV0005579,2025-11-01,NS010,P0045,151,136,52,67
INV0002278,2025-05-01,NS006,P0004,186,151,67,102
INV0000206,2025-01-01,NS006,P0045,145,26,94,213
INV0005520,2025-11-01,NS008,P0038,153,10,58,201
INV0003093,2025-06-01,NS014,P0009,33,17,69,85
INV0002868,2025-06-01,NS007,P0023,167,76,43,134
INV0005417,2025-11-01,NS005,P0017,193,40,47,200
INV0002809,2025-06-01,NS006,P0014,73,28,98,143
INV0005138,2025-10-01,NS012,P0017,67,58,77,86
INV0004997,2025-10-01,NS008,P0048,48,40,42,50
INV0005483,2025-11-01,NS007,P0048,62,51,76,87
INV0005221,2025-10-01,NS015,P0050,83,68,56,71
INV0000780,2025-02-01,NS008,P0034,73,68,2,7
INV0005932,2025-12-01,NS005,P0040,104,47,47,104
INV0003931,2025-08-01,NS008,P0003,83,63,21,41
INV0000985,2025-02-01,NS014,P0035,174,120,56,110
INV0001326,2025-03-01,NS008,P0034,198,139,29,88
INV0002958,2025-06-01,NS010,P0033,89,54,2,37
INV0000102,2025-01-01,NS003,P0018,36,18,5,23
INV0005079,2025-10-01,NS011,P0002,133,93,62,102
INV0000421,2025-01-01,NS013,P0022,52,15,75,112
INV0000500,2025-01-01,NS015,P0045,106,88,63,81
INV0004490,2025-09-01,NS009,P0030,80,45,,55
INV0002569,2025-05-01,NS014,P0035,109,101,90,98
INV0006254,2025-12-01,NS014,P0022,157,119,,52
INV0004719,2025-09-01,NS015,P0037,126,92,18,52
INV0004404,2025-09-01,NS006,P0010,115,90,97,122
INV0004019,2025-08-01,NS010,P0039,59,43,48,64
INV0001857,2025-04-01,NS009,P0041,107,27,65,145
INV0005608,2025-11-01,NS011,P0004,50,25,55,80
INV0003135,2025-06-01,NS015,P0013,85,21,83,147
INV0006116,2025-12-01,NS010,P0022,27,2,57,82
INV0003006,2025-06-01,NS011,P0048,176,126,7,57
INV0004516,2025-09-01,NS010,P0032,33,15,51,69
INV0002550,2025-05-01,NS013,P0030,57,40,25,42
INV0002047,2025-04-01,NS014,P0045,70,38,9,41
INV0000387,2025-01-01,NS012,P0005,167,146,51,72
INV0002117,2025-05-01,NS001,P0044,99,1,71,169
INV0003009,2025-06-01,NS011,P0033,72,21,28,79
INV0003417,2025-07-01,NS008,P0042,181,25,,231
INV0006071,2025-12-01,NS009,P0011,164,24,83,223
INV0005700,2025-11-01,NS013,P0008,176,96,74,154
INV0004618,2025-09-01,NS012,P0006,193,113,55,135
INV0004466,2025-09-01,NS008,P0014,150,59,35,126
INV0000240,2025-01-01,NS007,P0031,41,34,40,47
INV0003298,2025-07-01,NS005,P0036,101,21,,117
INV0002969,2025-06-01,NS010,P0004,79,12,33,100
INV0001795,2025-04-01,NS007,P0023,187,108,50,129
INV0002158,2025-05-01,NS002,P0041,129,122,98,105
INV0002196,2025-05-01,NS003,P0002,159,139,60,80
INV0004186,2025-08-01,NS015,P0009,88,36,98,150
INV0000488,2025-01-01,NS014,P0049,56,51,89,94
INV0001942,2025-04-01,NS011,P0031,55,48,86,93
INV0005085,2025-10-01,NS011,P0041,68,44,17,41
INV0005219,2025-10-01,NS015,P0049,78,43,29,64
INV0006001,2025-12-01,NS007,P0007,92,47,65,110
INV0002517,2025-05-01,NS012,P0041,142,13,80,209
INV0001417,2025-03-01,NS011,P0032,30,11,56,75
INV0001938,2025-04-01,NS011,P0007,108,10,66,164
INV0005262,2025-11-01,NS001,P0018,194,23,70,241
INV0002775,2025-06-01,NS005,P0042,53,27,45,71
INV0000296,2025-01-01,NS009,P0002,137,41,69,165
INV0002156,2025-05-01,NS002,P0031,75,45,83,113
INV0002613,2025-05-01,NS015,P0023,103,21,66,148
INV0005278,2025-11-01,NS001,P0022,198,99,,159
INV0002601,2025-05-01,NS015,P0035,137,122,48,63
INV0003574,2025-07-01,NS013,P0005,190,36,73,227
INV0001698,2025-04-01,NS004,P0002,73,22,5,56
INV0001428,2025-03-01,NS011,P0017,60,40,79,99
INV0004038,2025-08-01,NS011,P0017,167,140,95,122
INV0001924,2025-04-01,NS010,P0001,68,30,73,111
INV0002549,2025-05-01,NS013,P0046,146,69,93,170
INV0002340,2025-05-01,NS007,P0026,99,77,76,98
INV0006171,2025-12-01,NS012,P0030,148,71,97,174
INV0001330,2025-03-01,NS008,P0033,145,25,18,138
INV0004664,2025-09-01,NS014,P0008,62,56,59,65
INV0002194,2025-05-01,NS003,P0023,37,11,78,104
INV0003585,2025-07-01,NS013,P0023,133,97,32,68
INV0002764,2025-06-01,NS004,P0032,38,5,59,92
INV0000555,2025-02-01,NS001,P0049,46,9,,134
INV0001888,2025-04-01,NS009,P0005,161,79,8,90
INV0004335,2025-09-01,NS004,P0007,23,12,33,44
INV0003283,2025-07-01,NS004,P0023,104,59,25,70
INV0001752,2025-04-01,NS006,P0013,116,58,,156
INV0002068,2025-04-01,NS015,P0025,45,12,13,46
INV0001327,2025-03-01,NS008,P0039,164,78,92,178
INV0004449,2025-09-01,NS008,P0045,116,9,,201
INV0004140,2025-08-01,NS014,P0028,118,72,86,132
INV0003915,2025-08-01,NS007,P0007,115,78,85,122
INV0003941,2025-08-01,NS008,P0005,78,36,93,135
INV0000338,2025-01-01,NS010,P0034,120,110,54,64
INV0004478,2025-09-01,NS008,P0011,82,40,,96
INV0001269,2025-03-01,NS007,P0009,21,6,25,40
INV0000353,2025-01-01,NS011,P0027,31,11,4,24
INV0005674,2025-11-01,NS013,P0042,69,43,15,41
INV0000576,2025-02-01,NS002,P0002,30,14,80,96
INV0003839,2025-08-01,NS005,P0042,59,54,57,62
INV0003461,2025-07-01,NS009,P0025,141,78,34,97
INV0001716,2025-04-01,NS005,P0020,83,39,70,114
INV0003777,2025-08-01,NS003,P0038,31,10,20,41
INV0001757,2025-04-01,NS006,P0034,67,60,81,88
INV0004958,2025-10-01,NS007,P0017,185,1,13,197
INV0002238,2025-05-01,NS004,P0023,111,61,43,93
INV0002622,2025-05-01,NS015,P0047,78,70,66,74
INV0002704,2025-06-01,NS003,P0043,168,154,8,22
INV0004666,2025-09-01,NS014,P0050,121,50,30,101
INV0003181,2025-07-01,NS001,P0039,121,70,61,112
INV0000812,2025-02-01,NS009,P0010,180,163,40,57
INV0006261,2025-12-01,NS014,P0007,79,53,40,66
INV0004709,2025-09-01,NS015,P0045,93,23,29,99
INV0004826,2025-10-01,NS003,P0012,84,12,2,74
INV0000294,2025-01-01,NS009,P0045,184,95,63,152
INV0002493,2025-05-01,NS012,P0008,81,52,52,81
INV0005643,2025-11-01,NS012,P0039,152,99,51,104
INV0001771,2025-04-01,NS006,P0024,141,51,56,146
INV0005359,2025-11-01,NS004,P0006,197,39,54,212
INV0003364,2025-07-01,NS007,P0018,91,51,29,69
INV0003483,2025-07-01,NS010,P0024,140,89,88,139
INV0000805,2025-02-01,NS008,P0012,166,141,85,110
INV0002709,2025-06-01,NS003,P0047,31,4,81,108
INV0006260,2025-12-01,NS014,P0032,111,26,42,127
INV0005826,2025-12-01,NS002,P0028,162,108,12,66
INV0002358,2025-05-01,NS008,P0011,110,52,,140
INV0002455,2025-05-01,NS011,P0006,168,108,69,129
INV0002256,2025-05-01,NS005,P0024,115,24,28,119
INV0004276,2025-09-01,NS003,P0003,62,15,38,85
INV0003025,2025-06-01,NS012,P0049,28,9,73,92
INV0004036,2025-08-01,NS011,P0009,59,20,23,62
INV0004736,2025-10-01,NS001,P0040,123,13,88,198
INV0000669,2025-02-01,NS005,P0034,135,93,63,105
INV0002603,2025-05-01,NS015,P0014,111,103,72,80
INV0000356,2025-01-01,NS011,P0050,116,74,96,138
INV0002621,2025-05-01,NS015,P0028,53,3,70,120
INV0001295,2025-03-01,NS007,P0017,149,102,76,123
INV0002853,2025-06-01,NS007,P0020,23,16,20,27
INV0003694,2025-08-01,NS001,P0018,138,54,87,171
INV0005567,2025-11-01,NS010,P0042,103,22,97,178
INV0005464,2025-11-01,NS007,P0010,140,91,51,100
INV0002799,2025-06-01,NS005,P0001,194,173,27,48
INV0004742,2025-10-01,NS001,P0046,50,30,7,27
INV0004551,2025-09-01,NS011,P0023,91,74,48,65
INV0003226,2025-07-01,NS003,P0020,80,62,84,102
INV0003829,2025-08-01,NS005,P0039,41,29,60,72
INV0001631,2025-04-01,NS002,P0020,198,162,47,83
INV0000171,2025-01-01,NS005,P0036,95,4,99,190
INV0002329,2025-05-01,NS007,P0050,105,64,65,106
INV0000198,2025-01-01,NS006,P0019,44,8,30,66
INV0000436,2025-01-01,NS013,P0043,164,113,24,75
INV0002240,2025-05-01,NS004,P0012,65,20,40,85
INV0001362,2025-03-01,NS009,P0003,52,44,85,93
INV0004139,2025-08-01,NS014,P0041,157,50,7,114
INV0003292,2025-07-01,NS005,P0026,189,32,82,239
INV0005374,2025-11-01,NS004,P0047,196,122,77,151
INV0001655,2025-04-01,NS003,P0002,157,140,,40
INV0000096,2025-01-01,NS003,P0024,142,39,49,152
INV0002127,2025-05-01,NS001,P0040,52,19,69,102
INV0003409,2025-07-01,NS008,P0015,162,84,44,122
INV0003163,2025-07-01,NS001,P0004,21,7,41,55
INV0003064,2025-06-01,NS013,P0035,178,3,77,252
INV0004272,2025-09-01,NS003,P0047,130,72,32,90
INV0000911,2025-02-01,NS012,P0023,111,53,59,117
INV0001358,2025-03-01,NS009,P0040,103,72,49,80
INV0002681,2025-06-01,NS002,P0009,37,23,93,107
INV0003783,2025-08-01,NS004,P0026,129,42,50,137
INV0001503,2025-03-01,NS013,P0042,199,110,33,122
INV0001601,2025-04-01,NS001,P0037,130,23,49,156
INV0001786,2025-04-01,NS007,P0011,119,101,68,86
INV0002161,2025-05-01,NS002,P0045,199,145,43,97
INV0000505,2025-01-01,NS015,P0002,49,35,99,113
INV0003124,2025-06-01,NS015,P0043,174,66,90,198
INV0002307,2025-05-01,NS006,P0018,108,84,82,106
INV0004475,2025-09-01,NS008,P0015,80,60,57,77
INV0000926,2025-02-01,NS012,P0015,196,126,58,128
INV0001232,2025-03-01,NS006,P0005,189,66,,203
INV0003735,2025-08-01,NS002,P0016,144,117,93,120
INV0000100,2025-01-01,NS003,P0021,105,11,50,144
INV0002337,2025-05-01,NS007,P0030,66,9,4,61
INV0003351,2025-07-01,NS006,P0025,123,39,56,140
INV0005851,2025-12-01,NS003,P0048,41,29,29,41
INV0003277,2025-07-01,NS004,P0006,81,4,85,162
INV0002541,2025-05-01,NS013,P0048,20,10,38,48
INV0004680,2025-09-01,NS014,P0010,121,77,26,70
INV0005585,2025-11-01,NS010,P0024,79,23,91,147
INV0001464,2025-03-01,NS012,P0002,83,7,83,159
INV0004479,2025-09-01,NS008,P0002,96,65,0,31
INV0002821,2025-06-01,NS006,P0011,47,26,37,58
INV0001488,2025-03-01,NS013,P0049,166,85,13,94
INV0005022,2025-10-01,NS009,P0012,120,30,9,99
INV0004060,2025-08-01,NS011,P0022,103,21,27,109
INV0004894,2025-10-01,NS005,P0022,21,13,,90
INV0003559,2025-07-01,NS012,P0011,41,28,39,52
INV0003312,2025-07-01,NS005,P0012,113,24,11,100
INV0004398,2025-09-01,NS006,P0027,118,63,54,109
INV0003906,2025-08-01,NS007,P0049,49,44,32,37
INV0002210,2025-05-01,NS004,P0047,181,123,31,89
INV0004473,2025-09-01,NS008,P0021,52,7,1,46
INV0000515,2025-01-01,NS015,P0026,155,41,13,127
INV0002409,2025-05-01,NS009,P0017,166,86,68,148
INV0004151,2025-08-01,NS014,P0007,28,6,42,64
INV0000036,2025-01-01,NS002,P0050,71,7,3,67
INV0001715,2025-04-01,NS004,P0003,197,190,77,84
INV0001834,2025-04-01,NS008,P0045,57,12,98,143
INV0001057,2025-03-01,NS001,P0048,117,89,11,39
INV0003407,2025-07-01,NS008,P0011,175,55,18,138
INV0003103,2025-06-01,NS014,P0030,165,85,60,140
INV0005406,2025-11-01,NS005,P0003,43,31,,90
INV0000151,2025-01-01,NS005,P0032,128,118,3,13
INV0002989,2025-06-01,NS011,P0010,113,84,98,127
INV0001763,2025-04-01,NS006,P0007,164,57,75,182
INV0002120,2025-05-01,NS001,P0041,29,4,56,81
INV0000059,2025-01-01,NS002,P0032,38,17,13,34
INV0003646,2025-07-01,NS015,P0002,31,4,,100
INV0005472,2025-11-01,NS007,P0038,91,28,67,130
INV0003096,2025-06-01,NS014,P0020,73,46,73,100
INV0002841,2025-06-01,NS007,P0039,73,7,32,98
INV0004098,2025-08-01,NS013,P0015,122,75,35,82
INV0006294,2025-12-01,NS015,P0025,187,57,92,222
INV0005326,2025-11-01,NS003,P0035,93,87,51,57
INV0004301,2025-09-01,NS003,P0029,183,94,53,142
INV0003288,2025-07-01,NS004,P0027,112,87,3,28
INV0003028,2025-06-01,NS012,P0023,194,97,25,122
INV0003999,2025-08-01,NS010,P0025,73,44,35,64
INV0005776,2025-12-01,NS001,P0032,92,16,,111
INV0005665,2025-11-01,NS012,P0033,111,2,59,168
INV0000717,2025-02-01,NS006,P0014,48,36,50,62
INV0005897,2025-12-01,NS004,P0004,176,46,19,149
INV0003073,2025-06-01,NS013,P0014,171,71,83,183
INV0000112,2025-01-01,NS004,P0018,97,65,61,93
INV0003778,2025-08-01,NS003,P0037,122,96,65,91
INV0003396,2025-07-01,NS008,P0046,166,83,58,141
INV0004394,2025-09-01,NS006,P0007,120,8,7,119
INV0005470,2025-11-01,NS007,P0021,197,102,84,179
INV0004315,2025-09-01,NS004,P0035,100,93,,50
INV0002657,2025-06-01,NS001,P0004,121,41,71,151
INV0004815,2025-10-01,NS003,P0007,21,9,3,15
INV0005211,2025-10-01,NS014,P0005,107,84,85,108
INV0005560,2025-11-01,NS009,P0016,78,43,90,125
INV0002379,2025-05-01,NS008,P0002,91,51,28,68
INV0004949,2025-10-01,NS007,P0021,38,2,34,70
INV0005832,2025-12-01,NS002,P0010,167,43,4,128
INV0000899,2025-02-01,NS011,P0002,129,58,25,96
INV0006012,2025-12-01,NS007,P0016,63,24,43,82
INV0004133,2025-08-01,NS014,P0043,186,1,13,198
INV0000787,2025-02-01,NS008,P0044,117,51,83,149
INV0002654,2025-06-01,NS001,P0007,191,16,67,242
INV0005678,2025-11-01,NS013,P0010,112,51,30,91
INV0001337,2025-03-01,NS009,P0002,46,25,37,58
INV0001875,2025-04-01,NS009,P0011,157,142,47,62
INV0004597,2025-09-01,NS012,P0041,85,39,,78
INV0002531,2025-05-01,NS013,P0005,157,33,,167
INV0004991,2025-10-01,NS008,P0013,194,114,10,90
INV0002492,2025-05-01,NS012,P0007,151,17,80,214
INV0002125,2025-05-01,NS001,P0028,50,7,55,98
INV0003856,2025-08-01,NS006,P0038,187,131,8,64
INV0005811,2025-12-01,NS002,P0049,82,66,5,21
INV0006114,2025-12-01,NS010,P0001,125,15,18,128
INV0001736,2025-04-01,NS005,P0036,82,62,68,88
INV0005982,2025-12-01,NS006,P0019,116,30,73,159
INV0004825,2025-10-01,NS003,P0011,32,17,80,95
INV0000138,2025-01-01,NS004,P0004,56,11,12,57
INV0003688,2025-08-01,NS001,P0037,110,68,18,60
INV0004065,2025-08-01,NS012,P0017,72,50,30,52
INV0005619,2025-11-01,NS011,P0015,109,58,47,98
INV0005208,2025-10-01,NS014,P0026,181,140,57,98
INV0003311,2025-07-01,NS005,P0038,140,61,48,127
INV0006231,2025-12-01,NS014,P0012,165,99,49,115
INV0006048,2025-12-01,NS008,P0028,46,33,57,70
INV0004152,2025-08-01,NS014,P0044,98,23,41,116
INV0004891,2025-10-01,NS005,P0017,61,33,51,79
INV0004078,2025-08-01,NS012,P0026,31,11,33,53
INV0001002,2025-02-01,NS014,P0034,189,117,8,80
INV0002998,2025-06-01,NS011,P0016,156,103,34,87
INV0003089,2025-06-01,NS014,P0014,95,77,83,101
INV0004790,2025-10-01,NS002,P0046,195,75,4,124
INV0001723,2025-04-01,NS005,P0022,100,46,94,148
INV0000128,2025-01-01,NS004,P0010,195,190,18,23
INV0004221,2025-09-01,NS001,P0050,82,52,58,88
INV0005859,2025-12-01,NS003,P0028,168,51,2,119
INV0003251,2025-07-01,NS003,P0024,142,132,63,73
INV0001842,2025-04-01,NS008,P0030,110,42,97,165
INV0004536,2025-09-01,NS010,P0038,30,5,79,104
INV0003898,2025-08-01,NS007,P0018,187,53,95,229
INV0000367,2025-01-01,NS011,P0017,159,26,91,224
INV0000408,2025-01-01,NS012,P0019,109,97,44,56
INV0000221,2025-01-01,NS007,P0017,100,46,82,136
INV0002434,2025-05-01,NS010,P0047,35,24,85,96
INV0002266,2025-05-01,NS005,P0044,77,64,78,91
INV0000596,2025-02-01,NS003,P0033,116,64,83,135
INV0004216,2025-09-01,NS001,P0043,171,110,11,72
INV0000473,2025-01-01,NS014,P0044,58,28,31,61
INV0006034,2025-12-01,NS008,P0008,152,71,10,91
INV0005659,2025-11-01,NS012,P0043,169,48,49,170
INV0000242,2025-01-01,NS007,P0003,23,13,72,82
INV0002792,2025-06-01,NS005,P0003,37,26,24,35
INV0003147,2025-06-01,NS015,P0028,198,184,85,99
INV0002152,2025-05-01,NS002,P0019,148,13,70,205
INV0002649,2025-06-01,NS001,P0015,139,100,35,74
INV0001528,2025-03-01,NS014,P0012,178,167,84,95
INV0006240,2025-12-01,NS014,P0016,22,6,28,44
INV0004073,2025-08-01,NS012,P0039,113,59,7,61
INV0003365,2025-07-01,NS007,P0046,159,139,29,49
INV0004311,2025-09-01,NS004,P0027,61,41,74,94
INV0000741,2025-02-01,NS007,P0050,23,15,15,23
INV0004638,2025-09-01,NS013,P0036,170,128,87,129
INV0004378,2025-09-01,NS006,P0021,36,12,89,113
INV0004994,2025-10-01,NS008,P0050,60,53,57,64
INV0003296,2025-07-01,NS005,P0002,125,5,47,167
INV0004345,2025-09-01,NS005,P0016,100,24,31,107
INV0000389,2025-01-01,NS012,P0024,83,25,39,97
INV0003245,2025-07-01,NS003,P0036,180,36,10,154
INV0004356,2025-09-01,NS005,P0013,22,6,22,38
INV0003515,2025-07-01,NS011,P0046,33,14,11,30
INV0003360,2025-07-01,NS006,P0004,45,33,33,45
INV0001761,2025-04-01,NS006,P0031,113,85,44,72
INV0005921,2025-12-01,NS005,P0025,199,116,50,133
INV0001934,2025-04-01,NS011,P0004,50,32,31,49
INV0002794,2025-06-01,NS005,P0014,50,25,98,123
INV0001192,2025-03-01,NS005,P0034,38,22,53,69
INV0001286,2025-03-01,NS007,P0041,49,13,75,111
INV0006005,2025-12-01,NS007,P0021,55,43,93,105
INV0004183,2025-08-01,NS015,P0006,53,47,80,86
INV0005049,2025-10-01,NS010,P0033,184,139,,145
INV0002432,2025-05-01,NS010,P0001,124,118,30,36
INV0004106,2025-08-01,NS013,P0018,129,64,31,96
INV0003326,2025-07-01,NS006,P0020,183,37,32,178
INV0004147,2025-08-01,NS014,P0009,89,27,69,131
INV0002295,2025-05-01,NS006,P0030,143,32,68,179
INV0001101,2025-03-01,NS002,P0016,70,55,7,22
INV0005214,2025-10-01,NS014,P0003,44,8,,59
INV0001748,2025-04-01,NS005,P0029,26,5,98,119
INV0005544,2025-11-01,NS009,P0032,121,44,37,114
INV0006095,2025-12-01,NS010,P0048,146,121,,107
INV0002237,2025-05-01,NS004,P0007,57,46,92,103
INV0002950,2025-06-01,NS010,P0025,27,18,39,48
INV0004426,2025-09-01,NS007,P0006,200,5,8,203
INV0005145,2025-10-01,NS012,P0005,60,5,46,101
INV0006214,2025-12-01,NS013,P0007,52,47,29,34
INV0001542,2025-03-01,NS015,P0016,104,53,23,74
INV0003017,2025-06-01,NS012,P0014,153,81,66,138
INV0002648,2025-06-01,NS001,P0041,51,0,55,106
INV0006054,2025-12-01,NS008,P0029,198,108,25,115
INV0004779,2025-10-01,NS002,P0041,21,10,76,87
INV0002458,2025-05-01,NS011,P0008,117,11,66,172
INV0002901,2025-06-01,NS008,P0019,158,41,45,162
INV0003968,2025-08-01,NS009,P0049,49,16,27,60
INV0004865,2025-10-01,NS004,P0001,77,16,20,81
INV0004747,2025-10-01,NS001,P0042,195,40,,175
INV0004611,2025-09-01,NS012,P0004,82,9,63,136
INV0003021,2025-06-01,NS012,P0020,136,56,75,155
INV0000591,2025-02-01,NS002,P0021,198,96,38,140
INV0000687,2025-02-01,NS005,P0002,90,82,19,27
INV0001304,2025-03-01,NS008,P0028,122,12,88,198
INV0005064,2025-10-01,NS010,P0030,102,14,33,121
INV0001115,2025-03-01,NS002,P0031,112,70,30,72
INV0000298,2025-01-01,NS009,P0012,124,56,37,105
INV0002282,2025-05-01,NS006,P0033,42,18,55,79
INV0003362,2025-07-01,NS007,P0026,185,72,56,169
INV0001131,2025-03-01,NS003,P0024,21,5,,114
INV0002375,2025-05-01,NS008,P0023,43,12,92,123
INV0000475,2025-01-01,NS014,P0021,86,70,85,101
INV0005943,2025-12-01,NS005,P0015,182,32,25,175
INV0001570,2025-03-01,NS015,P0011,143,132,100,111
INV0001329,2025-03-01,NS008,P0025,102,18,94,178
INV0005099,2025-10-01,NS011,P0019,92,55,76,113
INV0006094,2025-12-01,NS010,P0017,20,3,13,30
INV0006142,2025-12-01,NS011,P0044,193,110,27,110
INV0001995,2025-04-01,NS012,P0004,38,29,60,69
INV0001219,2025-03-01,NS005,P0010,162,20,29,171
INV0001463,2025-03-01,NS012,P0041,108,57,47,98
INV0001738,2025-04-01,NS005,P0037,128,81,21,68
INV0005074,2025-10-01,NS010,P0014,43,9,48,82
INV0004148,2025-08-01,NS014,P0022,29,0,23,52
INV0005073,2025-10-01,NS010,P0002,108,53,23,78
INV0001345,2025-03-01,NS009,P0008,59,52,82,89
INV0003107,2025-06-01,NS014,P0040,21,4,71,88
INV0004938,2025-10-01,NS007,P0033,196,141,1,56
INV0003186,2025-07-01,NS002,P0038,44,0,53,97
INV0002408,2025-05-01,NS009,P0047,45,27,39,57
INV0005146,2025-10-01,NS013,P0010,190,98,56,148
INV0002626,2025-06-01,NS001,P0027,175,130,44,89
INV0001862,2025-04-01,NS009,P0039,155,24,95,226
INV0001210,2025-03-01,NS005,P0001,59,16,80,123
INV0004001,2025-08-01,NS010,P0047,172,154,86,104
INV0006232,2025-12-01,NS014,P0031,44,18,50,76
INV0004365,2025-09-01,NS005,P0014,199,18,31,212
INV0005688,2025-11-01,NS013,P0006,161,17,30,174
INV0003641,2025-07-01,NS015,P0008,85,54,72,103
INV0005010,2025-10-01,NS009,P0050,175,155,65,85
INV0002793,2025-06-01,NS005,P0048,88,63,1,26
INV0002924,2025-06-01,NS009,P0008,78,73,15,20
INV0004255,2025-09-01,NS002,P0018,41,32,82,91
INV0004470,2025-09-01,NS008,P0003,74,68,,9
INV0000168,2025-01-01,NS005,P0026,78,69,58,67
INV0005339,2025-11-01,NS003,P0021,135,16,61,180
INV0003482,2025-07-01,NS010,P0020,115,28,32,119
INV0002947,2025-06-01,NS010,P0005,70,1,43,112
INV0000326,2025-01-01,NS010,P0040,191,94,29,126
INV0001104,2025-03-01,NS002,P0040,157,30,16,143
INV0004739,2025-10-01,NS001,P0022,142,16,80,206
INV0002461,2025-05-01,NS011,P0049,70,11,92,151
INV0001083,2025-03-01,NS001,P0016,46,17,47,76
INV0003045,2025-06-01,NS012,P0048,123,41,59,141
INV0004191,2025-08-01,NS015,P0010,192,14,42,220
INV0001589,2025-04-01,NS001,P0006,20,14,13,19
INV0005912,2025-12-01,NS004,P0024,48,43,11,16
INV0003224,2025-07-01,NS003,P0035,55,41,81,95
INV0003496,2025-07-01,NS010,P0010,87,10,71,148
INV0005037,2025-10-01,NS009,P0037,82,12,13,83
INV0002542,2025-05-01,NS013,P0010,147,96,63,114
INV0000737,2025-02-01,NS007,P0032,84,35,,66
INV0005953,2025-12-01,NS006,P0014,172,94,57,135
INV0006058,2025-12-01,NS009,P0016,94,46,30,78
INV0000494,2025-01-01,NS015,P0009,191,89,60,162
INV0002801,2025-06-01,NS006,P0007,157,79,98,176
INV0001529,2025-03-01,NS014,P0037,88,43,72,117
INV0002004,2025-04-01,NS013,P0048,75,41,18,52
INV0001197,2025-03-01,NS005,P0011,68,50,14,32
INV0001280,2025-03-01,NS007,P0012,105,19,73,159
INV0003925,2025-08-01,NS008,P0033,171,164,50,57
INV0000520,2025-01-01,NS015,P0018,170,128,9,51
INV0001900,2025-04-01,NS010,P0015,81,37,43,87
INV0000351,2025-01-01,NS011,P0009,136,119,36,53
INV0004482,2025-09-01,NS009,P0004,90,0,0,90
INV0000474,2025-01-01,NS014,P0016,181,152,46,75
INV0003178,2025-07-01,NS001,P0014,109,73,60,96
INV0001580,2025-04-01,NS001,P0011,125,110,19,34
INV0002481,2025-05-01,NS011,P0007,181,75,0,106
INV0005671,2025-11-01,NS013,P0034,109,67,97,139
INV0000884,2025-02-01,NS011,P0019,112,51,43,104
INV0000547,2025-02-01,NS001,P0009,191,60,,218
INV0000081,2025-01-01,NS003,P0004,146,4,36,178
INV0004505,2025-09-01,NS009,P0031,150,23,2,129
INV0000733,2025-02-01,NS006,P0003,176,161,97,112
INV0003041,2025-06-01,NS012,P0042,69,11,47,105
INV0002001,2025-04-01,NS013,P0006,161,122,36,75
INV0005988,2025-12-01,NS007,P0026,170,57,77,190
INV0006105,2025-12-01,NS010,P0018,35,30,93,98
INV0005779,2025-12-01,NS001,P0044,63,38,91,116
INV0000050,2025-01-01,NS002,P0030,184,11,45,218
INV0000122,2025-01-01,NS004,P0002,193,1,49,241
INV0004657,2025-09-01,NS014,P0033,42,11,95,126
INV0004371,2025-09-01,NS005,P0012,20,12,80,88
INV0002433,2025-05-01,NS010,P0014,132,122,37,47
INV0006198,2025-12-01,NS013,P0047,111,51,,152
INV0005378,2025-11-01,NS004,P0036,192,115,100,177
INV0001368,2025-03-01,NS010,P0003,56,30,5,31
INV0006250,2025-12-01,NS014,P0010,194,46,74,222
INV0000963,2025-02-01,NS013,P0009,100,74,43,69
INV0001708,2025-04-01,NS004,P0038,198,11,24,211
INV0005807,2025-12-01,NS001,P0005,197,184,44,57
INV0003029,2025-06-01,NS012,P0001,46,11,85,120
INV0003956,2025-08-01,NS009,P0018,38,8,29,59
INV0004864,2025-10-01,NS004,P0008,67,36,32,63
INV0000049,2025-01-01,NS002,P0015,96,74,98,120
INV0001251,2025-03-01,NS006,P0011,161,35,26,152
INV0000252,2025-01-01,NS008,P0030,161,106,74,129
INV0003206,2025-07-01,NS002,P0024,85,74,38,49
INV0002053,2025-04-01,NS014,P0012,116,18,,197
INV0005051,2025-10-01,NS010,P0041,170,81,64,153
INV0002370,2025-05-01,NS008,P0008,164,2,37,199
INV0000697,2025-02-01,NS005,P0026,180,41,61,200
INV0003552,2025-07-01,NS012,P0009,126,35,51,142
INV0003374,2025-07-01,NS007,P0033,164,95,34,103
INV0004840,2025-10-01,NS004,P0019,169,125,90,134
INV0000818,2025-02-01,NS009,P0045,79,21,56,114
INV0005469,2025-11-01,NS007,P0006,59,45,48,62
INV0001422,2025-03-01,NS011,P0012,39,13,73,99
INV0002275,2025-05-01,NS005,P0030,116,77,,100
INV0001319,2025-03-01,NS008,P0038,177,133,56,100
INV0003684,2025-08-01,NS001,P0005,160,95,56,121
INV0002564,2025-05-01,NS014,P0020,40,8,36,68
INV0003753,2025-08-01,NS003,P0048,33,6,3,30
INV0004624,2025-09-01,NS013,P0013,109,76,17,50
INV0003398,2025-07-01,NS008,P0039,129,85,66,110
INV0004686,2025-09-01,NS014,P0038,63,49,100,114
INV0003918,2025-08-01,NS007,P0041,107,96,65,76
INV0004733,2025-10-01,NS001,P0019,182,61,49,170
INV0003955,2025-08-01,NS008,P0029,153,142,73,84
INV0004940,2025-10-01,NS007,P0022,74,59,26,41
INV0002971,2025-06-01,NS010,P0007,133,86,46,93
INV0000605,2025-02-01,NS003,P0031,39,2,84,121
INV0003081,2025-06-01,NS014,P0002,82,17,61,126
INV0005476,2025-11-01,NS007,P0047,74,19,48,103
INV0005788,2025-12-01,NS001,P0027,154,64,81,171
INV0003709,2025-08-01,NS001,P0019,89,64,56,81
INV0002858,2025-06-01,NS007,P0036,23,5,71,89
INV0004820,2025-10-01,NS003,P0023,167,154,93,106
INV0004757,2025-10-01,NS001,P0043,44,24,55,75
INV0002996,2025-06-01,NS011,P0027,101,3,56,154
INV0005442,2025-11-01,NS006,P0007,81,18,14,77
INV0005416,2025-11-01,NS005,P0040,21,8,94,107
INV0005632,2025-11-01,NS011,P0036,161,55,90,196
INV0003462,2025-07-01,NS009,P0017,81,60,14,35
INV0005511,2025-11-01,NS008,P0028,69,58,28,39
INV0001932,2025-04-01,NS011,P0030,38,7,72,103
INV0001583,2025-04-01,NS001,P0035,50,40,48,58
INV0002629,2025-06-01,NS001,P0050,115,80,93,128
INV0003480,2025-07-01,NS010,P0027,22,0,81,103
INV0002365,2025-05-01,NS008,P0033,56,45,43,54
INV0004242,2025-09-01,NS002,P0002,130,9,56,177
INV0003428,2025-07-01,NS008,P0022,151,45,7,113
INV0001705,2025-04-01,NS004,P0039,71,57,89,103
INV0005628,2025-11-01,NS011,P0024,94,33,13,74
INV0004253,2025-09-01,NS002,P0019,133,61,54,126
INV0003071,2025-06-01,NS013,P0011,200,67,72,205
INV0003816,2025-08-01,NS005,P0032,114,93,42,63
INV0002384,2025-05-01,NS009,P0019,90,85,17,22
INV0005391,2025-11-01,NS005,P0008,196,99,25,122
INV0002326,2025-05-01,NS007,P0015,144,2,13,155
INV0000086,2025-01-01,NS003,P0032,85,22,88,151
INV0004503,2025-09-01,NS009,P0035,56,26,,46
INV0000998,2025-02-01,NS014,P0046,181,164,84,101
INV0003779,2025-08-01,NS003,P0041,125,52,62,135
INV0003336,2025-07-01,NS006,P0010,89,69,93,113
INV0004951,2025-10-01,NS007,P0003,149,13,9,145
INV0005975,2025-12-01,NS006,P0025,23,18,50,55
INV0001703,2025-04-01,NS004,P0046,116,53,22,85
INV0000516,2025-01-01,NS015,P0046,65,45,45,65
INV0002931,2025-06-01,NS009,P0026,118,42,45,121
INV0002593,2025-05-01,NS015,P0001,165,63,83,185
INV0001293,2025-03-01,NS007,P0005,34,25,65,74
INV0004801,2025-10-01,NS003,P0042,85,80,13,18
INV0004369,2025-09-01,NS005,P0020,149,61,35,123
INV0003587,2025-07-01,NS013,P0042,44,16,,59
INV0003790,2025-08-01,NS004,P0030,35,11,21,45
INV0004561,2025-09-01,NS011,P0007,183,92,82,173
INV0004772,2025-10-01,NS002,P0019,91,64,6,33
INV0004455,2025-09-01,NS008,P0005,126,111,59,74
INV0000947,2025-02-01,NS013,P0028,35,2,70,103
INV0005355,2025-11-01,NS003,P0022,194,127,,98
INV0006148,2025-12-01,NS011,P0025,107,70,3,40
INV0000647,2025-02-01,NS004,P0041,111,47,84,148
INV0001148,2025-03-01,NS003,P0009,116,47,62,131
INV0000987,2025-02-01,NS014,P0015,107,82,98,123
INV0003780,2025-08-01,NS003,P0027,117,47,52,122
INV0001471,2025-03-01,NS013,P0006,44,6,87,125
INV0005456,2025-11-01,NS006,P0017,191,117,19,93
INV0000342,2025-01-01,NS010,P0016,24,14,94,104
INV0003421,2025-07-01,NS008,P0036,48,29,19,38
INV0000912,2025-02-01,NS012,P0046,99,91,84,92
INV0005583,2025-11-01,NS010,P0015,69,23,1,47
INV0002597,2025-05-01,NS015,P0011,52,9,25,68
INV0000104,2025-01-01,NS003,P0008,40,22,57,75
INV0002797,2025-06-01,NS005,P0008,182,173,65,74
INV0002380,2025-05-01,NS008,P0028,68,23,59,104
INV0000304,2025-01-01,NS009,P0022,67,31,83,119
INV0003599,2025-07-01,NS013,P0047,163,20,74,217
INV0002453,2025-05-01,NS011,P0022,183,19,71,235
INV0000392,2025-01-01,NS012,P0014,165,24,62,203
INV0001402,2025-03-01,NS011,P0030,158,67,29,120
INV0002909,2025-06-01,NS009,P0022,128,21,40,147
INV0000988,2025-02-01,NS014,P0039,145,106,19,58
INV0003670,2025-07-01,NS015,P0004,120,69,76,127
INV0004111,2025-08-01,NS013,P0031,169,3,67,233
INV0004699,2025-09-01,NS015,P0027,177,113,6,70
INV0004299,2025-09-01,NS003,P0027,183,9,57,231
INV0003843,2025-08-01,NS005,P0041,122,55,14,81
INV0005856,2025-12-01,NS003,P0040,151,117,96,130
INV0004419,2025-09-01,NS007,P0020,86,37,78,127
INV0001849,2025-04-01,NS008,P0021,151,32,12,131
INV0004970,2025-10-01,NS007,P0031,154,102,84,136
INV0005260,2025-11-01,NS001,P0006,67,54,71,84
INV0002305,2025-05-01,NS006,P0035,158,98,,150
INV0006168,2025-12-01,NS012,P0003,149,111,52,90
INV0004232,2025-09-01,NS001,P0014,146,72,2,76
INV0002312,2025-05-01,NS007,P0016,119,36,4,87
INV0001470,2025-03-01,NS012,P0040,58,53,52,57
INV0002122,2025-05-01,NS001,P0032,162,154,68,76
INV0002926,2025-06-01,NS009,P0020,20,13,46,53
INV0004833,2025-10-01,NS004,P0028,72,58,,66
INV0003346,2025-07-01,NS006,P0035,88,72,42,58
INV0001739,2025-04-01,NS005,P0024,102,83,72,91
INV0001040,2025-02-01,NS015,P0023,171,113,83,141
INV0005452,2025-11-01,NS006,P0032,42,9,8,41
INV0005289,2025-11-01,NS002,P0013,173,30,67,210
INV0005322,2025-11-01,NS003,P0041,196,2,69,263
INV0003822,2025-08-01,NS005,P0006,122,29,77,170
INV0001179,2025-03-01,NS004,P0035,159,25,90,224
INV0003901,2025-08-01,NS007,P0029,146,60,38,124
INV0000676,2025-02-01,NS005,P0005,43,29,95,109
INV0003524,2025-07-01,NS011,P0016,58,20,84,122
INV0006270,2025-12-01,NS015,P0035,155,122,10,43
INV0000093,2025-01-01,NS003,P0005,134,106,,58
INV0005919,2025-12-01,NS005,P0033,116,63,46,99
INV0005962,2025-12-01,NS006,P0048,178,157,1,22
INV0005363,2025-11-01,NS004,P0026,152,84,12,80
INV0004898,2025-10-01,NS005,P0050,47,27,9,29
INV0002405,2025-05-01,NS009,P0005,161,155,57,63
INV0000444,2025-01-01,NS013,P0035,136,115,98,119
INV0001134,2025-03-01,NS003,P0029,191,140,100,151
INV0000731,2025-02-01,NS006,P0047,91,10,9,90
INV0000406,2025-01-01,NS012,P0013,159,113,11,57
INV0005412,2025-11-01,NS005,P0004,73,13,93,153
INV0003039,2025-06-01,NS012,P0041,30,3,18,45
INV0004363,2025-09-01,NS005,P0008,128,83,73,118
INV0002886,2025-06-01,NS008,P0024,31,1,96,126
INV0001855,2025-04-01,NS008,P0034,43,34,67,76
INV0004259,2025-09-01,NS002,P0040,50,23,45,72
INV0003832,2025-08-01,NS005,P0020,72,21,74,125
INV0005926,2025-12-01,NS005,P0009,154,17,,183
INV0006145,2025-12-01,NS011,P0034,32,0,80,112
INV0001636,2025-04-01,NS002,P0038,155,102,87,140
INV0000910,2025-02-01,NS011,P0038,20,4,36,52
INV0005128,2025-10-01,NS012,P0011,100,25,60,135
INV0004188,2025-08-01,NS015,P0017,161,154,,106
INV0002705,2025-06-01,NS003,P0028,93,25,12,80
INV0001129,2025-03-01,NS003,P0049,102,24,56,134
INV0001880,2025-04-01,NS009,P0047,55,3,16,68
INV0004257,2025-09-01,NS002,P0039,142,66,78,154
INV0002582,2025-05-01,NS014,P0044,104,66,92,130
INV0005549,2025-11-01,NS009,P0040,45,27,,60
INV0002055,2025-04-01,NS014,P0043,36,8,89,117
INV0003644,2025-07-01,NS015,P0012,127,120,96,103
INV0002498,2025-05-01,NS012,P0016,199,115,34,118
INV0003534,2025-07-01,NS011,P0009,27,11,10,26
INV0000570,2025-02-01,NS002,P0043,57,42,30,45
INV0002303,2025-05-01,NS006,P0032,72,20,76,128
INV0005302,2025-11-01,NS002,P0014,92,85,90,97
INV0004756,2025-10-01,NS001,P0024,78,70,45,53
INV0004679,2025-09-01,NS014,P0046,34,2,57,89
INV0004396,2025-09-01,NS006,P0045,180,30,35,185
INV0002695,2025-06-01,NS002,P0011,71,57,44,58
INV0002219,2025-05-01,NS004,P0036,85,75,75,85
INV0005876,2025-12-01,NS003,P0014,172,143,,126
INV0004563,2025-09-01,NS011,P0049,122,94,88,116
INV0000729,2025-02-01,NS006,P0035,54,43,16,27
INV0000065,2025-01-01,NS002,P0014,42,21,47,68
INV0003950,2025-08-01,NS008,P0043,95,6,34,123
INV0000377,2025-01-01,NS011,P0013,43,24,9,28
INV0002109,2025-05-01,NS001,P0036,81,70,25,36
INV0002893,2025-06-01,NS008,P0017,42,27,14,29
INV0002376,2025-05-01,NS008,P0014,142,9,61,194
INV0001265,2025-03-01,NS007,P0034,116,33,49,132
INV0001027,2025-02-01,NS015,P0010,150,115,,36
INV0000061,2025-01-01,NS002,P0039,107,4,98,201
INV0002637,2025-06-01,NS001,P0047,146,110,55,91
INV0004777,2025-10-01,NS002,P0045,78,16,24,86
INV0001033,2025-02-01,NS015,P0009,130,116,74,88
INV0003370,2025-07-01,NS007,P0047,105,88,87,104
INV0005196,2025-10-01,NS014,P0027,74,25,51,100
INV0004604,2025-09-01,NS012,P0010,74,32,17,59
INV0003835,2025-08-01,NS005,P0025,44,33,98,109
INV0005414,2025-11-01,NS005,P0046,118,71,27,74
INV0005791,2025-12-01,NS001,P0004,88,65,73,96
INV0002225,2025-05-01,NS004,P0043,109,7,37,139
INV0000384,2025-01-01,NS011,P0030,114,90,15,39
INV0004118,2025-08-01,NS013,P0023,113,25,48,136
INV0003959,2025-08-01,NS009,P0021,62,24,32,70
INV0005957,2025-12-01,NS006,P0010,35,8,67,94
INV0002509,2025-05-01,NS012,P0025,49,11,35,73
INV0002560,2025-05-01,NS014,P0008,143,89,76,130
INV0004339,2025-09-01,NS004,P0001,140,103,1,38
INV0003547,2025-07-01,NS012,P0032,142,79,26,89
INV0006118,2025-12-01,NS010,P0042,165,133,81,113
INV0001973,2025-04-01,NS012,P0034,175,127,43,91
INV0005908,2025-12-01,NS004,P0036,140,8,25,157
INV0003544,2025-07-01,NS012,P0017,37,21,82,98
INV0004824,2025-10-01,NS003,P0040,123,37,39,125
INV0001776,2025-04-01,NS006,P0035,105,34,99,170
INV0003068,2025-06-01,NS013,P0023,40,18,73,95
INV0006291,2025-12-01,NS015,P0021,131,28,15,118
INV0001959,2025-04-01,NS011,P0042,28,22,16,22
INV0001772,2025-04-01,NS006,P0048,86,77,63,72
INV0003656,2025-07-01,NS015,P0026,43,19,18,42
INV0003402,2025-07-01,NS008,P0018,135,126,17,26
INV0006154,2025-12-01,NS011,P0010,159,91,1,69
INV0004247,2025-09-01,NS002,P0047,170,90,73,153
INV0006089,2025-12-01,NS009,P0045,60,17,61,104
INV0004984,2025-10-01,NS008,P0032,132,42,84,174
INV0001215,2025-03-01,NS005,P0040,196,68,73,201
INV0003382,2025-07-01,NS007,P0001,151,40,41,152
INV0000063,2025-01-01,NS002,P0013,68,13,29,84
INV0000254,2025-01-01,NS008,P0027,186,169,54,71
INV0005440,2025-11-01,NS006,P0027,24,3,91,112
INV0005812,2025-12-01,NS002,P0042,184,45,77,216
INV0004202,2025-09-01,NS001,P0006,117,27,61,151
INV0005042,2025-10-01,NS010,P0031,118,18,36,136
INV0000767,2025-02-01,NS007,P0049,151,73,54,132
INV0005664,2025-11-01,NS012,P0018,46,20,72,98
INV0002418,2025-05-01,NS010,P0040,46,18,23,51
INV0005510,2025-11-01,NS008,P0013,45,11,18,52
INV0000820,2025-02-01,NS009,P0031,79,40,54,93
INV0002013,2025-04-01,NS013,P0020,65,58,58,65
INV0002741,2025-06-01,NS004,P0002,113,3,60,170
INV0005180,2025-10-01,NS013,P0009,96,84,46,58
INV0000139,2025-01-01,NS004,P0030,23,10,52,65
INV0003737,2025-08-01,NS002,P0036,193,34,,184
INV0003981,2025-08-01,NS009,P0001,79,38,91,132
INV0004511,2025-09-01,NS009,P0045,95,15,6,86
INV0002908,2025-06-01,NS009,P0018,136,46,12,102
INV0002783,2025-06-01,NS005,P0013,114,20,36,130
INV0002413,2025-05-01,NS009,P0041,23,6,7,24
INV0002286,2025-05-01,NS006,P0041,138,86,34,86
INV0003987,2025-08-01,NS009,P0041,162,106,,81
INV0003281,2025-07-01,NS004,P0048,29,7,14,36
INV0005337,2025-11-01,NS003,P0016,96,11,28,113
INV0005048,2025-10-01,NS010,P0016,61,18,78,121
INV0004448,2025-09-01,NS008,P0049,47,35,80,92
INV0005780,2025-12-01,NS001,P0017,178,131,100,147
INV0000400,2025-01-01,NS012,P0030,137,51,67,153
INV0003638,2025-07-01,NS014,P0034,94,65,,127
INV0000739,2025-02-01,NS007,P0006,78,56,30,52
INV0003714,2025-08-01,NS002,P0037,159,33,,135
INV0000930,2025-02-01,NS012,P0001,152,79,29,102
INV0001895,2025-04-01,NS010,P0049,99,41,13,71
INV0000772,2025-02-01,NS008,P0033,23,11,81,93
INV0001439,2025-03-01,NS012,P0035,117,86,80,111
INV0004986,2025-10-01,NS008,P0012,69,31,12,50
INV0002283,2025-05-01,NS006,P0034,152,146,68,74
INV0002265,2025-05-01,NS005,P0045,168,162,29,35
INV0000052,2025-01-01,NS002,P0035,92,66,66,92
INV0003170,2025-07-01,NS001,P0045,186,108,58,136
INV0001826,2025-04-01,NS008,P0027,29,8,19,40
INV0004828,2025-10-01,NS003,P0002,59,18,3,44
INV0000468,2025-01-01,NS014,P0046,84,28,25,81
INV0004948,2025-10-01,NS007,P0002,100,91,85,94
INV0005626,2025-11-01,NS011,P0049,74,2,36,108
INV0001196,2025-03-01,NS005,P0017,197,46,45,196
INV0002151,2025-05-01,NS002,P0032,24,19,64,69
INV0004635,2025-09-01,NS013,P0033,130,41,55,144
INV0000080,2025-01-01,NS003,P0034,172,144,41,69
INV0004044,2025-08-01,NS011,P0016,69,49,6,26
INV0003611,2025-07-01,NS014,P0014,37,7,94,124
INV0002814,2025-06-01,NS006,P0050,174,128,25,71
INV0001423,2025-03-01,NS011,P0034,65,12,68,121
INV0005095,2025-10-01,NS011,P0029,34,23,89,100
INV0004055,2025-08-01,NS011,P0001,100,77,20,43
INV0004567,2025-09-01,NS011,P0001,35,22,96,109
INV0001430,2025-03-01,NS011,P0036,98,1,54,151
INV0000971,2025-02-01,NS013,P0005,177,149,64,92
INV0004552,2025-09-01,NS011,P0034,198,145,53,106
INV0000267,2025-01-01,NS008,P0029,125,60,81,146
INV0001791,2025-04-01,NS007,P0036,57,27,78,108
INV0005102,2025-10-01,NS011,P0009,119,51,22,90
INV0000830,2025-02-01,NS009,P0016,145,52,59,152
INV0003191,2025-07-01,NS002,P0043,197,136,6,67
INV0004548,2025-09-01,NS010,P0006,106,94,22,34
INV0003101,2025-06-01,NS014,P0001,158,52,56,162
INV0004223,2025-09-01,NS001,P0008,199,28,17,188
INV0004077,2025-08-01,NS012,P0007,150,2,32,180
INV0003827,2025-08-01,NS005,P0001,136,13,76,199
INV0000410,2025-01-01,NS012,P0022,61,31,81,111
INV0001178,2025-03-01,NS004,P0021,118,88,13,43
INV0002653,2025-06-01,NS001,P0008,62,54,7,15
INV0006289,2025-12-01,NS015,P0004,173,24,89,238
INV0002884,2025-06-01,NS008,P0043,155,12,99,242
INV0005381,2025-11-01,NS004,P0015,151,1,61,211
INV0002181,2025-05-01,NS003,P0020,92,66,13,39
INV0000344,2025-01-01,NS010,P0003,107,102,57,62
INV0004594,2025-09-01,NS012,P0021,24,14,81,91
INV0000892,2025-02-01,NS011,P0020,41,4,5,42
INV0003995,2025-08-01,NS010,P0007,29,24,87,92
INV0001819,2025-04-01,NS007,P0043,39,1,55,93
INV0003676,2025-08-01,NS001,P0048,167,23,27,171
INV0003479,2025-07-01,NS010,P0033,91,76,65,80
INV0000134,2025-01-01,NS004,P0048,199,188,29,40
INV0005872,2025-12-01,NS003,P0049,91,81,97,107
INV0003598,2025-07-01,NS013,P0003,42,3,91,130
INV0005685,2025-11-01,NS013,P0011,63,39,17,41
INV0002748,2025-06-01,NS004,P0042,157,56,47,148
INV0002756,2025-06-01,NS004,P0046,41,15,2,28
INV0003466,2025-07-01,NS010,P0004,81,61,7,27
INV0004727,2025-10-01,NS001,P0017,71,16,66,121
INV0004632,2025-09-01,NS013,P0009,165,157,7,15
INV0005945,2025-12-01,NS005,P0023,121,102,23,42
INV0001043,2025-02-01,NS015,P0038,176,23,51,204
INV0005535,2025-11-01,NS009,P0008,104,62,19,61
INV0004537,2025-09-01,NS010,P0029,66,25,49,90
INV0003934,2025-08-01,NS008,P0006,194,81,8,121
INV0004030,2025-08-01,NS011,P0036,129,72,6,63
INV0000143,2025-01-01,NS005,P0041,20,11,80,89
INV0001113,2025-03-01,NS002,P0005,128,109,95,114
INV0004291,2025-09-01,NS003,P0017,92,40,1,53
INV0000155,2025-01-01,NS005,P0047,46,31,54,69
INV0002400,2025-05-01,NS009,P0016,132,111,27,48
INV0000536,2025-02-01,NS001,P0015,58,44,61,75
INV0006000,2025-12-01,NS007,P0046,118,47,58,129
INV0006264,2025-12-01,NS014,P0044,156,105,42,93
INV0002590,2025-05-01,NS014,P0049,189,52,18,155
INV0002395,2025-05-01,NS009,P0024,60,25,78,113
INV0005307,2025-11-01,NS002,P0018,110,48,45,107
INV0003672,2025-07-01,NS015,P0007,52,37,79,94
INV0002235,2025-05-01,NS004,P0019,196,46,5,155
INV0002819,2025-06-01,NS006,P0041,36,31,93,98
INV0003005,2025-06-01,NS011,P0042,33,4,10,39
INV0004136,2025-08-01,NS014,P0019,43,34,70,79
INV0003792,2025-08-01,NS004,P0003,175,86,11,100
INV0005354,2025-11-01,NS003,P0044,46,22,17,41
INV0001868,2025-04-01,NS009,P0048,28,22,37,43
INV0000205,2025-01-01,NS006,P0024,99,80,,74
INV0005527,2025-11-01,NS008,P0005,33,1,,61
INV0005070,2025-10-01,NS010,P0025,141,117,100,124
INV0000686,2025-02-01,NS005,P0038,59,33,60,86
INV0003538,2025-07-01,NS012,P0018,69,46,12,35
INV0004390,2025-09-01,NS006,P0049,49,10,,78
INV0004794,2025-10-01,NS002,P0002,132,8,,154
INV0005761,2025-11-01,NS015,P0044,25,20,55,60
INV0004930,2025-10-01,NS006,P0036,64,6,95,153
INV0004714,2025-09-01,NS015,P0034,66,24,70,112
INV0005340,2025-11-01,NS003,P0047,188,170,79,97
INV0003151,2025-07-01,NS001,P0023,186,88,100,198
INV0000424,2025-01-01,NS013,P0037,174,160,,89
INV0004093,2025-08-01,NS012,P0001,173,156,37,54
INV0002759,2025-06-01,NS004,P0034,95,57,,64
INV0000217,2025-01-01,NS007,P0001,32,20,61,73
INV0005371,2025-11-01,NS004,P0039,152,51,6,107
INV0003713,2025-08-01,NS002,P0012,173,57,77,193
INV0003227,2025-07-01,NS003,P0002,73,29,23,67
INV0002454,2025-05-01,NS011,P0047,113,11,37,139
INV0005002,2025-10-01,NS008,P0044,69,59,45,55
INV0004331,2025-09-01,NS004,P0011,71,3,93,161
INV0005463,2025-11-01,NS007,P0018,170,22,46,194
INV0003011,2025-06-01,NS012,P0013,91,64,35,62
INV0000492,2025-01-01,NS015,P0042,107,73,37,71
INV0004234,2025-09-01,NS001,P0028,67,15,35,87
INV0005090,2025-10-01,NS011,P0003,114,103,42,53
INV0001313,2025-03-01,NS008,P0045,138,21,,161
INV0004058,2025-08-01,NS011,P0004,30,23,73,80
INV0005247,2025-10-01,NS015,P0001,169,82,29,116
INV0004671,2025-09-01,NS014,P0034,192,143,92,141
INV0002397,2025-05-01,NS009,P0042,41,27,30,44
INV0002967,2025-06-01,NS010,P0008,105,18,8,95
INV0003757,2025-08-01,NS003,P0040,129,62,55,122
INV0006292,2025-12-01,NS015,P0016,67,4,94,157
INV0001788,2025-04-01,NS007,P0022,36,7,13,42
INV0003261,2025-07-01,NS004,P0044,94,74,29,49
INV0002344,2025-05-01,NS007,P0037,151,68,96,179
INV0000933,2025-02-01,NS012,P0002,45,7,9,47
INV0001135,2025-03-01,NS003,P0026,53,29,67,91
INV0004519,2025-09-01,NS010,P0010,116,15,73,174
INV0004135,2025-08-01,NS014,P0001,132,125,24,31
INV0005787,2025-12-01,NS001,P0039,154,51,33,136
INV0005210,2025-10-01,NS014,P0032,137,73,39,103
INV0000877,2025-02-01,NS011,P0017,197,59,27,165
INV0006002,2025-12-01,NS007,P0015,25,4,64,85
INV0002619,2025-05-01,NS015,P0002,95,85,28,38
INV0004626,2025-09-01,NS013,P0048,198,30,31,199
INV0000678,2025-02-01,NS005,P0040,83,36,17,64
INV0005741,2025-11-01,NS015,P0024,137,101,50,86
INV0003823,2025-08-01,NS005,P0037,141,7,77,211
INV0001911,2025-04-01,NS010,P0027,47,28,30,49
INV0000625,2025-02-01,NS003,P0020,47,39,5,13
INV0003008,2025-06-01,NS011,P0018,76,34,66,108
INV0006197,2025-12-01,NS013,P0010,24,5,10,29
INV0000538,2025-02-01,NS001,P0037,49,9,76,116
INV0002874,2025-06-01,NS008,P0015,100,26,62,136
INV0003059,2025-06-01,NS013,P0040,132,34,97,195
INV0003701,2025-08-01,NS001,P0040,167,142,87,112
INV0003481,2025-07-01,NS010,P0002,125,44,79,160
INV0005112,2025-10-01,NS012,P0041,128,0,12,140
INV0000075,2025-01-01,NS003,P0025,62,18,80,124
INV0002800,2025-06-01,NS005,P0006,180,107,27,100
INV0000315,2025-01-01,NS009,P0042,83,36,54,101
INV0005565,2025-11-01,NS009,P0006,115,27,95,183
INV0000654,2025-02-01,NS004,P0049,21,10,25,36
INV0001323,2025-03-01,NS008,P0040,76,66,54,64
INV0001321,2025-03-01,NS008,P0017,124,81,77,120
INV0000766,2025-02-01,NS007,P0004,45,2,91,134
INV0002124,2025-05-01,NS001,P0038,143,127,69,85
INV0004890,2025-10-01,NS005,P0011,142,76,55,121
INV0005698,2025-11-01,NS013,P0002,30,20,24,34
INV0004691,2025-09-01,NS015,P0049,38,1,15,52
INV0003800,2025-08-01,NS004,P0038,123,55,32,100
INV0000310,2025-01-01,NS009,P0001,164,131,6,39
INV0001827,2025-04-01,NS008,P0038,165,129,46,82
INV0005217,2025-10-01,NS015,P0029,93,67,80,106
INV0001999,2025-04-01,NS013,P0049,31,3,29,57
INV0001015,2025-02-01,NS014,P0040,43,9,65,99
INV0005152,2025-10-01,NS013,P0015,142,78,71,135
INV0003750,2025-08-01,NS003,P0033,95,66,50,79
INV0003422,2025-07-01,NS008,P0017,69,14,,87
INV0005164,2025-10-01,NS013,P0027,101,86,23,38
INV0003947,2025-08-01,NS008,P0046,57,38,85,104
INV0003902,2025-08-01,NS007,P0012,121,68,90,143
INV0001720,2025-04-01,NS005,P0043,143,123,69,89
INV0004372,2025-09-01,NS005,P0010,188,27,,210
INV0005660,2025-11-01,NS012,P0009,122,6,42,158
INV0003166,2025-07-01,NS001,P0018,180,165,81,96
INV0003488,2025-07-01,NS010,P0007,52,5,3,50
INV0000245,2025-01-01,NS007,P0028,41,12,,41
INV0005778,2025-12-01,NS001,P0043,31,24,62,69
INV0000829,2025-02-01,NS009,P0029,63,0,46,109
INV0004954,2025-10-01,NS007,P0024,130,77,51,104
INV0006183,2025-12-01,NS012,P0029,199,158,77,118
INV0002102,2025-05-01,NS001,P0029,56,11,52,97
INV0006150,2025-12-01,NS011,P0021,63,24,95,134
INV0000970,2025-02-01,NS013,P0001,156,27,6,135
INV0002692,2025-06-01,NS002,P0016,126,100,84,110
INV0004546,2025-09-01,NS010,P0046,151,2,13,162
INV0001687,2025-04-01,NS004,P0047,175,120,75,130
INV0001145,2025-03-01,NS003,P0023,200,193,99,106
INV0005607,2025-11-01,NS011,P0016,43,23,45,65
INV0005335,2025-11-01,NS003,P0012,41,18,37,60
INV0001420,2025-03-01,NS011,P0042,45,26,74,93
INV0000502,2025-01-01,NS015,P0048,50,16,76,110
INV0004236,2025-09-01,NS002,P0006,90,4,12,98
INV0005766,2025-11-01,NS015,P0029,51,15,1,37
INV0005682,2025-11-01,NS013,P0019,174,60,44,158
INV0001078,2025-03-01,NS001,P0049,163,154,50,59
INV0002642,2025-06-01,NS001,P0003,180,128,95,147
INV0001241,2025-03-01,NS006,P0044,36,3,56,89
INV0000649,2025-02-01,NS004,P0005,139,23,68,184
INV0005504,2025-11-01,NS008,P0039,28,12,57,73
INV0004487,2025-09-01,NS009,P0015,25,9,77,93
INV0003576,2025-07-01,NS013,P0046,84,58,21,47
INV0000153,2025-01-01,NS005,P0029,185,134,23,74
INV0002485,2025-05-01,NS011,P0032,170,96,100,174
INV0002761,2025-06-01,NS004,P0036,155,9,2,148
INV0003058,2025-06-01,NS013,P0041,66,26,82,122
INV0004412,2025-09-01,NS007,P0033,93,71,100,122
INV0001085,2025-03-01,NS001,P0004,63,22,24,65
INV0000457,2025-01-01,NS014,P0011,174,105,48,117
INV0004294,2025-09-01,NS003,P0005,200,32,17,185
INV0000248,2025-01-01,NS008,P0009,163,58,100,205
INV0004976,2025-10-01,NS008,P0023,149,2,92,239
INV0004956,2025-10-01,NS007,P0025,95,68,73,100
INV0003739,2025-08-01,NS002,P0017,46,27,46,65
INV0000518,2025-01-01,NS015,P0011,111,23,95,183
INV0006218,2025-12-01,NS013,P0020,166,12,20,174
INV0004942,2025-10-01,NS007,P0027,127,78,64,113
INV0001616,2025-04-01,NS002,P0012,104,28,19,95
INV0005662,2025-11-01,NS012,P0022,69,56,93,106
INV0005680,2025-11-01,NS013,P0022,119,69,44,94
INV0000244,2025-01-01,NS007,P0025,198,111,82,169
INV0001465,2025-03-01,NS012,P0028,95,41,25,79
INV0000662,2025-02-01,NS004,P0042,84,42,53,95
INV0003275,2025-07-01,NS004,P0040,138,120,4,22
INV0004846,2025-10-01,NS004,P0016,81,2,38,117
INV0001585,2025-04-01,NS001,P0036,165,103,71,133
INV0004427,2025-09-01,NS007,P0046,56,47,68,77
INV0005861,2025-12-01,NS003,P0009,40,14,4,30
INV0004195,2025-08-01,NS015,P0034,64,46,73,91
INV0004246,2025-09-01,NS002,P0042,119,98,80,101
INV0004170,2025-08-01,NS015,P0039,155,23,38,170
INV0000568,2025-02-01,NS002,P0030,84,61,4,27
INV0004780,2025-10-01,NS002,P0012,33,9,50,74
INV0001944,2025-04-01,NS011,P0018,108,5,27,130
INV0005491,2025-11-01,NS007,P0002,56,33,4,27
INV0005916,2025-12-01,NS005,P0043,102,90,59,71
INV0002906,2025-06-01,NS009,P0037,176,63,21,134
INV0003156,2025-07-01,NS001,P0008,164,114,73,123
INV0004589,2025-09-01,NS012,P0013,38,8,36,66
INV0005443,2025-11-01,NS006,P0018,98,39,94,153
INV0004086,2025-08-01,NS012,P0009,74,50,18,42
INV0000179,2025-01-01,NS006,P0004,129,67,100,162
INV0005595,2025-11-01,NS010,P0025,38,22,41,57
INV0005388,2025-11-01,NS004,P0025,76,67,46,55
INV0004988,2025-10-01,NS008,P0004,125,81,61,105
INV0005091,2025-10-01,NS011,P0043,44,8,92,128
INV0000159,2025-01-01,NS005,P0018,197,82,98,213
INV0001582,2025-04-01,NS001,P0050,134,124,52,62
INV0000095,2025-01-01,NS003,P0003,92,4,41,129
INV0003048,2025-06-01,NS013,P0044,58,3,67,122
INV0004184,2025-08-01,NS015,P0030,186,60,84,210
INV0006072,2025-12-01,NS009,P0038,179,82,69,166
INV0003618,2025-07-01,NS014,P0027,123,58,,119
INV0004617,2025-09-01,NS012,P0012,166,97,8,77
INV0002839,2025-06-01,NS007,P0025,89,52,30,67
INV0001532,2025-03-01,NS014,P0028,42,13,74,103
INV0005587,2025-11-01,NS010,P0041,64,10,61,115
INV0002660,2025-06-01,NS001,P0033,180,60,65,185
INV0002838,2025-06-01,NS007,P0015,121,72,4,53
INV0004229,2025-09-01,NS001,P0023,41,34,37,44
INV0001221,2025-03-01,NS005,P0045,184,38,35,181
INV0005673,2025-11-01,NS013,P0023,73,50,64,87
INV0000144,2025-01-01,NS005,P0037,158,77,56,137
INV0000445,2025-01-01,NS013,P0047,53,7,65,111
INV0005370,2025-11-01,NS004,P0032,81,72,5,14
INV0003584,2025-07-01,NS013,P0027,180,51,8,137
INV0002496,2025-05-01,NS012,P0013,42,0,21,63
INV0001767,2025-04-01,NS006,P0029,46,5,86,127
INV0005592,2025-11-01,NS010,P0009,106,86,,113
INV0001461,2025-03-01,NS012,P0033,71,10,98,159
INV0001609,2025-04-01,NS001,P0009,162,1,36,197
INV0001314,2025-03-01,NS008,P0016,187,83,89,193
INV0003423,2025-07-01,NS008,P0003,199,6,33,226
INV0000396,2025-01-01,NS012,P0044,156,111,33,78
INV0004844,2025-10-01,NS004,P0021,180,125,22,77
INV0002700,2025-06-01,NS003,P0026,46,30,30,46
INV0004899,2025-10-01,NS005,P0027,188,155,70,103
INV0000435,2025-01-01,NS013,P0021,24,16,87,95
INV0002483,2025-05-01,NS011,P0019,42,4,94,132
INV0000758,2025-02-01,NS007,P0019,67,44,84,107
INV0005332,2025-11-01,NS003,P0050,113,57,55,111
INV0000608,2025-02-01,NS003,P0043,197,70,77,204
INV0005098,2025-10-01,NS011,P0024,183,68,64,179
INV0001742,2025-04-01,NS005,P0028,180,165,42,57
INV0001818,2025-04-01,NS007,P0006,151,50,97,198
INV0002050,2025-04-01,NS014,P0011,85,48,46,83
INV0000495,2025-01-01,NS015,P0005,20,2,91,109
INV0004517,2025-09-01,NS010,P0036,127,35,38,130
INV0006092,2025-12-01,NS010,P0020,112,26,23,109
INV0002135,2025-05-01,NS001,P0021,182,55,13,140
INV0004293,2025-09-01,NS003,P0039,181,93,,152
INV0005116,2025-10-01,NS012,P0039,154,25,,201
INV0002459,2025-05-01,NS011,P0029,175,16,95,254
INV0000641,2025-02-01,NS004,P0025,66,45,78,99
INV0004614,2025-09-01,NS012,P0044,196,77,93,212
INV0002616,2025-05-01,NS015,P0036,61,27,16,50
INV0002391,2025-05-01,NS009,P0028,116,10,83,189
INV0000785,2025-02-01,NS008,P0038,31,6,4,29
INV0004444,2025-09-01,NS007,P0010,78,19,2,61
INV0003680,2025-08-01,NS001,P0022,39,25,61,75
INV0002670,2025-06-01,NS002,P0010,128,98,80,110
INV0001411,2025-03-01,NS011,P0022,142,9,41,174
INV0006006,2025-12-01,NS007,P0013,45,2,10,53
INV0002620,2025-05-01,NS015,P0026,40,27,57,70
INV0002577,2025-05-01,NS014,P0037,177,154,83,106
INV0002647,2025-06-01,NS001,P0005,153,73,,85
INV0002308,2025-05-01,NS006,P0042,53,20,50,83
INV0003331,2025-07-01,NS006,P0018,59,5,,87
INV0002390,2025-05-01,NS009,P0001,104,60,65,109
INV0000610,2025-02-01,NS003,P0019,127,6,27,148
INV0002442,2025-05-01,NS010,P0013,101,3,34,132
INV0001127,2025-03-01,NS003,P0007,57,20,2,39
INV0004681,2025-09-01,NS014,P0007,48,18,3,33
INV0006226,2025-12-01,NS013,P0049,154,22,93,225
INV0003197,2025-07-01,NS002,P0050,104,74,45,75
INV0003031,2025-06-01,NS012,P0015,190,119,56,127
INV0005156,2025-10-01,NS013,P0005,40,19,89,110
INV0000804,2025-02-01,NS008,P0039,53,16,80,117
INV0005909,2025-12-01,NS004,P0013,51,44,39,46
INV0004937,2025-10-01,NS007,P0013,81,25,5,61
INV0005159,2025-10-01,NS013,P0025,184,131,20,73
INV0001520,2025-03-01,NS014,P0025,105,64,62,103
INV0005532,2025-11-01,NS009,P0029,48,9,31,70
INV0000110,2025-01-01,NS004,P0024,111,85,17,43
INV0001930,2025-04-01,NS011,P0040,83,43,93,133
INV0000734,2025-02-01,NS006,P0009,196,109,91,178
INV0000183,2025-01-01,NS006,P0010,55,32,16,39
INV0003595,2025-07-01,NS013,P0009,68,37,99,130
INV0001169,2025-03-01,NS004,P0008,143,69,8,82
INV0005681,2025-11-01,NS013,P0012,81,11,94,164
INV0003937,2025-08-01,NS008,P0017,196,188,30,38
INV0004788,2025-10-01,NS002,P0016,59,18,41,82
INV0000060,2025-01-01,NS002,P0008,130,65,72,137
INV0005188,2025-10-01,NS014,P0014,74,52,37,59
INV0006297,2025-12-01,NS015,P0030,121,102,75,94
INV0000542,2025-02-01,NS001,P0001,101,38,62,125
INV0004650,2025-09-01,NS013,P0039,61,18,100,143
INV0003724,2025-08-01,NS002,P0049,81,61,,31
INV0000394,2025-01-01,NS012,P0033,193,165,20,48
INV0001344,2025-03-01,NS009,P0043,39,18,,64
INV0004297,2025-09-01,NS003,P0021,200,114,1,87
INV0005850,2025-12-01,NS003,P0038,38,13,52,77
INV0006022,2025-12-01,NS008,P0046,41,9,13,45
INV0000541,2025-02-01,NS001,P0026,54,17,76,113
INV0005137,2025-10-01,NS012,P0002,114,87,63,90
INV0002911,2025-06-01,NS009,P0002,107,57,,118
INV0000908,2025-02-01,NS011,P0006,172,98,25,99
INV0002617,2025-05-01,NS015,P0009,88,40,69,117
INV0004748,2025-10-01,NS001,P0030,175,114,66,127
INV0001292,2025-03-01,NS007,P0019,112,90,70,92
INV0004010,2025-08-01,NS010,P0048,69,17,26,78
INV0001620,2025-04-01,NS002,P0026,186,103,52,135
INV0005937,2025-12-01,NS005,P0010,144,133,88,99
INV0003493,2025-07-01,NS010,P0046,183,32,38,189
INV0001120,2025-03-01,NS002,P0028,73,66,80,87
INV0003881,2025-08-01,NS006,P0039,30,4,84,110
INV0000283,2025-01-01,NS009,P0005,173,16,40,197
INV0001871,2025-04-01,NS009,P0024,64,24,4,44
INV0004670,2025-09-01,NS014,P0036,90,61,99,128
INV0001955,2025-04-01,NS011,P0017,30,5,38,63
INV0002491,2025-05-01,NS012,P0027,24,8,10,26
INV0005784,2025-12-01,NS001,P0045,155,57,37,135
INV0006009,2025-12-01,NS007,P0030,127,122,50,55
INV0000253,2025-01-01,NS008,P0017,111,40,74,145
INV0000018,2025-01-01,NS001,P0032,121,95,89,115
INV0000721,2025-02-01,NS006,P0020,67,29,14,52
INV0005235,2025-10-01,NS015,P0021,45,30,35,50
INV0002849,2025-06-01,NS007,P0009,43,11,86,118
INV0005473,2025-11-01,NS007,P0034,149,83,24,90
INV0003893,2025-08-01,NS007,P0002,166,26,,221
INV0003387,2025-07-01,NS007,P0015,135,123,26,38
INV0003974,2025-08-01,NS009,P0005,92,48,39,83
INV0002038,2025-04-01,NS014,P0025,181,62,37,156
INV0004795,2025-10-01,NS002,P0026,178,50,75,203
INV0001671,2025-04-01,NS003,P0049,22,17,82,87
INV0000823,2025-02-01,NS009,P0015,74,23,94,145
INV0001042,2025-02-01,NS015,P0019,179,114,95,160
INV0006077,2025-12-01,NS009,P0040,89,22,17,84
INV0004832,2025-10-01,NS004,P0017,124,77,79,126
INV0005147,2025-10-01,NS013,P0039,118,46,43,115
INV0004318,2025-09-01,NS004,P0004,156,26,21,151
INV0001243,2025-03-01,NS006,P0012,58,18,62,102
INV0004096,2025-08-01,NS013,P0043,42,4,80,118
INV0001935,2025-04-01,NS011,P0020,42,26,4,20
INV0005834,2025-12-01,NS002,P0032,31,14,20,37
INV0000108,2025-01-01,NS004,P0019,93,66,100,127
INV0004737,2025-10-01,NS001,P0003,58,45,15,28
INV0001749,2025-04-01,NS005,P0041,92,36,6,62
INV0003853,2025-08-01,NS006,P0020,154,144,25,35
INV0002077,2025-04-01,NS015,P0020,136,89,85,132
INV0004554,2025-09-01,NS011,P0003,74,30,93,137
INV0005653,2025-11-01,NS012,P0050,102,81,61,82
INV0006277,2025-12-01,NS015,P0047,87,55,39,71
INV0006205,2025-12-01,NS013,P0043,180,11,83,252
INV0002421,2025-05-01,NS010,P0033,85,35,23,73
INV0003097,2025-06-01,NS014,P0049,116,48,19,87
INV0006065,2025-12-01,NS009,P0010,67,51,51,67
INV0001084,2025-03-01,NS001,P0045,113,73,100,140
INV0005277,2025-11-01,NS001,P0023,93,88,43,48
INV0004823,2025-10-01,NS003,P0006,175,146,20,49
INV0004414,2025-09-01,NS007,P0021,56,30,94,120
INV0001413,2025-03-01,NS011,P0003,21,14,95,102
INV0005213,2025-10-01,NS014,P0008,32,22,44,54
INV0004781,2025-10-01,NS002,P0025,159,75,5,89
INV0000478,2025-01-01,NS014,P0048,164,132,60,92
INV0001167,2025-03-01,NS004,P0041,32,14,42,60
INV0000564,2025-02-01,NS002,P0033,64,14,37,87
INV0005753,2025-11-01,NS015,P0039,154,83,98,169
INV0003537,2025-07-01,NS012,P0019,115,49,4,70
INV0000202,2025-01-01,NS006,P0016,46,28,38,56
INV0000137,2025-01-01,NS004,P0001,29,9,78,98
INV0006158,2025-12-01,NS011,P0045,101,26,34,109
INV0005759,2025-11-01,NS015,P0016,154,125,42,71
INV0003501,2025-07-01,NS011,P0024,100,13,96,183
INV0003716,2025-08-01,NS002,P0004,173,147,43,69
INV0003722,2025-08-01,NS002,P0003,83,7,7,83
INV0001100,2025-03-01,NS002,P0042,68,6,94,156
INV0000070,2025-01-01,NS002,P0029,184,154,,35
INV0003471,2025-07-01,NS010,P0048,65,16,68,117
INV0000522,2025-01-01,NS015,P0044,161,63,31,129
INV0003733,2025-08-01,NS002,P0007,193,150,16,59
INV0004678,2025-09-01,NS014,P0005,72,67,60,65
INV0005028,2025-10-01,NS009,P0036,149,61,32,120
INV0006169,2025-12-01,NS012,P0044,52,22,6,36
INV0004300,2025-09-01,NS003,P0014,49,38,98,109
INV0005581,2025-11-01,NS010,P0026,118,57,13,74
INV0002487,2025-05-01,NS012,P0029,85,76,20,29
INV0002343,2025-05-01,NS007,P0013,44,5,16,55
INV0005633,2025-11-01,NS011,P0030,140,8,6,138
INV0005431,2025-11-01,NS006,P0036,64,50,85,99
INV0005911,2025-12-01,NS004,P0022,200,28,7,179
