transaction_id,transaction_date,transaction_time,store_id,customer_id,product_id,quantity,unit_price,discount_pct,total_amount,payment_method
TXN0004649,2025-12-24,17:24:44,NS012,C00048,P0035,3,449,20,1077.6,Debit Card
TXN0000361,02/26/2025,16:59:43,NS003,C00478,P0044,1,279,5,265.05,Wallet
TXN0002117,12/12/2025,17:04:22,NS014,C00311,P0050,2,1499,5,2848.1,
TXN0001153,12/08/2025,10:20:50,NS003,C00044,P0017,3,1199,0,3597.0,Wallet
TXN0003942,05-09-2025,20:42:24,NS015,C00194,P0050,1,1499,0,1499.0,UPI
TXN0002594,2025-04-05,11:00:04,NS010,C00460,P0002,5,3299,5,15670.25,UPI
TXN0002075,2025-06-19,19:41:06,NS005,C00528,P0042,1,299,20,239.2,Credit Card
TXN0001020,2025-11-27,20:07:03,NS002,C00380,P0029,3,199,0,597.0,Wallet
TXN0001861,2025-06-19,17:25:20,NS006,C00368,P0032,2,799,0,1598.0,UPI
TXN0000790,14/02/2025,16:55:56,NS010,C00280,P0018,1,2499,20,1999.2,Cash
TXN0006455,2025-02-21,20:09:55,NS005,C00444,P0007,2,799,10,1438.2,UPI
TXN0005148,2025-03-02,12:15:09,NS005,C00484,P0032,2,799,15,1358.3,Credit Card
TXN0000342,2025-04-07,15:10:43,NS005,C00105,P0010,2,599,0,1198.0,Cash
TXN0000883,2025-01-12,13:21:32,NS005,C00511,P0047,4,449,0,1796.0,Wallet
TXN0000769,17/06/2025,14:09:20,NS014,C00385,P0036,1,349,15,296.65,Credit Card
TXN0003292,2025-07-01,17:20:21,NS009,C00511,P0021,2,599,0,1198.0,Credit Card
TXN0000059,10-08-2025,15:17:07,NS011,C00531,P0030,4,399,10,1436.4,Wallet
TXN0003977,02/04/2025,17:09:35,NS008,C00097,P0017,2,1199,10,2158.2,Wallet
TXN0004610,2025-10-05,16:26:05,NS013,C00312,P0020,3,3999,0,11997.0,UPI
TXN0002767,05-01-2025,18:31:55,NS015,C00068,P0018,1,2499,15,2124.15,UPI
TXN0004166,05/11/2025,16:35:36,NS015,C00096,P0046,1,199,0,199.0,Debit Card
TXN0001054,07-08-2025,12:55:52,NS009,C00249,P0008,3,3499,0,10497.0,Wallet
TXN0002807,2025-06-05,21:19:55,NS015,C00502,P0014,3,899,10,2427.3,UPI
TXN0001056,06/10/2025,15:25:43,NS015,C00122,P0030,2,399,0,798.0,Debit Card
TXN0002719,25/08/2025,09:46:15,NS003,C00007,P0033,2,999,20,1598.4,Wallet
TXN0002698,2025-04-03,15:05:29,NS003,C00512,P0022,3,189,0,567.0,Credit Card
TXN0003954,2025-08-10,15:48:03,NS012,C00084,P0038,1,149,0,149.0,Credit Card
TXN0004032,10/02/2025,19:56:18,NS015,C00121,P0049,1,199,0,199.0,Cash
TXN0004145,05/07/2025,12:46:08,NS010,C00489,P0031,3,1299,0,3897.0,Cash
TXN0004488,2025-05-13,15:36:49,NS005,C00482,P0017,3,1199,0,3597.0,Credit Card
TXN0000334,2025-04-26,12:46:57,NS013,C00378,P0035,1,449,0,449.0,Credit Card
TXN0006524,2025-03-21,20:00:00,NS015,C00139,P9842,2,763,0,2478,UPI
TXN0005852,2025-11-30,17:31:34,NS014,C00215,P0023,1,159,10,143.1,Credit Card
TXN0001035,2025-03-26,12:00:00,NS011,C00527,P0028,3,25,15,63.75,Debit Card
TXN0001760,11/05/2025,10:44:34,NS014,C00451,P0024,3,449,0,1347.0,UPI
TXN0001644,17/04/2025,15:30:26,NS012,C00142,P0023,3,159,0,477.0,UPI
TXN0003297,2025-02-04,17:59:09,NS006,C00397,P0003,3,4999,0,14997.0,Wallet
TXN0002415,23-06-2025,18:29:06,NS008,C00505,P0006,2,399,0,798.0,UPI
TXN0005145,2025-08-19,16:47:28,NS013,C00424,P0029,3,199,0,597.0,Wallet
TXN0003757,09/12/2025,12:08:46,NS003,C00042,P0041,1,249,0,249.0,Credit Card
TXN0000972,2025-09-03,19:37:45,NS012,C00139,P0004,3,1499,0,4497.0,Wallet
TXN0000522,2025-08-12,12:09:43,NS009,C00384,P0001,2,2499,0,4998.0,Credit Card
TXN0005361,05-12-2025,10:57:19,NS001,C00348,P0028,2,25,0,50.0,UPI
TXN0000524,2025-02-19,14:48:59,NS003,C00410,P0050,2 pcs,1499,5,2848.1,Debit Card
TXN0005100,2025-02-20,18:05:29,NS015,C00301,P0027,1,249,0,249.0,Debit Card
TXN0003318,10/04/2025,19:56:21,NS009,C00186,P0019,4 pcs,799,20,2556.8,UPI
TXN0002904,2025-04-27,21:05:12,NS012,C00122,P0033,3,999,10,2697.3,Debit Card
TXN0004128,2025-12-07,13:52:31,NS006,C00393,P0005,5,1899,15,8070.75,Cash
TXN0001679,25/06/2025,21:06:37,NS003,C00186,P0026,2,299,0,598.0,UPI
TXN0005769,2025-02-05,19:49:22,NS005,C00257,P0002,3,3299,0,9897.0,Wallet
TXN0000424,2025-11-19,18:41:03,NS004,C00118,P0042,1,299,0,299.0,Wallet
TXN0001337,2025-08-24,19:41:56,NS011,C00511,P0004,1 pcs,1499,20,1199.2,UPI
TXN0003970,28/05/2025,10:37:07,NS007,C00198,P0044,2,279,10,502.2,Cash
TXN0004135,25/03/2025,21:50:13,NS009,C00504,P0009,3,2199,0,6597.0,Debit Card
TXN0003808,2025-05-12,19:53:36,NS013,C00118,P0015,3,1799,20,4317.6,Wallet
TXN0001802,11/04/2025,19:00:30,NS008,C00280,P0024,3,449,5,1279.65,Credit Card
TXN0005194,17-02-2025,19:38:21,NS005,C00114,P0030,1,399,0,399.0,Cash
TXN0001007,08/07/2025,14:08:56,NS001,C00079,P0020,3,3999,0,11997.0,Cash
TXN0006055,16-05-2025,12:52:09,NS015,C00015,P0003,3,4999,15,12747.45,Credit Card
TXN0003093,29-09-2025,18:11:22,NS001,C00050,P0032,2,799,0,1598.0,Debit Card
TXN0002605,2025-01-15,20:41:06,NS008,C00417,P0020,1,3999,15,3399.15,UPI
TXN0005238,11/02/2025,10:10:08,NS011,C00074,P0016,1,999,20,799.2,Credit Card
TXN0001908,02-06-2025,10:27:13,NS003,C00327,P0031,1,1299,20,1039.2,Wallet
TXN0001960,2025-02-11,16:55:41,NS012,C00429,P0013,3,1299,0,3897.0,Credit Card
TXN0001160,2025-07-30,11:42:42,NS011,C00029,P0041,3,249,5,709.65,Cash
TXN0005943,25/01/2025,17:46:09,NS006,C00184,P0014,1 pcs,899,15,764.15,Credit Card
TXN0005051,20/04/2025,21:17:12,NS011,C00207,P0008,4,3499,0,13996.0,
TXN0000516,28/08/2025,21:01:28,NS013,C00468,P0038,3,149,15,379.95,Debit Card
TXN0003969,11-09-2025,16:43:33,NS005,C00143,P0018,2,2499,0,4998.0,Debit Card
TXN0001810,05/01/2025,18:07:00,NS014,C00222,P0038,1,149,0,149.0,UPI
TXN0001022,08/20/2025,18:51:10,NS007,C00431,P0050,3,1499,15,3822.45,Credit Card
TXN0002943,2025-11-15,18:48:12,NS015,C00107,P0014,4,899,0,3596.0,Debit Card
TXN0003876,2025-12-19,14:09:04,NS014,C00508,P0019,2,799,5,1518.1,Credit Card
TXN0005950,03/09/2025,09:01:09,NS004,C00220,P0021,3,599,0,1797.0,UPI
TXN0001340,2025-04-07,09:07:17,NS015,C00064,P0042,1,299,10,269.1,UPI
TXN0001637,2025-08-28,14:04:28,NS002,C00028,P0030,1,399,0,399.0,Wallet
TXN0000543,07/24/2025,19:18:17,NS001,C00417,P0014,1,899,15,764.15,
TXN0002484,31/03/2025,17:44:14,NS006,C00468,P0013,1,1299,0,1299.0,UPI
TXN0004027,04/26/2025,14:39:22,NS015,C00109,P0021,1,599,15,509.15,Debit Card
TXN0002667,11/03/2025,11:57:25,NS011,C00073,P0046,3,199,15,507.45,
TXN0003040,12/05/2025,11:53:08,NS010,C00150,P0016,3,999,0,2997.0,Credit Card
TXN0003261,09/08/2025,14:43:42,NS010,C00535,P0010,3,599,0,1797.0,Debit Card
TXN0002362,2025-10-02,16:06:21,NS014,C00421,P0037,1,699,0,699.0,Cash
TXN0003913,2025-06-07,16:56:00,NS001,C00329,P0015,3,1799,10,4857.3,Wallet
TXN0002453,04/09/2025,21:21:18,NS012,C00194,P0013,1,1299,10,1169.1,Wallet
TXN0003673,2025-07-31,12:42:55,NS010,C00373,P0050,2,1499,20,2398.4,Credit Card
TXN0004281,14/04/2025,09:19:21,NS001,C00235,P0001,3 pcs,2499,0,7497.0,Credit Card
TXN0001081,2025-01-25,20:21:37,NS004,C00276,P0003,1,4999,10,4499.1,UPI
TXN0004989,2025-12-03,15:31:20,NS009,C00015,P0025,3,49,0,147.0,UPI
TXN0003279,25/08/2025,10:13:55,NS003,C00007,P0019,3,799,5,2277.15,Wallet
TXN0004963,19-06-2025,10:08:38,NS011,C00534,P0003,3 pcs,4999,0,14997.0,Cash
TXN0000611,2025-07-01,16:07:53,NS007,C00027,P0029,3,199,0,597.0,Debit Card
TXN0003519,2025-08-19,12:04:25,NS005,C00006,P0038,3,149,10,402.3,Credit Card
TXN0001606,2025-07-27,21:01:22,NS014,C00101,P0007,1,799,0,799.0,Cash
TXN0001624,23-10-2025,14:44:47,NS015,C00146,P0006,2,399,0,798.0,Cash
TXN0002118,02-01-2025,20:14:04,NS014,C00091,P0003,2,4999,0,9998.0,UPI
TXN0003302,07-11-2025,19:50:39,NS006,C00131,P0001,1,2499,20,1999.2,UPI
TXN0005469,01/03/2025,18:52:24,NS001,C00369,P0025,4,49,0,196.0,Cash
TXN0001687,03/20/2025,17:34:15,NS012,C00261,P0041,3,249,10,672.3,Wallet
TXN0003165,07-11-2025,12:15:06,NS015,C00017,P0035,3,449,15,1144.95,UPI
TXN0004623,28/12/2025,16:33:27,NS001,C00078,P0023,1 pcs,159,0,159.0,UPI
TXN0002932,2025-08-24,16:16:00,NS008,C00019,P0015,4,1799,15,6116.6,
TXN0001405,15-04-2025,12:01:14,NS004,C00260,P0027,2,249,20,398.4,Cash
TXN0001098,2025-03-06,11:56:53,NS011,C00008,P0041,2,249,0,498.0,Cash
TXN0005627,06/10/2025,09:31:49,NS007,C00447,P0023,2,159,20,254.4,Debit Card
TXN0005070,11/04/2025,17:18:32,NS014,C00216,P0021,3,599,15,1527.45,Cash
TXN0002369,07/07/2025,14:35:01,NS014,C00353,P0032,3,799,5,2277.15,Debit Card
TXN0003724,2025-01-29,16:55:47,NS013,C00057,P0020,3,3999,0,11997.0,Cash
TXN0006277,2025-12-24,10:45:02,NS009,C00128,P0008,3,3499,0,10497.0,UPI
TXN0003229,13/08/2025,17:14:08,NS014,C00149,P0044,2 pcs,279,0,558.0,UPI
TXN0000877,05/12/2025,20:46:40,NS005,C00148,P0010,1,599,0,599.0,Wallet
TXN0000744,2025-08-07,14:47:15,NS009,C00008,P0042,3,299,5,852.15,Credit Card
TXN0002516,19/01/2025,18:58:35,NS014,C00214,P0037,4,699,15,2376.6,Debit Card
TXN0002407,2025-07-20,09:29:17,NS003,C00121,P0022,2,189,0,378.0,Wallet
TXN0003218,2025-08-11,18:34:55,NS009,C00139,P0025,2,49,15,83.3,UPI
TXN0003293,2025-07-02,15:06:21,NS002,C00284,P0013,2,1299,20,2078.4,Credit Card
TXN0006351,2025-05-23,16:06:19,NS014,C00223,P0003,2,4999,5,9498.1,Credit Card
TXN0004850,07/04/2025,09:16:39,NS015,C00507,P0023,2,159,5,302.1,Credit Card
TXN0006003,2025-01-26,14:44:20,NS008,C00289,P0031,3,1299,5,3702.15,Wallet
TXN0002591,2025-01-22,12:02:47,NS009,C00150,P0037,1,699,5,664.05,Wallet
TXN0005968,25/11/2025,09:08:20,NS010,C00203,P0032,3,799,10,2157.3,Wallet
TXN0004781,2025-12-14,11:42:16,NS014,C00373,P0034,5,299,0,1495.0,Debit Card
TXN0005276,25/12/2025,20:51:54,NS007,C00346,P0049,3,199,0,597.0,Debit Card
TXN0004616,2025-11-08,10:01:24,NS015,C00438,P0021,5,599,20,2396.0,Wallet
TXN0002471,14/05/2025,09:14:26,NS013,C00237,P0004,3,1499,0,4497.0,Credit Card
TXN0000519,2025-09-20,13:56:38,NS012,C00204,P0037,2,699,0,1398.0,Credit Card
TXN0002901,09/12/2025,12:05:45,NS003,C00331,P0010,2,599,0,1198.0,
TXN0000899,03/05/2025,15:26:07,NS015,C00310,P0046,2,199,20,318.4,Cash
TXN0001021,25/01/2025,18:37:45,NS002,C00297,P0019,5,799,0,3995.0,Cash
TXN0003116,2025-09-28,17:56:40,NS002,C00104,P0006,3,399,20,957.6,Cash
TXN0000330,2025-05-26,15:02:57,NS009,C00041,P0022,3,189,0,567.0,Cash
TXN0004954,05-06-2025,18:32:53,NS014,C00184,P0031,1,1299,5,1234.05,Credit Card
TXN0005130,2025-06-17,20:57:24,NS015,C00333,P0014,1,899,0,899.0,Credit Card
TXN0003569,2025-01-22,11:47:25,NS015,C00156,P0033,1,999,0,999.0,
TXN0002969,2025-09-26,13:51:49,NS001,C00487,P0015,2,1799,0,3598.0,Cash
TXN0003601,2025-11-24,11:50:34,NS011,C00289,P0001,2,2499,0,4998.0,Wallet
TXN0005897,12/10/2025,10:02:01,NS005,C00184,P0017,4,1199,0,4796.0,Cash
TXN0003309,08-01-2025,20:38:13,NS012,C00253,P0012,3,1499,0,4497.0,Wallet
TXN0005791,13/09/2025,20:49:05,NS001,C00022,P0002,2,3299,0,6598.0,Cash
TXN0005573,2025-02-25,15:15:35,NS003,C00186,P0018,2,2499,0,4998.0,
TXN0003234,02-09-2025,13:43:40,NS006,C00366,P0011,3,599,0,1797.0,Debit Card
TXN0000781,2025-01-15,19:42:32,NS013,C00416,P0014,1,899,0,899.0,Cash
TXN0000284,11/14/2025,09:47:50,NS004,C00009,P0010,1,599,5,569.05,Debit Card
TXN0001902,02/09/2025,19:56:47,NS004,C00529,P0018,3,2499,5,7122.15,Credit Card
TXN0001323,10/03/2025,13:29:11,NS015,C00375,P0043,1,349,10,314.1,Wallet
TXN0002721,17/05/2025,14:52:55,NS013,C00378,P0031,2,1299,10,2338.2,Debit Card
TXN0004586,21-04-2025,09:49:33,NS007,C00235,P0014,1,899,10,809.1,Cash
TXN0002709,2025-08-03,10:51:51,NS002,C00134,P0041,1,249,0,249.0,Wallet
TXN0006380,2025-10-15,14:04:48,NS005,C00410,P0038,1,149,10,134.1,Wallet
TXN0005014,12-05-2025,16:07:26,NS005,C00336,P0017,2,1199,5,2278.1,Credit Card
TXN0001027,2025-08-31,19:07:29,NS013,C00428,P0002,4,3299,0,13196.0,UPI
TXN0001433,2025-07-13,19:16:39,NS009,C00028,P0042,5,299,10,1345.5,Cash
TXN0002414,14/02/2025,14:32:40,NS010,C00494,P0037,3,699,0,2097.0,UPI
TXN0006336,2025-03-31,21:28:51,NS015,C00194,P0003,1,4999,0,4999.0,Credit Card
TXN0003751,2025-07-06,16:41:33,NS009,C00359,P0034,4,299,5,1136.2,Wallet
TXN0006293,2025-03-18,20:13:05,NS008,C00501,P0049,3,199,0,597.0,Cash
TXN0005216,26/02/2025,16:41:06,NS011,C00307,P0023,1,159,5,151.05,Wallet
TXN0000155,09/07/2025,14:20:52,NS004,C00370,P0043,2,349,15,593.3,Wallet
TXN0002861,2025-01-21,20:20:03,NS003,C00246,P0003,3,4999,15,12747.45,Credit Card
TXN0005776,2025-07-23,19:04:48,NS015,C00257,P0029,3,199,15,507.45,Cash
TXN0005143,2025-07-26,12:59:13,NS015,C00297,P0012,5,1499,10,6745.5,Cash
TXN0000453,2025-08-10,20:50:33,NS006,C00195,P0036,1,349,0,349.0,UPI
TXN0005827,17/06/2025,13:09:10,NS006,C00190,P0030,2,399,15,678.3,Wallet
TXN0003322,2025-11-03,09:45:17,NS014,C00258,P0013,2,1299,5,2468.1,UPI
TXN0006050,2025-11-03,19:51:29,NS013,C00496,P0040,1,599,10,539.1,UPI
TXN0005957,2025-11-05,17:42:02,NS012,C00283,P0040,1,599,5,569.05,UPI
TXN0004508,03/01/2025,18:01:00,NS005,C00375,P0042,5,299,0,1495.0,Debit Card
TXN0005850,29/07/2025,21:13:56,NS002,C00454,P0009,1,2199,0,2199.0,Credit Card
TXN0003316,2025-05-17,20:03:53,NS003,C00071,P0023,1,159,0,159.0,UPI
TXN0003859,07-07-2025,16:28:18,NS002,C00309,P0038,1,149,10,134.1,Debit Card
TXN0001519,23-12-2025,17:31:13,NS007,C00412,P0009,2,2199,0,4398.0,UPI
TXN0002565,10/04/2025,15:47:37,NS003,C00371,P0021,2,599,0,1198.0,Credit Card
TXN0002318,2025-11-09,13:21:11,NS015,C00046,P0022,5,189,0,945.0,UPI
TXN0005905,2025-07-15,12:54:33,NS013,C00486,P0004,3,1499,10,4047.3,Debit Card
TXN0002128,06/15/2025,16:24:18,NS001,C00193,P0036,3,349,0,1047.0,Credit Card
TXN0005368,29/12/2025,18:29:59,NS009,C00091,P0043,3,349,5,994.65,Cash
TXN0006345,25-09-2025,09:02:17,NS013,C00459,P0010,1,599,0,599.0,Wallet
TXN0002373,08/09/2025,21:52:44,NS004,C00298,P0008,3 pcs,3499,10,9447.3,Credit Card
TXN0004221,15/04/2025,14:14:15,NS004,C00372,P0002,1,3299,15,2804.15,UPI
TXN0002502,2025-09-18,17:46:22,NS002,C00362,P0027,3,249,0,747.0,Credit Card
TXN0005030,2025-04-24,11:29:31,NS004,C00142,P0049,1,199,15,169.15,Credit Card
TXN0000494,2025-12-31,15:35:28,NS008,C00257,P0044,1,279,15,237.15,Credit Card
TXN0005290,2025-11-24,11:56:20,NS011,C00222,P0020,3,3999,10,10797.3,UPI
TXN0002669,2025-06-21,20:25:34,NS009,C00011,P0013,1,1299,15,1104.15,Debit Card
TXN0002259,2025-05-23,09:41:21,NS013,C00419,P0027,3,249,0,747.0,Debit Card
TXN0006291,20-11-2025,19:55:25,NS015,C00283,P0040,1,599,0,599.0,Credit Card
TXN0004828,2025-02-27,12:34:54,NS012,C00279,P0004,1,1499,20,1199.2,UPI
TXN0000394,2025-06-30,17:54:08,NS013,C00069,P0029,2,199,15,338.3,Cash
TXN0002689,14/01/2025,18:35:27,NS004,C00188,P0017,2,1199,0,2398.0,Credit Card
TXN0001253,06/29/2025,19:44:48,NS001,C00094,P0008,5,3499,10,15745.5,Cash
TXN0005275,14/01/2025,10:29:18,NS012,C00284,P0009,2,2199,0,4398.0,Wallet
TXN0001805,06-09-2025,15:08:55,NS007,C00185,P0016,3,999,15,2547.45,Cash
TXN0001100,2025-08-26,17:10:49,NS008,C00414,P0034,3,299,0,897.0,Debit Card
TXN0002760,15/05/2025,15:01:31,NS002,C00263,P0034,2,299,15,508.3,Credit Card
TXN0004213,2025-06-07,12:55:08,NS008,C00323,P0034,5,299,0,1495.0,Cash
TXN0005613,2025-05-29,19:04:30,NS010,C00075,P0038,2,149,5,283.1,Credit Card
TXN0002126,25/11/2025,20:34:38,NS001,C00475,P0019,3,799,0,2397.0,Credit Card
TXN0001355,2025-11-08,11:22:35,NS011,C00158,P0046,2,199,0,398.0,Credit Card
TXN0003440,2025-12-04,14:49:10,NS014,C00162,P0031,3,1299,0,3897.0,Wallet
TXN0003448,05/02/2025,16:33:31,NS004,C00460,P0010,3,599,0,1797.0,Debit Card
TXN0006235,2025-04-05,11:55:57,NS012,C00095,P0032,5,799,0,3995.0,Cash
TXN0004635,14/02/2025,13:01:57,NS012,C00062,P0004,3,1499,0,4497.0,Credit Card
TXN0004677,2025-11-15,13:31:27,NS002,C00446,P0036,1,349,15,296.65,Wallet
TXN0002262,2025-03-08,19:54:15,NS009,C00332,P0046,4,199,15,676.6,UPI
TXN0003011,20/08/2025,16:17:23,NS010,C00185,P0024,2,449,0,898.0,UPI
TXN0000271,2025-10-05,12:38:00,NS013,C00317,P0013,5,1299,0,6495.0,Cash
TXN0005036,2025-02-02,13:45:46,NS003,C00321,P0020,1,3999,10,3599.1,Wallet
TXN0004810,2025-02-23,10:02:42,NS003,C00375,P0035,2,449,10,808.2,Cash
TXN0002962,21-07-2025,21:16:47,NS006,C00531,P0029,3,199,15,507.45,Debit Card
TXN0004408,29-09-2025,19:55:29,NS007,C00440,P0015,2,1799,0,3598.0,Cash
TXN0003915,02/04/2025,20:14:33,NS006,C00060,P0009,3,2199,5,6267.15,Debit Card
TXN0001880,06/05/2025,12:10:57,NS007,C00032,P0048,3,399,10,1077.3,Wallet
TXN0004717,2025-03-12,12:08:35,NS005,C00145,P0017,3,1199,20,2877.6,UPI
TXN0006514,2025-01-30,12:00:00,NS014,C00476,P9308,3,515,0,3252,Cash
TXN0002182,2025-11-17,20:46:09,NS004,C00435,P0035,3,449,0,1347.0,Cash
TXN0001693,2025-09-18,16:08:42,NS010,C00173,P0024,2,449,0,898.0,Credit Card
TXN0006127,2025-01-07,17:02:37,NS006,C00161,P0042,2,299,0,598.0,Wallet
TXN0001492,2025-10-25,21:36:29,NS004,C00267,P0019,5,799,0,3995.0,Cash
TXN0005098,18-09-2025,16:45:57,NS011,C00479,P0034,3,299,5,852.15,Credit Card
TXN0004402,11-08-2025,21:45:05,NS007,C00216,P0034,1,299,10,269.1,Cash
TXN0002893,2025-05-13,13:05:19,NS003,C00017,P0019,3,799,10,2157.3,Debit Card
TXN0001069,13/06/2025,12:31:47,NS001,C00326,P0044,3,279,0,837.0,Debit Card
TXN0004384,01/05/2025,18:30:05,NS015,C00001,P0008,1,3499,0,3499.0,Cash
TXN0002854,05/07/2025,13:05:30,NS007,C00060,P0040,1,599,0,599.0,Debit Card
TXN0000574,23/05/2025,20:50:07,NS011,C00202,P0023,2,159,20,254.4,Wallet
TXN0006350,2025-09-12,18:32:13,NS002,C00527,P0008,3,3499,0,10497.0,UPI
TXN0003503,2025-03-19,18:18:50,NS009,C00074,P0033,2,999,0,1998.0,Wallet
TXN0001166,2025-12-08,11:53:12,NS007,C00088,P0020,3,3999,15,10197.45,Cash
TXN0005060,2025-07-01,12:44:57,NS001,C00451,P0048,1,399,20,319.2,Cash
TXN0001149,04-05-2025,20:54:30,NS001,C00033,P0004,3,1499,15,3822.45,Debit Card
TXN0005061,28/11/2025,17:18:43,NS006,C00278,P0020,1,3999,0,3999.0,Cash
TXN0006468,11-06-2025,12:49:53,NS011,C00138,P0023,2,159,20,254.4,UPI
TXN0002820,03/11/2025,17:06:28,NS010,C00278,P0032,2,799,10,1438.2,Cash
TXN0005762,03/07/2025,14:39:15,NS015,C00121,P0043,1,349,0,349.0,Debit Card
TXN0003760,2025-07-29,19:47:55,NS008,C00106,P0009,1,2199,0,2199.0,UPI
TXN0006158,2025-01-22,19:44:43,NS007,C00356,P0011,3,599,10,1617.3,UPI
TXN0004432,31/12/2025,14:00:40,NS001,C00363,P0029,2,199,10,358.2,Wallet
TXN0003150,2025-05-21,12:22:57,NS015,C00468,P0050,3,1499,0,4497.0,Cash
TXN0006046,2025-07-27,12:51:11,NS009,C00513,P0024,5,449,5,2132.75,Debit Card
TXN0004303,10/02/2025,21:32:58,NS012,C00197,P0029,2,199,5,378.1,Wallet
TXN0002675,2025-04-26,17:37:23,NS012,C00454,P0039,4,179,20,572.8,UPI
TXN0000578,01/21/2025,13:35:17,NS002,C00195,P0047,1,449,0,449.0,Wallet
TXN0003251,25-12-2025,14:21:43,NS009,C00347,P0001,3,2499,10,6747.3,Wallet
TXN0004571,2025-11-09,18:08:20,NS013,C00236,P0016,4,999,0,3996.0,Cash
TXN0001704,2025-01-29,15:55:08,NS007,C00289,P0014,3,899,10,2427.3,Cash
TXN0001185,17/06/2025,15:40:24,NS005,C00433,P0040,3,599,0,1797.0,Wallet
TXN0000300,11/10/2025,17:27:24,NS005,C00448,P0041,3,249,0,747.0,Cash
TXN0003909,04/01/2025,21:38:13,NS008,C00070,P0024,1,449,0,449.0,Cash
TXN0004864,2025-02-06,14:39:04,NS005,C00329,P0001,3,2499,0,7497.0,Wallet
TXN0000172,2025-06-20,20:13:54,NS012,C00231,P0045,3,499,0,1497.0,UPI
TXN0004680,01/01/2025,16:16:12,NS003,C00105,P0048,1,399,0,399.0,Credit Card
TXN0004974,2025-02-25,10:22:24,NS014,C00352,P0016,3,999,10,2697.3,UPI
TXN0003472,2025-12-20,10:29:30,NS015,C00034,P0041,4,249,0,996.0,Credit Card
TXN0001982,10/17/2025,10:31:53,NS015,C00103,P0014,3 pcs,899,15,2292.45,Cash
TXN0005114,2025-04-22,13:52:40,NS003,C00319,P0005,2,1899,20,3038.4,Cash
TXN0004201,24-02-2025,12:26:41,NS004,C00013,P0024,2,449,10,808.2,Debit Card
TXN0006363,08/23/2025,11:51:31,NS011,C00214,P0005,5,1899,20,7596.0,Cash
TXN0002777,28/03/2025,16:25:02,NS002,C00267,P0023,3,159,5,453.15,Cash
TXN0006497,01/10/2025,17:44:28,NS014,C00474,P0010,1,599,15,509.15,Wallet
TXN0001123,07-11-2025,19:05:07,NS002,C00392,P0026,1,299,0,299.0,UPI
TXN0006233,03/03/2025,17:19:37,NS008,C00301,P0005,2,1899,0,3798.0,UPI
TXN0000626,10/09/2025,18:12:08,NS004,C00528,P0009,1,2199,0,2199.0,Cash
TXN0005554,26/08/2025,21:36:53,NS009,C00254,P0022,3,189,5,538.65,UPI
TXN0004093,30/11/2025,21:52:00,NS015,C00323,P0012,2,1499,10,2698.2,Wallet
TXN0006395,11/05/2025,15:24:44,NS007,C00132,P0039,1,179,0,179.0,Debit Card
TXN0003201,2025-12-19,14:06:32,NS013,C00128,P0011,2 pcs,599,10,1078.2,Wallet
TXN0001745,27/11/2025,21:48:57,NS015,C00054,P0007,2,799,5,1518.1,Wallet
TXN0006160,2025-04-04,11:55:47,NS001,C00019,P0050,2,1499,10,2698.2,Wallet
TXN0004126,11/06/2025,18:20:10,NS008,C00291,P0029,3,199,20,477.6,Cash
TXN0006040,16/01/2025,10:10:16,NS006,C00412,P0012,3,1499,0,4497.0,UPI
TXN0003285,2025-10-28,14:56:20,NS015,C00190,P0005,2,1899,10,3418.2,Cash
TXN0004188,10/01/2025,14:22:34,NS003,C00140,P0027,1,249,0,249.0,Cash
TXN0001956,2025-08-02,10:17:30,NS013,C00379,P0015,2,1799,15,3058.3,Wallet
TXN0003886,17/06/2025,17:36:44,NS008,C00276,P0042,1,299,10,269.1,
TXN0003124,2025-03-26,10:31:21,NS007,C00069,P0025,3,49,0,147.0,Wallet
TXN0003284,25-07-2025,16:25:02,NS009,C00362,P0009,1,2199,10,1979.1,
TXN0000630,2025-04-04,19:02:53,NS013,C00244,P0011,2,599,10,1078.2,Cash
TXN0000673,30/04/2025,17:26:09,NS013,C00323,P0001,3,2499,0,7497.0,Credit Card
TXN0004940,2025-12-13,21:06:11,NS005,C00487,P0009,2,2199,0,4398.0,Debit Card
TXN0002971,2025-06-10,21:47:56,NS003,C00418,P0024,3,449,0,1347.0,Wallet
TXN0000956,2025-04-27,17:01:44,NS002,C00106,P0037,2,699,0,1398.0,Debit Card
TXN0004840,2025-12-27,11:58:04,NS006,C00259,P0020,1,3999,15,3399.15,Debit Card
TXN0006066,11/28/2025,15:01:31,NS003,C00306,P0013,1,1299,15,1104.15,UPI
TXN0005340,2025-11-08,13:23:00,NS001,C00265,P0007,5,799,10,3595.5,Cash
TXN0001417,02/14/2025,10:33:29,NS009,C00043,P0016,3,999,10,2697.3,Wallet
TXN0004916,2025-03-16,16:49:38,NS007,C00246,P0016,5,999,20,3996.0,Wallet
TXN0003196,25-04-2025,09:29:15,NS003,C00316,P0025,3 pcs,49,15,124.95,Wallet
TXN0001541,2025-01-11,20:31:44,NS010,C00279,P0007,5,799,0,3995.0,UPI
TXN0003498,17/06/2025,13:21:00,NS004,C00206,P0044,2,279,0,558.0,UPI
TXN0006198,2025-08-25,17:33:30,NS014,C00184,P0034,2,299,20,478.4,Cash
TXN0004589,2025-04-22,19:39:11,NS006,C00050,P0045,3,499,0,1497.0,Credit Card
TXN0005489,07-09-2025,19:37:06,NS005,C00528,P0030,1,399,0,399.0,Wallet
TXN0000220,2025-03-03,09:17:12,NS015,C00150,P0028,1,25,0,25.0,Cash
TXN0001425,03/11/2025,14:00:17,NS008,C00022,P0011,1,599,10,539.1,Wallet
TXN0003869,2025-06-12,15:22:53,NS007,C00266,P0001,1,2499,0,2499.0,Wallet
TXN0005319,11/01/2025,09:29:48,NS005,C00348,P0004,3,1499,5,4272.15,UPI
TXN0003573,15/03/2025,14:53:20,NS005,C00075,P0019,1,799,10,719.1,Debit Card
TXN0001203,03/11/2025,15:50:16,NS014,C00169,P0041,2,249,0,498.0,
TXN0004844,09/02/2025,09:37:01,NS007,C00363,P0050,1,1499,5,1424.05,Cash
TXN0006093,2025-02-05,14:52:02,NS002,C00161,P0039,1,179,5,170.05,UPI
TXN0000873,2025-09-03,14:12:19,NS015,C00519,P0011,1,599,0,599.0,UPI
TXN0001461,2025-06-16,13:42:27,NS011,C00010,P0049,2,199,5,378.1,UPI
TXN0000731,2025-11-29,13:16:28,NS007,C00346,P0003,3,4999,20,11997.6,Cash
TXN0004141,2025-08-11,09:30:22,NS010,C00108,P0018,2,2499,10,4498.2,Debit Card
TXN0005631,2025-03-22,12:41:45,NS005,C00278,P0041,5,249,5,1182.75,Credit Card
TXN0005824,23-01-2025,10:44:59,NS001,C00283,P0049,2,199,0,398.0,UPI
TXN0001401,2025-05-15,09:19:13,NS014,C00327,P0004,1,1499,0,1499.0,Wallet
TXN0002473,05-04-2025,15:19:58,NS002,C00265,P0032,3,799,15,2037.45,Wallet
TXN0004520,2025-10-08,11:52:09,NS004,C00162,P0036,2,349,0,698.0,Credit Card
TXN0004262,10/10/2025,12:07:49,NS012,C00326,P0048,2,399,15,678.3,Debit Card
TXN0005853,2025-06-01,12:06:35,NS002,C00228,P0007,2,799,10,1438.2,Credit Card
TXN0005422,2025-04-18,13:02:20,NS005,C00111,P0046,2,199,10,358.2,UPI
TXN0005566,2025-07-07,15:52:14,NS015,C00358,P0040,1,599,0,599.0,Debit Card
TXN0003349,04-10-2025,18:45:10,NS008,C00057,P0047,3,449,20,1077.6,UPI
TXN0005622,09/13/2025,20:55:15,NS002,C00042,P0005,1,1899,0,1899.0,Cash
TXN0004348,2025-02-22,19:29:24,NS003,C00050,P0035,1,449,0,449.0,UPI
TXN0001091,2025-01-21,21:19:23,NS011,C00236,P0038,3,149,0,447.0,Cash
TXN0005785,17/10/2025,17:03:52,NS006,C00129,P0029,3,199,0,597.0,Cash
TXN0004494,2025-11-15,21:28:27,NS010,C00329,P0024,5,449,0,2245.0,UPI
TXN0004546,26/02/2025,09:57:48,NS014,C00377,P0023,3,159,15,405.45,UPI
TXN0001755,15-12-2025,16:57:00,NS002,C00183,P0001,3,2499,5,7122.15,UPI
TXN0005758,2025-11-16,17:46:17,NS010,C00437,P0023,2,159,10,286.2,Cash
TXN0004112,28/09/2025,12:16:43,NS006,C00388,P0023,1,159,0,159.0,UPI
TXN0000090,2025-08-19,15:23:51,NS008,C00325,P0018,2,2499,0,4998.0,UPI
TXN0004587,2025-07-20,15:41:31,NS007,C00009,P0046,3,199,10,537.3,Cash
TXN0001290,19-03-2025,10:05:24,NS007,C00455,P0015,1,1799,0,1799.0,Credit Card
TXN0003505,22/05/2025,16:31:26,NS005,C00092,P0016,2,999,0,1998.0,Debit Card
TXN0003032,05/01/2025,13:32:44,NS002,C00191,P0019,2,799,15,1358.3,Debit Card
TXN0000734,20-09-2025,21:27:26,NS012,C00351,P0009,3,2199,5,6267.15,Wallet
TXN0006079,2025-01-01,11:50:24,NS010,C00036,P0037,3,699,10,1887.3,Wallet
TXN0001975,2025-04-29,13:13:30,NS015,C00430,P0031,3,1299,0,3897.0,Credit Card
TXN0006280,07/17/2025,17:42:32,NS005,C00205,P0013,1,1299,15,1104.15,Credit Card
TXN0001426,2025-12-16,17:43:22,NS002,C00321,P0013,3,1299,20,3117.6,Debit Card
TXN0000951,10/18/2025,10:15:57,NS005,C00259,P0016,5,999,0,4995.0,Debit Card
TXN0002728,30/04/2025,21:55:21,NS007,C00011,P0020,2,3999,5,7598.1,Debit Card
TXN0002859,05-10-2025,13:47:28,NS008,C00093,P0038,5,149,0,745.0,Debit Card
TXN0002180,29/03/2025,17:25:28,NS013,C00407,P0004,2,1499,0,2998.0,Credit Card
TXN0005150,14/03/2025,09:25:15,NS006,C00484,P0012,2,1499,20,2398.4,Debit Card
TXN0000722,14/04/2025,12:19:53,NS002,C00372,P0040,2,599,20,958.4,Debit Card
TXN0005837,10/28/2025,14:43:40,NS015,C00502,P0015,3,1799,0,5397.0,UPI
TXN0005810,03/14/2025,10:51:56,NS001,C00035,P0019,2,799,20,1278.4,Wallet
TXN0000126,2025-02-04,18:58:37,NS008,C00392,P0033,3,999,0,2997.0,Wallet
TXN0003880,06/10/2025,19:02:40,NS008,C00439,P0037,3,699,10,1887.3,Debit Card
TXN0004255,04-03-2025,18:50:54,NS009,C00037,P0050,2,1499,0,2998.0,Wallet
TXN0004890,11/12/2025,13:44:52,NS007,C00138,P0032,2,799,0,1598.0,Credit Card
TXN0004024,01/04/2025,11:21:48,NS007,C00133,P0004,3,1499,0,4497.0,Debit Card
TXN0000079,2025-05-26,13:46:11,NS006,C00252,P0012,1,1499,0,1499.0,
TXN0003412,03-05-2025,09:29:20,NS013,C00123,P0017,3 pcs,1199,0,3597.0,Wallet
TXN0004796,2025-02-19,18:12:49,NS014,C00191,P0037,2,699,5,1328.1,Credit Card
TXN0002032,2025-07-03,11:02:26,NS002,C00050,P0007,3,799,0,2397.0,UPI
TXN0000904,14/04/2025,15:02:49,NS001,C00370,P0046,2,199,10,358.2,Credit Card
TXN0002810,14-02-2025,20:49:35,NS014,C00032,P0036,1,349,0,349.0,Debit Card
TXN0000928,07/06/2025,15:01:01,NS005,C00336,P0012,1,1499,0,1499.0,Wallet
TXN0000582,22/11/2025,16:00:16,NS013,C00417,P0039,3,179,20,429.6,UPI
TXN0003211,2025-03-20,11:46:41,NS010,C00378,P0004,3,1499,0,4497.0,Credit Card
TXN0005311,24/02/2025,12:40:48,NS010,C00510,P0049,3,199,20,477.6,UPI
TXN0000962,15/02/2025,12:59:36,NS005,C00001,P0028,3,25,10,67.5,Debit Card
TXN0000803,26/04/2025,16:09:53,NS012,C00193,P0046,1,199,0,199.0,Debit Card
TXN0006064,10/10/2025,21:37:08,NS003,C00517,P0013,1,1299,0,1299.0,UPI
TXN0002583,04/09/2025,18:03:10,NS015,C00365,P0037,1,699,0,699.0,Cash
TXN0005516,13/01/2025,15:12:14,NS009,C00422,P0046,2,199,15,338.3,
TXN0000188,31/05/2025,16:08:36,NS008,C00321,P0034,3,299,0,897.0,Cash
TXN0004101,11/07/2025,14:12:45,NS014,C00511,P0022,2,189,20,302.4,Credit Card
TXN0001912,2025-03-31,15:54:47,NS006,C00071,P0036,2,349,5,663.1,Wallet
TXN0006502,2025-09-20,15:00:00,NS008,C00062,P9681,3,981,0,4238,Cash
TXN0003819,2025-05-05,15:08:28,NS008,C00440,P0029,2,199,15,338.3,Wallet
TXN0001712,03/06/2025,09:56:10,NS005,C00225,P0029,2,199,5,378.1,Credit Card
TXN0001502,30/09/2025,14:30:14,NS010,C00018,P0035,1,449,10,404.1,UPI
TXN0003001,17-08-2025,18:51:33,NS012,C00154,P0018,3,2499,10,6747.3,UPI
TXN0005956,11/02/2025,14:42:32,NS006,C00242,P0022,1 pcs,189,15,160.65,UPI
TXN0002168,2025-05-05,14:02:54,NS011,C00149,P0036,1,349,0,349.0,Cash
TXN0004322,2025-09-27,14:06:08,NS013,C00400,P0008,5,3499,0,17495.0,Debit Card
TXN0000945,2025-08-10,09:50:56,NS014,C00062,P0048,4,399,5,1516.2,UPI
TXN0001929,2025-11-21,18:48:10,NS011,C00188,P0032,3,799,20,1917.6,Debit Card
TXN0000462,2025-12-12,15:51:28,NS007,C00409,P0017,1,1199,5,1139.05,Debit Card
TXN0004583,2025-02-12,11:37:51,NS006,C00120,P0044,1,279,15,237.15,Debit Card
TXN0000709,2025-10-18,12:48:40,NS001,C00076,P0002,4,3299,15,11216.6,Credit Card
TXN0002509,2025-07-10,17:21:48,NS008,C00104,P0006,2,399,5,758.1,Credit Card
TXN0000933,2025-09-02,21:23:25,NS009,C00110,P0017,1,1199,0,1199.0,Cash
TXN0003991,2025-04-03,16:33:59,NS002,C00299,P0040,2,599,0,1198.0,Credit Card
TXN0002102,2025-07-25,18:45:13,NS011,C00268,P0030,2,399,20,638.4,
TXN0002929,2025-03-07,13:37:55,NS001,C00216,P0014,1,899,0,899.0,UPI
TXN0001469,2025-01-21,13:35:38,NS015,C00063,P0002,3,3299,0,9897.0,Credit Card
TXN0005826,29/01/2025,16:56:25,NS009,C00299,P0043,3,349,15,889.95,Credit Card
TXN0004897,05-08-2025,18:34:39,NS012,C00099,P0004,2,1499,0,2998.0,Credit Card
TXN0001653,30-11-2025,15:38:07,NS008,C00110,P0028,2,25,0,50.0,Credit Card
TXN0001743,28/01/2025,21:55:44,NS011,C00078,P0030,3,399,0,1197.0,Debit Card
TXN0003882,21-11-2025,13:40:18,NS008,C00314,P0032,1,799,0,799.0,Credit Card
TXN0001393,2025-08-25,15:55:22,NS009,C00402,P0013,2,1299,10,2338.2,Debit Card
TXN0001989,04-03-2025,13:10:15,NS011,C00156,P0008,2,3499,5,6648.1,Cash
TXN0002568,16/11/2025,10:08:05,NS014,C00237,P0001,1,2499,0,2499.0,UPI
TXN0003586,26-02-2025,15:35:00,NS002,C00162,P0027,3,249,15,634.95,UPI
TXN0000575,11/23/2025,20:54:52,NS013,C00234,P0048,2,399,10,718.2,Cash
TXN0001750,05-12-2025,16:09:33,NS009,C00348,P0037,1,699,20,559.2,Credit Card
TXN0003424,01/02/2025,13:05:17,NS014,C00277,P0009,3,2199,15,5607.45,Cash
TXN0003392,05-09-2025,16:48:51,NS001,C00133,P0010,3,599,0,1797.0,Wallet
TXN0000955,11-04-2025,14:02:54,NS006,C00366,P0031,1,1299,10,1169.1,Debit Card
TXN0002270,23/02/2025,19:09:12,NS004,C00380,P0029,4,199,0,796.0,Debit Card
TXN0002278,17/04/2025,12:03:39,NS010,C00060,P0003,3,4999,0,14997.0,Wallet
TXN0005510,02/02/2025,18:04:32,NS008,C00122,P0030,1,399,0,399.0,Credit Card
TXN0002825,2025-07-08,14:45:35,NS004,C00494,P0049,3,199,0,597.0,Cash
TXN0003184,2025-01-17,13:52:19,NS010,C00196,P0050,1,1499,0,1499.0,Debit Card
TXN0005892,27/04/2025,17:43:29,NS005,C00022,P0023,3,159,0,477.0,Wallet
TXN0002344,17/06/2025,19:40:09,NS003,C00288,P0010,1,599,5,569.05,Wallet
TXN0001720,22/08/2025,17:16:17,NS004,C00469,P0004,2,1499,15,2548.3,Cash
TXN0005634,14/11/2025,10:16:08,NS007,C00057,P0031,1,1299,0,1299.0,UPI
TXN0004820,2025-07-17,10:27:52,NS001,C00327,P0018,1,2499,0,2499.0,Debit Card
TXN0005168,2025-04-17,10:41:50,NS002,C00144,P0034,2,299,5,568.1,Cash
TXN0006121,08/04/2025,15:08:58,NS001,C00155,P0043,1,349,0,349.0,Debit Card
TXN0003307,2025-01-08,19:31:20,NS006,C00291,P0005,3,1899,5,5412.15,UPI
TXN0003049,21-02-2025,11:03:15,NS006,C00085,P0041,3,249,0,747.0,Wallet
TXN0005528,22-12-2025,18:10:45,NS005,C00111,P0009,3,2199,0,6597.0,Cash
TXN0000255,2025-03-16,11:11:49,NS007,C00362,P0021,4,599,15,2036.6,Debit Card
TXN0000867,15-09-2025,11:51:02,NS004,C00076,P0039,2,179,5,340.1,Cash
TXN0005602,11/19/2025,11:54:26,NS006,C00344,P0033,1,999,0,999.0,UPI
TXN0001010,07/11/2025,11:04:15,NS008,C00282,P0022,2,189,15,321.3,Cash
TXN0005280,2025-12-18,10:04:30,NS006,C00219,P0016,1,999,20,799.2,Cash
TXN0002256,2025-06-22,14:26:27,NS012,C00334,P0001,3,2499,0,7497.0,Wallet
TXN0004224,16/01/2025,16:12:03,NS014,C00154,P0019,1,799,20,639.2,Credit Card
TXN0006226,2025-08-02,18:37:46,NS005,C00154,P0022,2,189,0,378.0,Wallet
TXN0004731,29/11/2025,11:13:48,NS009,C00088,P0020,2,3999,0,7998.0,Cash
TXN0000297,2025-07-13,12:12:43,NS010,C00015,P0024,3,449,0,1347.0,Credit Card
TXN0004194,19-07-2025,14:28:44,NS012,C00373,P0013,4,1299,15,4416.6,Credit Card
TXN0002866,2025-08-14,15:47:58,NS010,C00126,P0043,3,349,0,1047.0,Debit Card
TXN0002317,2025-10-14,16:47:08,NS005,C00196,P0036,2,349,0,698.0,UPI
TXN0006089,2025-09-04,18:54:47,NS008,C00238,P0001,3,2499,10,6747.3,Cash
TXN0000853,04-11-2025,09:43:59,NS010,C00250,P0042,3,299,0,897.0,Debit Card
TXN0004878,2025-08-02,12:13:19,NS006,C00356,P0036,2,349,10,628.2,Debit Card
TXN0000944,07-12-2025,19:15:31,NS008,C00281,P0028,1,25,5,23.75,Cash
TXN0000657,13-09-2025,14:22:39,NS009,C00234,P0021,3,599,0,1797.0,Cash
TXN0006001,2025-04-03,15:15:03,NS008,C00062,P0042,1,299,10,269.1,
TXN0001490,07/06/2025,13:28:29,NS005,C00276,P0031,2,1299,10,2338.2,UPI
TXN0006283,2025-11-02,15:39:33,NS010,C00534,P0017,4,1199,0,4796.0,Wallet
TXN0006171,2025-12-23,09:47:29,NS010,C00310,P0014,2,899,5,1708.1,Credit Card
TXN0006523,2025-05-02,09:00:00,NS015,C00525,P9885,2,1599,0,2716,UPI
TXN0002688,2025-09-15,13:47:02,NS011,C00365,P0029,2,199,5,378.1,Credit Card
TXN0004930,2025-02-23,13:59:38,NS007,C00335,P0002,5,3299,0,16495.0,Wallet
TXN0005212,11/07/2025,13:19:20,NS004,C00252,P0032,3,799,10,2157.3,UPI
TXN0003087,2025-01-26,12:08:31,NS012,C00416,P0043,2 pcs,349,0,698.0,Credit Card
TXN0004669,2025-06-06,21:58:55,NS004,C00406,P0031,3,1299,0,3897.0,Debit Card
TXN0005271,2025-05-30,21:03:35,NS006,C00015,P0043,1,349,0,349.0,Credit Card
TXN0006306,06/06/2025,15:56:13,NS013,C00302,P0025,2,49,20,78.4,Credit Card
TXN0001676,2025-10-24,21:21:48,NS010,C00403,P0021,3,599,0,1797.0,Cash
TXN0004498,2025-05-28,16:04:58,NS002,C00393,P0012,3,1499,20,3597.6,Credit Card
TXN0006491,2025-08-01,09:54:49,NS005,C00299,P0007,2,799,0,1598.0,Cash
TXN0001747,2025-09-01,18:09:26,NS011,C00306,P0003,2,4999,0,9998.0,UPI
TXN0004466,06/26/2025,20:48:23,NS014,C00432,P0033,1,999,5,949.05,Debit Card
TXN0002062,2025-08-23,12:41:39,NS009,C00138,P0006,3 pcs,399,20,957.6,Wallet
TXN0003215,15/02/2025,19:52:28,NS013,C00217,P0024,3,449,5,1279.65,UPI
TXN0004171,11/05/2025,16:31:45,NS011,C00331,P0045,4,499,0,1996.0,Credit Card
TXN0001715,13-07-2025,11:26:35,NS010,C00043,P0018,4,2499,0,9996.0,UPI
TXN0000581,2025-09-07,09:37:27,NS014,C00115,P0047,4,449,0,1796.0,Wallet
TXN0000261,03/02/2025,20:09:24,NS012,C00027,P0045,4,499,10,1796.4,Cash
TXN0000990,2025-08-31,12:33:12,NS007,C00193,P0034,1,299,15,254.15,Credit Card
TXN0000436,03/06/2025,12:49:58,NS007,C00142,P0039,2,179,5,340.1,Credit Card
TXN0000789,08/22/2025,21:58:13,NS002,C00032,P0031,1,1299,0,1299.0,Cash
TXN0005748,10/09/2025,18:04:11,NS009,C00079,P0012,1,1499,0,1499.0,Debit Card
TXN0002546,2025-04-26,15:59:18,NS001,C00063,P0018,4,2499,5,9496.2,Wallet
TXN0000775,26-11-2025,12:30:02,NS001,C00225,P0049,1,199,0,199.0,UPI
TXN0005240,28/05/2025,21:21:48,NS013,C00465,P0019,3,799,0,2397.0,Wallet
TXN0004573,2025-01-31,18:39:43,NS009,C00118,P0011,3,599,20,1437.6,Cash
TXN0004304,10/17/2025,12:48:39,NS015,C00387,P0003,2,4999,0,9998.0,Credit Card
TXN0003136,02/22/2025,13:17:44,NS011,C00127,P0021,2,599,0,1198.0,
TXN0006007,23/04/2025,21:55:21,NS014,C00399,P0011,1,599,10,539.1,Credit Card
TXN0004856,2025-04-15,19:41:14,NS015,C00044,P0049,3,199,20,477.6,Cash
TXN0001078,2025-07-07,19:31:33,NS005,C00396,P0036,2,349,0,698.0,Wallet
TXN0003860,2025-02-13,12:09:08,NS012,C00508,P0044,3,279,20,669.6,Credit Card
TXN0002199,2025-12-15,21:29:26,NS013,C00100,P0044,2,279,0,558.0,Cash
TXN0005704,2025-09-02,09:55:16,NS009,C00505,P0017,2,1199,0,2398.0,UPI
TXN0006241,2025-04-17,09:02:14,NS012,C00008,P0018,2,2499,0,4998.0,Debit Card
TXN0003567,11/01/2025,14:34:28,NS003,C00534,P0039,3,179,15,456.45,Debit Card
TXN0002650,24/07/2025,20:42:52,NS014,C00146,P0028,3,25,0,75.0,UPI
TXN0001318,2025-01-05,18:24:10,NS008,C00195,P0009,2,2199,15,3738.3,UPI
TXN0002406,05/02/2025,14:35:36,NS002,C00193,P0026,3,299,0,897.0,Wallet
TXN0002514,2025-02-25,17:30:43,NS003,C00013,P0007,1,799,5,759.05,Cash
TXN0006295,04/12/2025,12:54:19,NS009,C00076,P0040,1,599,0,599.0,Cash
TXN0005857,2025-02-15,14:57:59,NS004,C00289,P0036,1,349,20,279.2,UPI
TXN0001516,2025-02-10,17:08:54,NS010,C00486,P0020,1,3999,10,3599.1,Credit Card
TXN0001210,08/13/2025,15:48:13,NS004,C00301,P0042,3,299,0,897.0,Debit Card
TXN0003034,28/11/2025,21:43:48,NS003,C00507,P0039,2,179,15,304.3,UPI
TXN0001002,2025-11-26,12:02:56,NS007,C00036,P0047,1,449,0,449.0,Wallet
TXN0006195,16-04-2025,09:48:50,NS015,C00089,P0020,3,3999,0,11997.0,Cash
TXN0005816,21-06-2025,21:49:48,NS012,C00193,P0036,5,349,10,1570.5,Cash
TXN0006356,2025-03-13,17:34:57,NS013,C00306,P0004,2,1499,15,2548.3,
TXN0000369,2025-02-19,16:44:20,NS009,C00367,P0030,2,399,15,678.3,Debit Card
TXN0002693,2025-11-30,17:00:56,NS013,C00041,P0010,2,599,15,1018.3,Credit Card
TXN0005846,2025-05-17,21:09:54,NS007,C00129,P0048,1,399,5,379.05,Debit Card
TXN0004305,2025-05-17,11:22:53,NS014,C00400,P0032,1,799,0,799.0,Cash
TXN0001294,2025-04-06,16:29:56,NS001,C00130,P0001,4,2499,0,9996.0,Cash
TXN0002875,2025-09-14,19:31:04,NS008,C00008,P0035,1,449,5,426.55,Wallet
TXN0004439,23/10/2025,19:15:51,NS006,C00533,P0017,2,1199,0,2398.0,Cash
TXN0001713,09-02-2025,11:14:17,NS006,C00439,P0050,3,1499,0,4497.0,Wallet
TXN0005318,24/10/2025,10:48:04,NS012,C00449,P0038,2,149,0,298.0,UPI
TXN0004889,2025-06-21,11:49:49,NS014,C00230,P0036,1,349,0,349.0,Wallet
TXN0004376,2025-06-24,20:55:53,NS009,C00249,P0039,2,179,0,358.0,Cash
TXN0003947,05/20/2025,19:43:17,NS013,C00505,P0046,3,199,0,597.0,Wallet
TXN0001004,2025-04-05,09:51:01,NS010,C00110,P0022,4,189,0,756.0,Wallet
TXN0003802,30-03-2025,11:50:48,NS015,C00364,P0032,5,799,5,3795.25,Debit Card
TXN0000502,23/11/2025,14:06:54,NS009,C00285,P0013,5,1299,0,6495.0,Credit Card
TXN0004561,2025-05-16,10:03:29,NS001,C00282,P0044,1,279,0,279.0,Cash
TXN0000154,05/11/2025,21:17:59,NS008,C00485,P0049,2,199,15,338.3,Credit Card
TXN0004839,22/12/2025,10:28:37,NS004,C00307,P0015,1,1799,5,1709.05,Wallet
TXN0005252,2025-06-22,13:26:39,NS011,C00042,P0014,2,899,15,1528.3,Wallet
TXN0003665,15/03/2025,11:45:43,NS012,C00356,P0037,5,699,0,3495.0,Debit Card
TXN0001959,2025-03-20,20:48:24,NS008,C00155,P0020,1 pcs,3999,10,3599.1,Debit Card
TXN0004187,08-08-2025,11:40:40,NS006,C00519,P0030,3,399,0,1197.0,Debit Card
TXN0005751,2025-06-12,21:49:32,NS014,C00296,P0019,1,799,20,639.2,UPI
TXN0005662,02/22/2025,21:06:27,NS014,C00240,P0042,4,299,0,1196.0,Debit Card
TXN0005408,01/03/2025,11:10:51,NS015,C00475,P0046,1,199,0,199.0,UPI
TXN0005596,2025-12-11,15:24:47,NS007,C00498,P0023,3,159,0,477.0,Credit Card
TXN0001011,2025-02-17,09:44:47,NS014,C00302,P0009,3,2199,15,5607.45,Cash
TXN0003442,11/05/2025,18:59:36,NS010,C00055,P0010,1,599,0,599.0,Wallet
TXN0000354,26/09/2025,21:09:49,NS002,C00103,P0020,3,3999,10,10797.3,Debit Card
TXN0005593,11/05/2025,18:01:54,NS002,C00271,P0002,5,3299,0,16495.0,Credit Card
TXN0005402,2025-02-28,10:08:04,NS005,C00074,P0044,1,279,0,279.0,Wallet
TXN0000054,24/04/2025,21:17:43,NS015,C00367,P0013,1,1299,5,1234.05,UPI
TXN0003846,24-05-2025,14:34:15,NS009,C00505,P0024,1,449,0,449.0,Debit Card
TXN0003641,17-02-2025,11:50:49,NS011,C00057,P0046,2,199,15,338.3,Debit Card
TXN0001724,23-10-2025,09:49:33,NS005,C00343,P0003,3,4999,20,11997.6,Wallet
TXN0000540,23/11/2025,15:25:01,NS003,C00264,P0047,1 pcs,449,15,381.65,Cash
TXN0004909,2025-08-06,09:10:45,NS004,C00363,P0005,3,1899,0,5697.0,Cash
TXN0002267,2025-12-29,14:33:24,NS013,C00487,P0004,1,1499,15,1274.15,Credit Card
TXN0001857,13-01-2025,14:32:27,NS011,C00455,P0040,2,599,15,1018.3,UPI
TXN0002475,09/11/2025,20:17:28,NS013,C00314,P0011,2,599,0,1198.0,Credit Card
TXN0005496,18/01/2025,15:33:08,NS004,C00255,P0050,4,1499,0,5996.0,UPI
TXN0003512,01/08/2025,18:49:18,NS002,C00158,P0041,2,249,0,498.0,Debit Card
TXN0005293,2025-12-16,09:27:18,NS002,C00148,P0013,3,1299,0,3897.0,Credit Card
TXN0003058,04/01/2025,16:46:57,NS012,C00376,P0008,2,3499,0,6998.0,Debit Card
TXN0000080,05/15/2025,09:53:43,NS003,C00389,P0042,1,299,10,269.1,UPI
TXN0001018,2025-05-04,17:00:50,NS009,C00459,P0050,2,1499,10,2698.2,Credit Card
TXN0001272,01-01-2025,19:08:11,NS008,C00322,P0037,2,699,0,1398.0,Cash
TXN0003438,06-09-2025,13:35:51,NS012,C00362,P0047,2,449,10,808.2,Cash
TXN0002500,02/08/2025,09:46:13,NS010,C00153,P0032,5,799,0,3995.0,Wallet
TXN0005119,21/05/2025,19:55:46,NS015,C00282,P0038,2,149,0,298.0,Wallet
TXN0005863,2025-08-01,13:18:12,NS014,C00502,P0007,1,799,5,759.05,UPI
TXN0002839,2025-11-07,19:43:33,NS014,C00223,P0044,1,279,0,279.0,Credit Card
TXN0003177,2025-08-05,16:58:23,NS014,C00066,P0014,3,899,20,2157.6,Debit Card
TXN0001230,2025-05-22,21:49:54,NS009,C00142,P0013,2,1299,5,2468.1,Debit Card
TXN0006482,2025-05-09,12:44:28,NS015,C00480,P0027,3,249,15,634.95,Debit Card
TXN0005666,02/21/2025,21:38:01,NS012,C00368,P0017,1,1199,5,1139.05,Wallet
TXN0003923,2025-03-08,11:51:06,NS007,C00187,P0018,4,2499,5,9496.2,UPI
TXN0004950,11-04-2025,21:53:54,NS001,C00026,P0040,3,599,0,1797.0,Debit Card
TXN0002190,2025-08-22,12:17:35,NS006,C00029,P0042,3,299,10,807.3,Cash
TXN0000233,2025-05-20,09:10:36,NS004,C00010,P0033,2,999,5,1898.1,Credit Card
TXN0004288,2025-09-18,14:44:01,NS004,C00091,P0027,2,249,0,498.0,UPI
TXN0003809,2025-01-23,17:31:53,NS007,C00139,P0002,3,3299,0,9897.0,Wallet
TXN0006431,28/03/2025,18:28:30,NS013,C00035,P0012,2,1499,5,2848.1,Credit Card
TXN0005101,29/10/2025,11:51:14,NS011,C00363,P0007,1,799,0,799.0,UPI
TXN0005989,15/01/2025,17:22:41,NS005,C00025,P0021,3,599,0,1797.0,Credit Card
TXN0000169,2025-07-22,16:20:09,NS014,C00304,P0015,2,1799,20,2878.4,UPI
TXN0005224,13-03-2025,16:11:10,NS004,C00509,P0015,2,1799,10,3238.2,Cash
TXN0003401,2025-03-21,14:55:14,NS014,C00241,P0020,1,3999,15,3399.15,UPI
TXN0004299,13/10/2025,18:03:27,NS006,C00486,P0019,1,799,15,679.15,Wallet
TXN0003996,2025-08-21,18:30:51,NS011,C00046,P0006,1,399,0,399.0,Credit Card
TXN0003737,11/07/2025,12:22:51,NS015,C00420,P0020,2,3999,0,7998.0,Debit Card
TXN0004824,2025-08-19,18:27:28,NS003,C00054,P0018,1,2499,15,2124.15,UPI
TXN0003725,15/04/2025,14:48:55,NS015,C00201,P0045,3,499,20,1197.6,UPI
TXN0005658,18-07-2025,18:18:51,NS006,C00015,P0023,3,159,0,477.0,Debit Card
TXN0004406,27-03-2025,17:01:19,NS005,C00238,P0004,2,1499,10,2698.2,Debit Card
TXN0003394,15-06-2025,20:09:03,NS010,C00362,P0041,5,249,0,1245.0,Wallet
TXN0006292,03/12/2025,13:54:33,NS010,C00368,P0026,2,299,0,598.0,Credit Card
TXN0000370,08/04/2025,16:01:58,NS009,C00028,P0050,2,1499,0,2998.0,UPI
TXN0000869,2025-04-21,19:48:09,NS008,C00144,P0042,2,299,15,508.3,UPI
TXN0006333,05/04/2025,17:12:39,NS011,C00392,P0038,5,149,10,670.5,Debit Card
TXN0006088,10/01/2025,10:24:53,NS009,C00096,P0001,2,2499,0,4998.0,UPI
TXN0001740,04/06/2025,19:38:44,NS001,C00116,P0019,2,799,15,1358.3,Debit Card
TXN0004172,2025-01-04,09:12:05,NS006,C00067,P0048,5,399,15,1695.75,Cash
TXN0000963,12/10/2025,09:47:06,NS011,C00022,P0043,3,349,0,1047.0,UPI
TXN0001852,2025-12-17,20:44:58,NS015,C00168,P0009,1,2199,5,2089.05,Debit Card
TXN0005980,08/02/2025,13:32:19,NS012,C00295,P0015,1,1799,10,1619.1,UPI
TXN0001771,2025-01-16,10:18:19,NS001,C00478,P0026,1,299,0,299.0,Credit Card
TXN0005940,2025-05-31,10:35:29,NS013,C00480,P0028,5,25,15,106.25,Cash
TXN0004014,2025-12-01,15:34:04,NS015,C00272,P0015,2,1799,10,3238.2,Wallet
TXN0005123,03/02/2025,18:12:54,NS012,C00089,P0032,2,799,20,1278.4,Cash
TXN0000507,2025-02-16,10:11:20,NS010,C00021,P0050,2,1499,0,2998.0,UPI
TXN0001934,30/05/2025,12:09:22,NS002,C00118,P0017,3,1199,20,2877.6,Wallet
TXN0006044,03/11/2025,11:26:09,NS009,C00494,P0024,3,449,20,1077.6,UPI
TXN0006134,27/08/2025,12:03:14,NS005,C00146,P0028,2,25,5,47.5,Credit Card
TXN0003073,2025-05-07,15:12:48,NS004,C00007,P0021,2,599,10,1078.2,Credit Card
TXN0001580,25-10-2025,13:55:25,NS007,C00453,P0010,1,599,0,599.0,Cash
TXN0002156,04-04-2025,14:07:44,NS001,C00373,P0032,1,799,0,799.0,Wallet
TXN0003232,2025-12-06,10:10:35,NS007,C00237,P0033,1,999,0,999.0,Cash
TXN0005017,30-03-2025,21:24:27,NS006,C00264,P0049,5,199,5,945.25,UPI
TXN0002724,23/04/2025,19:52:08,NS003,C00353,P0029,1,199,5,189.05,UPI
TXN0004116,2025-09-25,19:06:50,NS002,C00187,P0026,2,299,0,598.0,Cash
TXN0005335,2025-02-15,21:47:45,NS005,C00486,P0015,1,1799,0,1799.0,UPI
TXN0003988,13-07-2025,21:24:20,NS003,C00289,P0007,3,799,20,1917.6,UPI
TXN0000914,2025-02-20,20:46:16,NS003,C00300,P0043,2,349,15,593.3,UPI
TXN0002086,2025-01-04,17:21:13,NS003,C00474,P0012,4,1499,15,5096.6,Debit Card
TXN0001776,08/08/2025,21:06:39,NS005,C00411,P0009,3,2199,0,6597.0,Credit Card
TXN0005381,2025-02-04,18:36:23,NS002,C00095,P0049,1,199,0,199.0,Credit Card
TXN0004597,07-05-2025,15:02:58,NS004,C00061,P0014,2,899,20,1438.4,Credit Card
TXN0000713,30/07/2025,17:54:14,NS007,C00129,P0041,2,249,0,498.0,Debit Card
TXN0005160,22/12/2025,17:44:02,NS015,C00327,P0007,2,799,10,1438.2,UPI
TXN0001346,20-11-2025,21:15:22,NS003,C00383,P0040,2,599,0,1198.0,UPI
TXN0003055,2025-07-06,18:05:33,NS005,C00358,P0030,3,399,15,1017.45,Credit Card
TXN0004317,2025-11-04,18:05:32,NS002,C00301,P0014,1,899,15,764.15,Wallet
TXN0000814,2025-09-09,16:18:54,NS003,C00041,P0019,3,799,10,2157.3,Debit Card
TXN0000970,2025-08-16,13:38:13,NS015,C00021,P0013,4,1299,5,4936.2,Debit Card
TXN0000939,2025-09-12,10:25:37,NS004,C00260,P0045,1,499,0,499.0,Wallet
TXN0001304,2025-05-10,13:31:17,NS011,C00217,P0047,2,449,0,898.0,Cash
TXN0002610,2025-07-27,14:47:55,NS011,C00204,P0039,3,179,0,537.0,Cash
TXN0000994,07/01/2025,14:48:18,NS014,C00044,P0012,2,1499,0,2998.0,Credit Card
TXN0003746,2025-01-01,16:18:13,NS009,C00511,P0016,2,999,10,1798.2,Cash
TXN0002269,18/11/2025,15:32:49,NS010,C00387,P0048,3,399,0,1197.0,UPI
TXN0001261,2025-06-20,14:49:35,NS011,C00413,P0015,3,1799,0,5397.0,Cash
TXN0002397,2025-02-19,16:10:34,NS004,C00399,P0001,1,2499,0,2499.0,Wallet
TXN0002735,04/10/2025,10:23:52,NS004,C00212,P0030,3,399,0,1197.0,Credit Card
TXN0001003,2025-09-16,14:24:06,NS008,C00513,P0027,3,249,0,747.0,Cash
TXN0004028,13-07-2025,15:45:26,NS003,C00416,P0023,5,159,15,675.75,UPI
TXN0000195,2025-04-26,10:24:14,NS007,C00108,P0008,2,3499,5,6648.1,Wallet
TXN0004351,03/08/2025,09:59:05,NS010,C00174,P0014,2,899,0,1798.0,Credit Card
TXN0003825,2025-01-08,13:02:58,NS004,C00227,P0013,1,1299,0,1299.0,Credit Card
TXN0004044,04/17/2025,18:47:44,NS002,C00274,P0006,3 pcs,399,0,1197.0,Credit Card
TXN0004309,2025-03-03,15:49:54,NS002,C00474,P0001,2,2499,0,4998.0,Wallet
TXN0002123,09/27/2025,19:22:01,NS002,C00407,P0050,2,1499,20,2398.4,Debit Card
TXN0001343,26/08/2025,12:07:27,NS001,C00309,P0015,3,1799,0,5397.0,UPI
TXN0000792,2025-07-31,09:36:57,NS001,C00065,P0050,2,1499,5,2848.1,Debit Card
TXN0004113,2025-05-27,13:17:03,NS012,C00479,P0045,1,499,0,499.0,Debit Card
TXN0005603,2025-08-11,14:41:50,NS005,C00140,P0029,1,199,0,199.0,Wallet
TXN0000624,2025-09-01,15:54:57,NS009,C00451,P0009,3,2199,0,6597.0,Credit Card
TXN0002600,2025-12-16,19:17:12,NS008,C00339,P0014,3,899,0,2697.0,Debit Card
TXN0002135,2025-09-10,18:48:01,NS007,C00353,P0010,1,599,0,599.0,UPI
TXN0006481,12/08/2025,18:58:23,NS015,C00326,P0035,3,449,20,1077.6,Cash
TXN0002831,2025-05-17,12:56:48,NS004,C00127,P0041,5,249,0,1245.0,Wallet
TXN0005843,13-08-2025,18:29:57,NS001,C00082,P0047,1,449,15,381.65,Wallet
TXN0000652,2025-02-18,21:15:23,NS010,C00432,P0026,3,299,0,897.0,Credit Card
TXN0004910,16-11-2025,13:23:37,NS012,C00393,P0038,1,149,10,134.1,Debit Card
TXN0002793,12-03-2025,20:48:44,NS008,C00363,P0028,1,25,20,20.0,Credit Card
TXN0005052,01/01/2025,18:09:59,NS009,C00431,P0043,3,349,20,837.6,Wallet
TXN0000648,30/01/2025,21:17:53,NS012,C00283,P0017,3,1199,10,3237.3,Debit Card
TXN0003617,02/26/2025,15:20:51,NS008,C00164,P0036,1,349,0,349.0,Wallet
TXN0003447,31/01/2025,11:01:25,NS013,C00252,P0014,2,899,15,1528.3,Cash
TXN0000036,15-09-2025,10:42:59,NS009,C00185,P0002,2,3299,0,6598.0,UPI
TXN0003874,2025-05-31,10:50:05,NS007,C00524,P0017,4,1199,0,4796.0,UPI
TXN0003648,2025-01-05,11:39:23,NS001,C00409,P0035,4,449,5,1706.2,Credit Card
TXN0000591,01/29/2025,14:41:51,NS003,C00468,P0050,2,1499,0,2998.0,UPI
TXN0002432,05/03/2025,10:08:35,NS010,C00430,P0012,2,1499,0,2998.0,Debit Card
TXN0001465,2025-05-22,17:12:51,NS010,C00517,P0020,1,3999,15,3399.15,
TXN0003216,2025-07-03,20:44:30,NS008,C00501,P0031,2,1299,5,2468.1,Credit Card
TXN0005977,2025-08-29,12:15:43,NS008,C00212,P0008,2,3499,0,6998.0,
TXN0003107,2025-10-16,13:13:04,NS015,C00129,P0043,2,349,0,698.0,
TXN0000274,08/03/2025,10:21:26,NS015,C00516,P0007,5,799,0,3995.0,Cash
TXN0005372,2025-02-21,18:07:58,NS010,C00206,P0034,2,299,0,598.0,Debit Card
TXN0005589,2025-08-14,10:56:23,NS014,C00098,P0035,1,449,20,359.2,Wallet
TXN0004319,2025-04-08,11:26:01,NS006,C00200,P0016,3,999,0,2997.0,Credit Card
TXN0000160,2025-07-17,12:45:09,NS014,C00533,P0037,3,699,0,2097.0,UPI
TXN0001985,03/24/2025,17:35:51,NS011,C00091,P0019,1,799,0,799.0,UPI
TXN0005678,2025-03-30,09:07:54,NS002,C00028,P0011,5,599,0,2995.0,Cash
TXN0004936,2025-07-14,09:56:35,NS010,C00235,P0002,2,3299,0,6598.0,Cash
TXN0003264,13-03-2025,21:49:14,NS011,C00163,P0031,1,1299,10,1169.1,Debit Card
TXN0003409,2025-07-28,16:41:39,NS003,C00258,P0043,2,349,5,663.1,UPI
TXN0002294,26-04-2025,16:41:14,NS014,C00366,P0006,5,399,15,1695.75,Debit Card
TXN0004006,13-05-2025,20:33:10,NS008,C00511,P0007,1,799,5,759.05,Wallet
TXN0001353,29-12-2025,17:55:16,NS013,C00413,P0031,1,1299,10,1169.1,Debit Card
TXN0002640,03/13/2025,12:17:30,NS008,C00077,P0019,2,799,10,1438.2,Cash
TXN0006010,06-04-2025,10:44:47,NS011,C00469,P0042,4,299,10,1076.4,Wallet
TXN0003314,09/01/2025,14:20:19,NS009,C00110,P0019,2,799,0,1598.0,UPI
TXN0006197,28-12-2025,18:10:14,NS001,C00494,P0015,1,1799,0,1799.0,Wallet
TXN0005159,2025-09-12,16:49:23,NS012,C00062,P0031,2,1299,20,2078.4,Debit Card
TXN0005129,2025-08-30,19:13:30,NS006,C00382,P0048,4,399,10,1436.4,Credit Card
TXN0004134,2025-04-06,17:43:39,NS008,C00325,P0013,1,1299,0,1299.0,Credit Card
TXN0000712,07/18/2025,11:23:47,NS001,C00443,P0020,1,3999,0,3999.0,Debit Card
TXN0000795,15/02/2025,16:52:30,NS009,C00168,P0024,3,449,0,1347.0,Credit Card
TXN0006250,2025-11-07,17:06:23,NS002,C00305,P0007,3,799,10,2157.3,Wallet
TXN0003943,22/03/2025,10:37:29,NS007,C00484,P0004,2,1499,10,2698.2,Credit Card
TXN0006338,10/16/2025,11:22:49,NS010,C00366,P0013,2,1299,15,2208.3,UPI
TXN0004372,2025-03-14,14:43:23,NS013,C00377,P0046,2,199,15,338.3,UPI
TXN0005972,2025-04-03,13:37:08,NS014,C00523,P0020,1,3999,15,3399.15,UPI
TXN0002577,2025-10-01,19:51:25,NS013,C00466,P0007,1,799,15,679.15,Wallet
TXN0001591,2025-06-16,21:57:46,NS015,C00265,P0020,2 pcs,3999,0,7998.0,Credit Card
TXN0004985,2025-02-24,09:46:09,NS012,C00377,P0040,3,599,15,1527.45,UPI
TXN0000828,19/08/2025,12:47:58,NS003,C00491,P0040,3,599,15,1527.45,UPI
TXN0001223,03/09/2025,17:41:14,NS010,C00461,P0011,5,599,0,2995.0,UPI
TXN0000013,2025-06-23,21:10:27,NS001,C00403,P0049,1,199,0,199.0,Wallet
TXN0006013,2025-08-24,21:52:17,NS004,C00420,P0043,1,349,15,296.65,UPI
TXN0005609,2025-08-01,17:29:48,NS002,C00388,P0025,1,49,0,49.0,Cash
TXN0001019,2025-05-02,19:58:35,NS012,C00140,P0027,1,249,0,249.0,UPI
TXN0003879,25/04/2025,13:41:27,NS012,C00248,P0041,1,249,0,249.0,Debit Card
TXN0003207,2025-04-01,19:19:16,NS003,C00435,P0029,3,199,0,597.0,Credit Card
TXN0003770,2025-05-02,18:19:42,NS002,C00360,P0028,2,25,0,50.0,Cash
TXN0006507,2025-12-15,12:00:00,NS015,C00394,P9899,1,861,0,3302,Cash
TXN0000804,03/15/2025,20:19:15,NS013,C00416,P0020,2,3999,0,7998.0,UPI
TXN0002451,2025-05-18,11:55:29,NS006,C00019,P0050,1,1499,10,1349.1,UPI
TXN0006386,06/22/2025,14:36:39,NS014,C00378,P0037,2,699,5,1328.1,Cash
TXN0004519,10-02-2025,21:51:05,NS014,C00309,P0046,1,199,0,199.0,UPI
TXN0006105,2025-12-26,14:42:33,NS003,C00392,P0006,2,399,0,798.0,UPI
TXN0004540,24/11/2025,14:35:30,NS006,C00354,P0004,3,1499,0,4497.0,Credit Card
TXN0003465,11/07/2025,17:16:33,NS013,C00087,P0038,3,149,5,424.65,Wallet
TXN0000366,07/24/2025,10:57:16,NS015,C00310,P0039,2,179,0,358.0,
TXN0005245,20-01-2025,09:10:11,NS015,C00106,P0046,1,199,0,199.0,Wallet
TXN0002779,27/02/2025,20:13:44,NS007,C00071,P0005,2,1899,15,3228.3,Cash
TXN0003850,2025-02-12,09:05:56,NS010,C00205,P0014,2,899,0,1798.0,Cash
TXN0000612,2025-01-26,15:12:13,NS013,C00390,P0038,1,149,0,149.0,UPI
TXN0003853,2025-02-23,16:05:44,NS008,C00124,P0039,5,179,5,850.25,
TXN0005267,04/07/2025,17:19:13,NS005,C00165,P0013,1,1299,5,1234.05,
TXN0001015,06/14/2025,12:06:11,NS013,C00224,P0017,3,1199,10,3237.3,Cash
TXN0000495,2025-04-02,14:54:29,NS013,C00355,P0047,2,449,0,898.0,
TXN0005901,23/05/2025,15:17:09,NS012,C00163,P0015,2,1799,5,3418.1,
TXN0003430,03-01-2025,12:36:03,NS004,C00350,P0028,3,25,0,75.0,
TXN0005856,2025-12-16,11:40:37,NS005,C00197,P0027,3,249,0,747.0,UPI
TXN0003911,2025-11-23,19:28:56,NS012,C00237,P0035,1,449,0,449.0,UPI
TXN0003094,28/08/2025,21:46:33,NS007,C00485,P0013,2,1299,0,2598.0,Wallet
TXN0004335,27/05/2025,19:18:50,NS005,C00267,P0030,2,399,0,798.0,Debit Card
TXN0000387,2025-04-29,10:31:59,NS011,C00488,P0021,1,599,0,599.0,Cash
TXN0004821,2025-12-16,21:42:50,NS012,C00243,P0025,2,49,0,98.0,UPI
TXN0002343,2025-04-16,17:52:11,NS001,C00113,P0026,1,299,0,299.0,Cash
TXN0000912,2025-10-25,19:35:18,NS013,C00119,P0016,4,999,10,3596.4,UPI
TXN0004246,2025-09-09,19:02:06,NS007,C00254,P0029,3,199,0,597.0,Credit Card
TXN0005547,2025-03-05,13:35:59,NS008,C00169,P0019,3,799,5,2277.15,Wallet
TXN0004200,09/22/2025,15:00:19,NS012,C00190,P0032,3,799,10,2157.3,Debit Card
TXN0003520,06-08-2025,19:34:31,NS012,C00247,P0046,3,199,0,597.0,Credit Card
TXN0002462,04/06/2025,10:50:19,NS015,C00188,P0020,3,3999,20,9597.6,UPI
TXN0000733,2025-07-14,16:24:24,NS001,C00277,P0045,2,499,10,898.2,Credit Card
TXN0003016,2025-10-28,09:59:10,NS013,C00462,P0028,2,25,5,47.5,Wallet
TXN0002136,2025-04-07,12:52:07,NS011,C00017,P0025,1,49,0,49.0,Cash
TXN0005851,2025-07-22,10:50:04,NS009,C00396,P0049,3,199,20,477.6,Cash
TXN0002328,28-10-2025,21:20:46,NS004,C00173,P0046,3,199,5,567.15,Credit Card
TXN0003562,2025-04-29,12:01:12,NS015,C00163,P0033,1,999,15,849.15,Debit Card
TXN0005146,2025-09-04,10:38:02,NS006,C00449,P0017,2,1199,0,2398.0,UPI
TXN0002739,19/12/2025,11:36:45,NS011,C00085,P0029,1,199,5,189.05,Wallet
TXN0006026,2025-11-25,09:31:30,NS014,C00515,P0047,3,449,15,1144.95,Cash
TXN0001284,2025-05-28,20:23:55,NS004,C00022,P0001,2,2499,20,3998.4,Debit Card
TXN0002205,2025-01-30,18:14:17,NS002,C00045,P0017,1,1199,15,1019.15,UPI
TXN0005741,02/09/2025,10:37:34,NS008,C00049,P0014,1,899,0,899.0,
TXN0000403,01/10/2025,15:43:43,NS012,C00019,P0036,2,349,0,698.0,Debit Card
TXN0002963,2025-11-13,18:40:16,NS008,C00081,P0023,2,159,0,318.0,Credit Card
TXN0006366,2025-12-24,19:04:16,NS003,C00094,P0007,2 pcs,799,0,1598.0,Debit Card
TXN0003154,2025-06-27,17:26:45,NS007,C00129,P0050,1,1499,0,1499.0,Wallet
TXN0000254,2025-03-17,20:50:50,NS008,C00069,P0008,3,3499,15,8922.45,Credit Card
TXN0001045,2025-06-10,11:12:22,NS015,C00411,P0007,2,799,0,1598.0,Debit Card
TXN0005874,22-12-2025,20:07:53,NS004,C00318,P0019,2,799,10,1438.2,UPI
TXN0004845,2025-09-07,21:14:17,NS013,C00418,P0007,3,799,0,2397.0,Credit Card
TXN0004972,2025-11-06,09:24:17,NS004,C00494,P0006,3,399,15,1017.45,Cash
TXN0005823,17/06/2025,10:34:20,NS012,C00170,P0004,1,1499,20,1199.2,Cash
TXN0001718,2025-05-01,18:38:01,NS014,C00034,P0038,1,149,20,119.2,Wallet
TXN0002692,2025-05-05,18:26:07,NS009,C00215,P0004,3,1499,20,3597.6,UPI
TXN0000670,12/01/2025,17:41:03,NS015,C00356,P0031,2,1299,0,2598.0,Credit Card
TXN0004159,19/03/2025,10:04:53,NS006,C00392,P0029,3,199,0,597.0,Credit Card
TXN0003303,02/21/2025,10:49:55,NS013,C00375,P0041,1,249,0,249.0,
TXN0001113,12-12-2025,10:08:50,NS006,C00407,P0047,3 pcs,449,0,1347.0,Wallet
TXN0001134,2025-11-14,20:46:05,NS007,C00437,P0038,1,149,15,126.65,UPI
TXN0004144,20/07/2025,14:29:24,NS012,C00312,P0030,3,399,15,1017.45,Debit Card
TXN0006251,2025-06-02,13:32:38,NS013,C00412,P0022,2,189,0,378.0,Wallet
TXN0004637,17/08/2025,19:51:35,NS008,C00490,P0031,4,1299,10,4676.4,Credit Card
TXN0000686,2025-01-22,16:51:53,NS015,C00102,P0034,1,299,10,269.1,Wallet
TXN0004852,21/11/2025,13:56:46,NS014,C00425,P0022,1,189,0,189.0,UPI
TXN0000360,2025-04-08,17:44:21,NS014,C00126,P0028,2,25,10,45.0,Credit Card
TXN0000224,2025-05-27,18:06:27,NS003,C00259,P0032,2,799,10,1438.2,Credit Card
TXN0000246,2025-04-14,21:36:57,NS008,C00168,P0020,2,3999,20,6398.4,UPI
TXN0004639,20/05/2025,09:49:08,NS009,C00168,P0027,2,249,15,423.3,Credit Card
TXN0003771,2025-08-23,12:37:35,NS014,C00453,P0011,3,599,10,1617.3,Wallet
TXN0002352,2025-06-28,20:40:59,NS011,C00158,P0033,3,999,0,2997.0,UPI
TXN0004442,2025-05-19,13:00:58,NS009,C00003,P0043,1,349,0,349.0,Wallet
TXN0002845,2025-12-13,12:36:43,NS007,C00234,P0039,5,179,5,850.25,Wallet
TXN0002333,2025-03-27,19:42:34,NS011,C00191,P0011,3,599,0,1797.0,Wallet
TXN0002376,12/11/2025,19:54:02,NS013,C00108,P0029,3,199,0,597.0,Debit Card
TXN0001399,2025-01-15,21:57:41,NS006,C00145,P0037,2,699,15,1188.3,Wallet
TXN0001334,2025-07-31,21:29:14,NS002,C00019,P0002,3,3299,0,9897.0,Debit Card
TXN0005236,19/05/2025,16:22:25,NS006,C00323,P0007,1,799,10,719.1,Debit Card
TXN0005059,2025-03-28,14:47:07,NS009,C00334,P0011,1,599,0,599.0,Debit Card
TXN0000841,01/27/2025,19:31:38,NS002,C00488,P0028,2,25,10,45.0,Cash
TXN0000024,2025-09-01,10:23:43,NS009,C00413,P0038,3,149,15,379.95,Credit Card
TXN0003190,17/01/2025,16:49:08,NS011,C00010,P0018,1,2499,5,2374.05,Debit Card
TXN0003205,2025-05-13,10:07:37,NS014,C00028,P0041,1,249,0,249.0,Debit Card
TXN0003596,21/10/2025,18:06:44,NS002,C00483,P0008,2,3499,5,6648.1,Cash
TXN0000304,11-07-2025,17:18:17,NS015,C00271,P0020,2,3999,0,7998.0,Cash
TXN0006347,20-01-2025,14:42:10,NS015,C00308,P0044,1,279,5,265.05,Credit Card
TXN0002572,2025-03-12,10:49:33,NS009,C00140,P0009,1,2199,15,1869.15,UPI
TXN0003762,2025-08-30,18:42:34,NS001,C00406,P0011,5,599,0,2995.0,Cash
TXN0004375,04/10/2025,14:48:28,NS009,C00451,P0034,2,299,0,598.0,Wallet
TXN0003068,09/01/2025,14:17:33,NS005,C00328,P0006,2,399,10,718.2,Debit Card
TXN0001301,21/03/2025,18:30:57,NS003,C00522,P0018,2,2499,5,4748.1,Cash
TXN0002109,2025-02-14,20:24:50,NS001,C00328,P0006,3,399,0,1197.0,Wallet
TXN0006289,2025-06-04,21:26:08,NS005,C00314,P0015,2,1799,20,2878.4,Debit Card
TXN0004996,19/11/2025,21:25:24,NS012,C00074,P0035,1,449,15,381.65,Cash
TXN0000331,2025-08-29,21:26:46,NS005,C00282,P0021,2,599,15,1018.3,Cash
TXN0005551,2025-11-17,19:45:51,NS010,C00281,P0050,1,1499,0,1499.0,Credit Card
TXN0001220,28/09/2025,11:56:56,NS013,C00063,P0020,3,3999,20,9597.6,Wallet
TXN0005124,07-12-2025,16:40:00,NS001,C00131,P0011,4,599,15,2036.6,UPI
TXN0000817,2025-02-21,11:47:38,NS010,C00025,P0029,2,199,10,358.2,Debit Card
TXN0006159,2025-01-26,14:23:30,NS012,C00522,P0026,5,299,10,1345.5,Wallet
TXN0000893,29-03-2025,16:06:17,NS010,C00299,P0040,5,599,0,2995.0,Wallet
TXN0004816,07/23/2025,11:36:41,NS010,C00261,P0022,3,189,0,567.0,UPI
TXN0005417,15/01/2025,16:33:12,NS001,C00427,P0010,2,599,5,1138.1,Debit Card
TXN0001619,2025-10-02,14:53:14,NS001,C00459,P0027,3,249,0,747.0,Cash
TXN0003723,2025-04-13,20:59:07,NS013,C00056,P0023,1,159,15,135.15,Credit Card
TXN0003272,01/17/2025,21:17:46,NS010,C00082,P0047,3,449,20,1077.6,Credit Card
TXN0003339,2025-08-30,10:14:50,NS008,C00159,P0012,5,1499,0,7495.0,Cash
TXN0002959,01/18/2025,17:21:43,NS010,C00486,P0013,3,1299,15,3312.45,
TXN0003041,16/07/2025,11:11:57,NS001,C00232,P0030,1,399,0,399.0,Debit Card
TXN0000340,2025-02-23,18:48:33,NS009,C00321,P0049,3,199,20,477.6,UPI
TXN0005948,06-10-2025,14:59:08,NS007,C00230,P0011,1,599,5,569.05,Credit Card
TXN0003399,11/03/2025,12:37:35,NS004,C00327,P0047,2,449,10,808.2,
TXN0002422,04/06/2025,17:54:02,NS010,C00311,P0045,2,499,0,998.0,Cash
TXN0005548,2025-03-08,14:11:59,NS009,C00244,P0001,3,2499,15,6372.45,
TXN0001815,2025-06-13,17:38:18,NS012,C00293,P0022,1,189,0,189.0,Cash
TXN0002781,12-01-2025,14:21:45,NS011,C00277,P0025,3,49,5,139.65,UPI
TXN0001970,2025-11-03,11:47:59,NS010,C00308,P0001,1,2499,15,2124.15,Wallet
TXN0001688,26/02/2025,20:59:00,NS005,C00495,P0032,1,799,15,679.15,Debit Card
TXN0005765,2025-03-18,15:28:42,NS008,C00533,P0013,3,1299,0,3897.0,Debit Card
TXN0001723,10-07-2025,20:38:36,NS001,C00062,P0010,2,599,20,958.4,UPI
TXN0003807,16/12/2025,20:40:09,NS010,C00425,P0048,3,399,5,1137.15,Credit Card
TXN0004948,07-04-2025,12:12:18,NS010,C00465,P0046,1,199,20,159.2,UPI
TXN0006190,2025-01-14,11:50:56,NS008,C00161,P0039,1,179,5,170.05,Debit Card
TXN0004667,2025-08-18,12:06:44,NS013,C00492,P0001,2,2499,15,4248.3,Wallet
TXN0004051,19/07/2025,12:27:19,NS004,C00438,P0023,2,159,0,318.0,Credit Card
TXN0000964,2025-03-22,09:46:11,NS004,C00215,P0013,2,1299,5,2468.1,Debit Card
TXN0004602,19-02-2025,15:00:38,NS011,C00026,P0037,2,699,10,1258.2,Debit Card
TXN0001395,2025-06-02,20:20:25,NS007,C00227,P0006,1,399,0,399.0,Wallet
TXN0003450,2025-02-03,21:56:51,NS007,C00050,P0016,1,999,0,999.0,Cash
TXN0004905,2025-12-10,13:07:13,NS013,C00374,P0007,1,799,5,759.05,
TXN0002417,2025-01-03,15:16:34,NS013,C00238,P0049,3,199,10,537.3,UPI
TXN0000140,07/27/2025,15:47:23,NS007,C00502,P0020,5,3999,0,19995.0,Debit Card
TXN0002093,01/06/2025,16:13:56,NS011,C00054,P0023,4,159,20,508.8,Debit Card
TXN0001806,2025-07-06,09:08:47,NS007,C00076,P0048,5 pcs,399,5,1895.25,Cash
TXN0005522,29/06/2025,10:53:33,NS005,C00041,P0025,2,49,0,98.0,Wallet
TXN0001883,09/29/2025,21:48:05,NS008,C00513,P0010,2,599,0,1198.0,Debit Card
TXN0005360,2025-10-17,09:03:15,NS008,C00431,P0023,3,159,5,453.15,Wallet
TXN0005949,2025-03-01,19:12:20,NS009,C00056,P0012,1,1499,0,1499.0,UPI
TXN0005128,05/11/2025,20:11:00,NS004,C00145,P0011,2,599,15,1018.3,Wallet
TXN0004095,2025-02-25,15:23:52,NS013,C00410,P0037,1,699,0,699.0,Debit Card
TXN0006263,04/10/2025,17:48:25,NS012,C00034,P0028,3,25,0,75.0,Credit Card
TXN0003776,2025-02-24,17:15:35,NS008,C00029,P0012,2,1499,10,2698.2,UPI
TXN0004331,16/05/2025,11:34:45,NS010,C00285,P0020,1,3999,0,3999.0,Debit Card
TXN0004137,31/10/2025,15:42:17,NS006,C00394,P0012,3,1499,5,4272.15,UPI
TXN0006328,2025-11-10,09:04:55,NS014,C00346,P0019,3,799,0,2397.0,Credit Card
TXN0005544,03-01-2025,19:44:38,NS008,C00495,P0021,2,599,20,958.4,UPI
TXN0000150,18-10-2025,11:12:03,NS012,C00188,P0049,2,199,5,378.1,Debit Card
TXN0003362,2025-04-06,10:11:39,NS006,C00019,P0016,1,999,20,799.2,Debit Card
TXN0002245,03/06/2025,17:38:14,NS004,C00264,P0014,2,899,10,1618.2,Cash
TXN0001627,03-10-2025,18:08:18,NS009,C00300,P0033,1,999,0,999.0,Cash
TXN0001909,2025-12-05,10:22:37,NS008,C00375,P0029,3,199,0,597.0,Wallet
TXN0006234,03/26/2025,14:22:26,NS014,C00229,P0015,2,1799,15,3058.3,Cash
TXN0002898,2025-02-13,15:24:08,NS013,C00409,P0028,1,25,0,25.0,Credit Card
TXN0002418,2025-05-03,17:16:07,NS013,C00465,P0049,4,199,20,636.8,Debit Card
TXN0004697,2025-10-12,19:44:19,NS009,C00364,P0014,1,899,20,719.2,Credit Card
TXN0002087,31/10/2025,19:14:16,NS006,C00072,P0041,2,249,0,498.0,
TXN0001448,2025-12-30,14:35:44,NS003,C00428,P0040,1,599,0,599.0,Cash
TXN0001700,02-09-2025,19:02:01,NS012,C00238,P0040,1,599,0,599.0,Cash
TXN0006353,07/08/2025,10:38:31,NS005,C00519,P0036,3,349,5,994.65,Debit Card
TXN0004080,11/11/2025,17:42:20,NS014,C00438,P0022,3,189,0,567.0,Credit Card
TXN0001169,23/01/2025,12:45:07,NS005,C00091,P0038,2,149,0,298.0,Credit Card
TXN0006473,2025-06-07,16:10:10,NS003,C00520,P0024,3,449,15,1144.95,Wallet
TXN0001628,2025-01-06,10:47:27,NS010,C00077,P0001,2,2499,0,4998.0,Cash
TXN0005478,10/13/2025,12:58:05,NS015,C00191,P0029,3,199,0,597.0,Debit Card
TXN0002687,20/07/2025,10:17:17,NS010,C00036,P0033,1,999,0,999.0,Credit Card
TXN0005946,2025-10-16,09:32:19,NS011,C00343,P0043,1,349,20,279.2,Cash
TXN0002274,2025-11-10,13:41:15,NS005,C00515,P0046,2,199,0,398.0,Wallet
TXN0002601,2025-10-21,17:01:55,NS010,C00115,P0027,3,249,15,634.95,UPI
TXN0004220,15-03-2025,11:02:40,NS012,C00290,P0024,1,449,0,449.0,Debit Card
TXN0006269,2025-01-28,17:15:17,NS005,C00031,P0012,2,1499,10,2698.2,Credit Card
TXN0003057,2025-11-14,10:51:18,NS004,C00325,P0033,1,999,0,999.0,Credit Card
TXN0005315,13-01-2025,11:52:01,NS007,C00067,P0020,3,3999,5,11397.15,Wallet
TXN0000958,24/04/2025,12:23:06,NS001,C00263,P0001,3,2499,15,6372.45,Cash
TXN0001848,28/12/2025,09:37:47,NS010,C00323,P0021,1,599,5,569.05,Wallet
TXN0000741,28/05/2025,18:55:55,NS001,C00454,P0012,3,1499,0,4497.0,Cash
TXN0003359,2025-07-07,09:40:09,NS004,C00102,P0024,1,449,0,449.0,Cash
TXN0001498,2025-09-20,17:36:55,NS002,C00365,P0028,4,25,0,100.0,Credit Card
TXN0002030,01-04-2025,15:38:13,NS008,C00006,P0026,1,299,0,299.0,Credit Card
TXN0004067,2025-08-15,10:02:35,NS001,C00218,P0017,3,1199,0,3597.0,Wallet
TXN0002715,2025-05-27,09:21:09,NS001,C00249,P0006,3,399,0,1197.0,UPI
TXN0000167,06/10/2025,18:47:00,NS005,C00064,P0038,3,149,0,447.0,Debit Card
TXN0003936,2025-08-25,21:13:18,NS012,C00452,P0023,1,159,10,143.1,Debit Card
TXN0000563,23-07-2025,20:49:02,NS006,C00410,P0046,3,199,20,477.6,Debit Card
TXN0004467,04/11/2025,09:06:21,NS012,C00114,P0009,1,2199,15,1869.15,UPI
TXN0001403,18-08-2025,20:55:48,NS015,C00164,P0013,1,1299,0,1299.0,Wallet
TXN0002587,07/03/2025,18:20:48,NS006,C00070,P0037,3,699,0,2097.0,Credit Card
TXN0002323,23/04/2025,16:33:32,NS015,C00523,P0029,3,199,15,507.45,Credit Card
TXN0004613,22/04/2025,11:45:36,NS001,C00014,P0011,2,599,0,1198.0,Debit Card
TXN0003682,05-12-2025,13:17:29,NS004,C00374,P0043,1,349,5,331.55,Cash
TXN0004636,31/07/2025,21:12:57,NS014,C00338,P0039,3,179,15,456.45,UPI
TXN0000830,2025-10-15,21:09:49,NS011,C00041,P0024,2,449,15,763.3,Credit Card
TXN0000483,10/07/2025,13:30:29,NS004,C00339,P0048,3,399,0,1197.0,UPI
TXN0004231,20/02/2025,21:41:58,NS010,C00022,P0009,1,2199,0,2199.0,Cash
TXN0002729,13/09/2025,12:11:45,NS003,C00073,P0045,2,499,5,948.1,Wallet
TXN0002232,2025-05-01,13:57:00,NS002,C00103,P0042,2,299,5,568.1,Credit Card
TXN0004397,2025-07-06,09:56:14,NS013,C00231,P0026,4,299,10,1076.4,
TXN0002150,04/27/2025,16:58:09,NS014,C00323,P0018,3,2499,0,7497.0,UPI
TXN0000332,12-10-2025,16:39:03,NS007,C00306,P0045,4,499,20,1596.8,Cash
TXN0002101,2025-01-23,20:53:58,NS003,C00430,P0001,1,2499,0,2499.0,UPI
TXN0003236,28-04-2025,16:12:46,NS013,C00137,P0046,2,199,0,398.0,Wallet
TXN0003296,12/03/2025,21:53:34,NS012,C00364,P0046,3,199,15,507.45,Credit Card
TXN0004625,20-05-2025,17:13:12,NS013,C00509,P0036,3,349,0,1047.0,Credit Card
TXN0002104,2025-04-06,18:25:30,NS010,C00094,P0017,4,1199,0,4796.0,Wallet
TXN0000619,18-04-2025,19:18:23,NS010,C00425,P0011,2,599,0,1198.0,UPI
TXN0004588,27/09/2025,19:02:21,NS014,C00050,P0044,5,279,0,1395.0,Wallet
TXN0002070,10/15/2025,15:17:36,NS012,C00054,P0008,1,3499,0,3499.0,Credit Card
TXN0003650,23/07/2025,15:15:20,NS007,C00026,P0003,2,4999,0,9998.0,Credit Card
TXN0003589,2025-03-28,18:25:52,NS003,C00246,P0036,1,349,5,331.55,Credit Card
TXN0001112,29-12-2025,14:08:37,NS009,C00532,P0016,1,999,0,999.0,Cash
TXN0005394,2025-05-04,17:43:08,NS014,C00372,P0006,4,399,10,1436.4,UPI
TXN0005347,11/29/2025,11:01:45,NS010,C00077,P0027,1,249,5,236.55,Wallet
TXN0004480,2025-09-18,18:16:40,NS011,C00521,P0019,2,799,20,1278.4,Cash
TXN0004784,01/08/2025,15:41:33,NS001,C00023,P0031,3,1299,10,3507.3,Debit Card
TXN0001242,2025-01-08,10:35:54,NS001,C00378,P0009,1,2199,20,1759.2,Credit Card
TXN0000703,02-11-2025,19:59:32,NS013,C00194,P0050,2,1499,10,2698.2,Cash
TXN0005082,2025-06-18,20:12:26,NS003,C00096,P0048,1,399,5,379.05,Cash
TXN0002231,2025-05-19,18:33:56,NS013,C00236,P0004,2,1499,0,2998.0,UPI
TXN0005189,2025-10-10,21:34:02,NS012,C00342,P0036,1,349,0,349.0,Cash
TXN0001550,2025-06-23,18:20:01,NS001,C00099,P0032,1,799,0,799.0,Credit Card
TXN0002234,2025-12-21,21:53:48,NS006,C00008,P0045,5,499,5,2370.25,Debit Card
TXN0002756,2025-10-30,11:04:42,NS004,C00197,P0021,2,599,0,1198.0,Cash
TXN0006496,17/09/2025,16:51:09,NS005,C00154,P0004,2,1499,10,2698.2,UPI
TXN0001238,2025-09-28,15:35:35,NS009,C00122,P0031,5,1299,20,5196.0,Wallet
TXN0004568,2025-06-16,13:44:55,NS008,C00192,P0021,2,599,0,1198.0,Cash
TXN0002785,11/04/2025,19:08:09,NS008,C00154,P0015,3,1799,15,4587.45,Wallet
TXN0004103,29/09/2025,11:48:14,NS001,C00102,P0026,2,299,0,598.0,Cash
TXN0000821,12/04/2025,14:35:16,NS008,C00069,P0043,1,349,15,296.65,Cash
TXN0004648,19-05-2025,11:51:17,NS001,C00160,P0040,2,599,0,1198.0,Credit Card
TXN0000871,2025-04-15,15:03:15,NS003,C00104,P0019,2,799,0,1598.0,Credit Card
TXN0003290,25-03-2025,10:16:15,NS001,C00199,P0006,3,399,0,1197.0,Wallet
TXN0001596,20-07-2025,20:51:24,NS015,C00360,P0045,4,499,0,1996.0,UPI
TXN0000045,11/07/2025,11:50:15,NS009,C00434,P0036,2,349,0,698.0,Cash
TXN0004073,12/28/2025,12:28:06,NS003,C00429,P0048,5,399,20,1596.0,Cash
TXN0003463,2025-05-25,18:20:52,NS008,C00173,P0023,2,159,0,318.0,UPI
TXN0001119,28/06/2025,10:19:12,NS008,C00284,P0042,5,299,0,1495.0,Cash
TXN0002736,2025-07-26,11:40:41,NS008,C00503,P0011,5,599,20,2396.0,Cash
TXN0002907,24/12/2025,10:17:55,NS001,C00498,P0033,1,999,5,949.05,UPI
TXN0001174,2025-06-23,11:10:59,NS006,C00249,P0041,2,249,5,473.1,Wallet
TXN0003912,2025-04-17,19:16:36,NS005,C00406,P0011,2,599,10,1078.2,Credit Card
TXN0001696,2025-10-10,18:48:16,NS015,C00185,P0042,1,299,0,299.0,UPI
TXN0004891,19-02-2025,13:32:29,NS005,C00483,P0041,1,249,10,224.1,Cash
TXN0004082,02/04/2025,09:29:10,NS003,C00431,P0031,3,1299,5,3702.15,Cash
TXN0003143,2025-08-29,17:44:56,NS015,C00512,P0032,1,799,0,799.0,Cash
TXN0006199,04/18/2025,20:02:19,NS003,C00238,P0033,2,999,15,1698.3,Wallet
TXN0003017,2025-01-11,10:50:09,NS015,C00157,P0032,2,799,20,1278.4,Debit Card
TXN0005813,2025-11-13,20:41:20,NS013,C00273,P0019,1,799,20,639.2,Cash
TXN0002631,2025-09-22,19:40:45,NS014,C00056,P0030,3,399,15,1017.45,Credit Card
TXN0000489,15/05/2025,11:51:33,NS010,C00393,P0022,3,189,5,538.65,Wallet
TXN0003310,11/24/2025,18:38:50,NS008,C00026,P0009,2,2199,5,4178.1,Cash
TXN0006274,08/12/2025,12:19:38,NS002,C00426,P0025,1,49,10,44.1,Credit Card
TXN0003885,2025-01-25,09:50:36,NS004,C00486,P0002,1,3299,0,3299.0,Wallet
TXN0002409,2025-03-31,18:47:59,NS013,C00026,P0036,3,349,20,837.6,Credit Card
TXN0001327,07/04/2025,15:23:36,NS008,C00278,P0026,2,299,15,508.3,Cash
TXN0003368,02/05/2025,20:46:33,NS001,C00207,P0019,3,799,0,2397.0,UPI
TXN0002107,21/07/2025,13:54:56,NS010,C00171,P0047,2,449,0,898.0,Credit Card
TXN0002619,2025-10-20,09:51:48,NS002,C00357,P0043,1,349,0,349.0,Cash
TXN0001774,2025-12-10,11:47:50,NS011,C00139,P0019,1,799,10,719.1,Wallet
TXN0005248,2025-11-18,20:47:08,NS002,C00303,P0017,2,1199,0,2398.0,Debit Card
TXN0006425,2025-06-25,17:13:50,NS013,C00481,P0002,2,3299,20,5278.4,Cash
TXN0001227,2025-07-17,15:07:02,NS015,C00031,P0033,3,999,20,2397.6,
TXN0004895,2025-02-10,09:36:44,NS001,C00068,P0036,1,349,20,279.2,Credit Card
TXN0004870,05-06-2025,17:54:19,NS008,C00145,P0001,2,2499,5,4748.1,Cash
TXN0003699,31/12/2025,20:28:11,NS004,C00341,P0041,1,249,0,249.0,Wallet
TXN0000695,2025-07-25,11:38:15,NS010,C00265,P0028,3,25,5,71.25,UPI
TXN0004567,2025-05-12,14:39:12,NS005,C00115,P0003,2,4999,0,9998.0,Debit Card
TXN0005460,13/12/2025,19:01:32,NS008,C00380,P0032,3,799,20,1917.6,Credit Card
TXN0002181,05/01/2025,20:50:13,NS005,C00418,P0044,4,279,10,1004.4,Credit Card
TXN0005698,2025-03-27,12:19:16,NS003,C00275,P0005,2,1899,0,3798.0,Wallet
TXN0004600,2025-01-30,09:48:52,NS012,C00027,P0014,2,899,0,1798.0,Cash
TXN0005994,2025-06-14,21:44:25,NS004,C00298,P0041,5,249,0,1245.0,Credit Card
TXN0001762,2025-10-19,16:15:33,NS006,C00284,P0046,4,199,15,676.6,UPI
TXN0004576,2025-12-29,09:09:25,NS007,C00267,P0042,1,299,20,239.2,UPI
TXN0004822,13/09/2025,16:00:26,NS010,C00384,P0016,1,999,0,999.0,
TXN0000120,2025-01-08,12:43:42,NS002,C00226,P0007,3,799,0,2397.0,UPI
TXN0004147,02-06-2025,15:48:44,NS003,C00121,P0020,3,3999,20,9597.6,Cash
TXN0005456,2025-03-02,15:23:29,NS009,C00432,P0028,1,25,0,25.0,Cash
TXN0003595,2025-08-27,10:03:39,NS001,C00495,P0017,2,1199,5,2278.1,Debit Card
TXN0000421,07/06/2025,14:53:16,NS014,C00184,P0029,4,199,0,796.0,Debit Card
TXN0002276,2025-08-27,16:18:01,NS005,C00154,P0002,2,3299,15,5608.3,Debit Card
TXN0000235,21/01/2025,13:59:08,NS005,C00053,P0042,1,299,0,299.0,Wallet
TXN0003772,16/02/2025,18:50:54,NS014,C00472,P0043,1,349,5,331.55,Cash
TXN0002419,2025-12-08,09:00:24,NS005,C00230,P0020,2,3999,20,6398.4,UPI
TXN0006270,15/05/2025,19:03:07,NS015,C00283,P0012,3,1499,10,4047.3,Cash
TXN0006130,03/10/2025,20:11:33,NS015,C00096,P0017,3,1199,15,3057.45,Credit Card
TXN0003732,12/02/2025,20:38:04,NS009,C00273,P0012,3,1499,10,4047.3,Cash
TXN0000439,2025-08-09,11:04:08,NS009,C00398,P0028,3,25,0,75.0,Debit Card
TXN0006147,2025-10-23,17:29:43,NS012,C00393,P0024,3,449,15,1144.95,Credit Card
TXN0006240,2025-11-26,13:20:32,NS003,C00332,P0017,2,1199,0,2398.0,Debit Card
TXN0001635,2025-05-13,19:02:48,NS011,C00473,P0011,1,599,15,509.15,Cash
TXN0005790,2025-11-19,09:59:51,NS007,C00440,P0028,2,25,0,50.0,Credit Card
TXN0004189,07/29/2025,14:54:01,NS002,C00087,P0024,1,449,0,449.0,Debit Card
TXN0002539,01-07-2025,15:17:20,NS008,C00129,P0049,1,199,20,159.2,Credit Card
TXN0003118,2025-04-06,14:58:20,NS005,C00427,P0011,1,599,0,599.0,Cash
TXN0003537,2025-04-03,15:15:32,NS003,C00005,P0031,1,1299,10,1169.1,
TXN0003664,2025-06-05,11:40:04,NS003,C00298,P0028,2,25,15,42.5,Credit Card
TXN0002021,2025-05-18,21:53:31,NS014,C00185,P0021,1,599,5,569.05,UPI
TXN0002398,04-09-2025,15:58:18,NS008,C00495,P0003,3,4999,0,14997.0,Debit Card
TXN0003077,2025-08-29,19:53:54,NS009,C00384,P0025,3,49,0,147.0,Debit Card
TXN0006469,02/15/2025,20:04:36,NS011,C00340,P0005,1,1899,0,1899.0,Wallet
TXN0001503,18/02/2025,17:38:26,NS011,C00535,P0019,2,799,0,1598.0,Credit Card
TXN0001029,2025-09-24,17:48:01,NS014,C00292,P0001,2,2499,15,4248.3,Cash
TXN0000187,05/03/2025,14:34:10,NS007,C00001,P0016,2,999,0,1998.0,Wallet
TXN0002206,2025-10-24,17:28:10,NS003,C00526,P0011,2,599,20,958.4,Cash
TXN0000664,06-05-2025,16:41:51,NS004,C00149,P0001,2,2499,0,4998.0,Cash
TXN0001765,2025-05-12,17:24:11,NS003,C00421,P0037,3,699,0,2097.0,Cash
TXN0004465,04/18/2025,19:42:20,NS008,C00330,P0044,1,279,0,279.0,Credit Card
TXN0005137,03/05/2025,15:39:30,NS010,C00251,P0043,2,349,0,698.0,UPI
TXN0002403,12/05/2025,16:19:06,NS010,C00086,P0026,1,299,10,269.1,UPI
TXN0001017,11/26/2025,18:13:33,NS014,C00271,P0019,3,799,0,2397.0,Cash
TXN0003259,2025-11-25,15:18:05,NS009,C00459,P0040,1,599,20,479.2,Wallet
TXN0004998,2025-01-11,11:48:08,NS003,C00120,P0011,4,599,0,2396.0,
TXN0004542,2025-10-14,10:35:27,NS010,C00311,P0033,2,999,15,1698.3,Debit Card
TXN0000842,2025-03-13,14:48:51,NS001,C00043,P0005,2,1899,0,3798.0,Wallet
TXN0002141,2025-11-27,14:14:16,NS006,C00068,P0018,2,2499,15,4248.3,Wallet
TXN0006330,14/07/2025,21:54:31,NS014,C00502,P0013,2,1299,0,2598.0,Wallet
TXN0002714,2025-11-11,18:59:45,NS010,C00318,P0012,3,1499,0,4497.0,Wallet
TXN0005539,20/09/2025,11:21:16,NS002,C00301,P0022,2,189,20,302.4,Wallet
TXN0005880,2025-09-10,10:11:59,NS007,C00495,P0044,3,279,5,795.15,Wallet
TXN0001138,2025-02-03,18:43:49,NS006,C00381,P0019,2,799,0,1598.0,UPI
TXN0000527,2025-09-13,12:19:27,NS002,C00348,P0025,2,49,15,83.3,UPI
TXN0004493,2025-08-03,14:44:54,NS008,C00307,P0004,2,1499,5,2848.1,
TXN0003281,26/08/2025,15:24:00,NS005,C00324,P0027,3,249,0,747.0,Wallet
TXN0003059,2025-02-09,21:09:57,NS015,C00144,P0007,4,799,20,2556.8,Credit Card
TXN0004458,2025-04-17,19:09:37,NS007,C00089,P0018,3,2499,0,7497.0,Wallet
TXN0001763,04/12/2025,12:27:02,NS007,C00413,P0030,5,399,15,1695.75,Credit Card
TXN0004120,03-12-2025,12:08:27,NS006,C00464,P0010,1,599,20,479.2,Wallet
TXN0002602,2025-03-05,21:27:39,NS007,C00483,P0047,3,449,5,1279.65,Cash
TXN0002776,2025-04-29,10:08:02,NS007,C00234,P0007,2,799,10,1438.2,Credit Card
TXN0004782,2025-08-10,18:35:13,NS004,C00290,P0004,5,1499,0,7495.0,UPI
TXN0006217,15/07/2025,19:51:18,NS014,C00500,P0013,3,1299,0,3897.0,Wallet
TXN0000633,24-06-2025,16:49:35,NS008,C00099,P0043,2,349,5,663.1,Cash
TXN0004599,2025-05-08,20:31:18,NS004,C00140,P0032,1,799,0,799.0,UPI
TXN0002300,2025-11-14,17:13:54,NS002,C00226,P0020,3,3999,0,11997.0,Wallet
TXN0003798,2025-02-07,09:37:32,NS002,C00408,P0027,3,249,0,747.0,UPI
TXN0002788,2025-10-27,09:49:45,NS010,C00088,P0027,3,249,10,672.3,Cash
TXN0001867,02-06-2025,13:09:58,NS004,C00525,P0042,2 pcs,299,0,598.0,UPI
TXN0001507,2025-10-26,17:38:42,NS015,C00076,P0009,3,2199,0,6597.0,Wallet
TXN0003213,09/07/2025,14:32:03,NS012,C00212,P0043,3,349,10,942.3,UPI
TXN0001955,2025-02-03,21:57:24,NS003,C00379,P0016,3,999,0,2997.0,Wallet
TXN0003761,29-01-2025,21:26:21,NS004,C00208,P0024,1,449,10,404.1,Wallet
TXN0004121,2025-09-26,20:31:02,NS008,C00526,P0040,3,599,0,1797.0,Debit Card
TXN0002293,03-06-2025,11:00:12,NS006,C00269,P0019,1,799,0,799.0,UPI
TXN0003983,2025-07-25,09:53:21,NS006,C00203,P0011,2,599,20,958.4,Wallet
TXN0004880,08-02-2025,16:23:58,NS004,C00450,P0028,2,25,20,40.0,Wallet
TXN0003312,2025-03-31,14:44:44,NS004,C00133,P0049,2,199,20,318.4,UPI
TXN0002000,05/10/2025,19:17:51,NS013,C00103,P0032,2,799,0,1598.0,Cash
TXN0004096,31/01/2025,19:42:25,NS013,C00068,P0008,2,3499,0,6998.0,UPI
TXN0001102,2025-03-11,18:02:20,NS003,C00093,P0033,3,999,20,2397.6,Debit Card
TXN0003500,08/12/2025,19:12:09,NS012,C00257,P0048,2,399,0,798.0,Debit Card
TXN0001807,2025-03-08,17:58:28,NS001,C00222,P0025,5,49,15,208.25,Cash
TXN0001659,2025-01-17,12:13:11,NS007,C00470,P0012,2,1499,5,2848.1,Debit Card
TXN0004581,12/02/2025,12:12:47,NS013,C00100,P0023,2,159,0,318.0,Cash
TXN0006466,31/12/2025,10:44:41,NS013,C00225,P0031,3,1299,0,3897.0,Cash
TXN0003393,2025-01-03,14:14:19,NS008,C00517,P0011,2,599,20,958.4,UPI
TXN0000545,2025-04-24,13:46:45,NS010,C00472,P0038,2,149,10,268.2,Wallet
TXN0003490,14/11/2025,11:49:38,NS009,C00317,P0005,1,1899,5,1804.05,Cash
TXN0002770,2025-08-28,20:00:53,NS010,C00505,P0012,1,1499,10,1349.1,Wallet
TXN0003319,21/04/2025,18:04:53,NS003,C00045,P0015,2,1799,0,3598.0,Wallet
TXN0005112,24-09-2025,18:59:02,NS005,C00049,P0050,1,1499,0,1499.0,
TXN0001701,2025-10-22,14:48:12,NS009,C00182,P0009,1,2199,5,2089.05,Debit Card
TXN0000936,20/05/2025,20:49:53,NS004,C00505,P0036,1,349,0,349.0,Debit Card
TXN0006324,2025-09-13,19:59:33,NS008,C00532,P0048,1,399,10,359.1,Debit Card
TXN0000643,2025-05-22,15:07:46,NS012,C00156,P0014,2,899,0,1798.0,Credit Card
TXN0005140,08/11/2025,10:58:24,NS006,C00185,P0048,1,399,0,399.0,Credit Card
TXN0001838,2025-01-16,15:50:18,NS004,C00219,P0044,1,279,0,279.0,Debit Card
TXN0005953,2025-02-21,14:53:17,NS004,C00312,P0038,1,149,0,149.0,Credit Card
TXN0006115,08/11/2025,13:42:53,NS014,C00518,P0005,5,1899,5,9020.25,Cash
TXN0001829,2025-05-16,09:51:41,NS002,C00191,P0011,1,599,10,539.1,Debit Card
TXN0003485,27-06-2025,20:05:27,NS005,C00137,P0016,1,999,0,999.0,UPI
TXN0000349,2025-12-21,12:10:50,NS004,C00356,P0041,3,249,5,709.65,Cash
TXN0002380,12-04-2025,16:15:23,NS015,C00365,P0046,5,199,15,845.75,Cash
TXN0001749,2025-09-28,15:35:11,NS011,C00304,P0020,5,3999,10,17995.5,Cash
TXN0001521,31/01/2025,19:21:34,NS006,C00441,P0006,2,399,5,758.1,Debit Card
TXN0001614,25/10/2025,19:29:52,NS009,C00337,P0024,1,449,0,449.0,Cash
TXN0000564,2025-03-05,13:48:52,NS010,C00115,P0047,1,449,10,404.1,Debit Card
TXN0004898,12/11/2025,14:38:48,NS007,C00105,P0040,3,599,20,1437.6,Credit Card
TXN0004195,2025-05-28,11:40:20,NS015,C00393,P0010,1,599,0,599.0,Cash
TXN0000487,2025-05-21,15:37:46,NS005,C00377,P0040,2,599,5,1138.1,Wallet
TXN0000763,02-07-2025,16:35:09,NS013,C00280,P0021,2,599,10,1078.2,Wallet
TXN0004652,2025-03-22,16:13:24,NS015,C00486,P0006,2,399,20,638.4,UPI
TXN0004034,2025-01-03,09:14:44,NS013,C00321,P0042,3,299,15,762.45,Cash
TXN0005524,2025-01-18,19:37:06,NS014,C00178,P0028,3,25,0,75.0,Wallet
TXN0004380,24/11/2025,14:33:28,NS014,C00337,P0004,3,1499,0,4497.0,UPI
TXN0003250,04/24/2025,09:28:32,NS011,C00434,P0032,3,799,10,2157.3,Wallet
TXN0003829,2025-09-06,21:05:55,NS006,C00087,P0002,4,3299,15,11216.6,Cash
TXN0004064,2025-01-08,15:54:50,NS009,C00065,P0011,2,599,0,1198.0,Credit Card
TXN0003584,10/10/2025,13:48:48,NS010,C00183,P0011,1,599,0,599.0,Wallet
TXN0000700,2025-05-14,10:25:52,NS015,C00207,P0006,3,399,20,957.6,UPI
TXN0000410,30-05-2025,12:33:57,NS005,C00327,P0045,3,499,0,1497.0,Cash
TXN0000759,2025-10-12,21:21:44,NS004,C00131,P0021,5,599,0,2995.0,Wallet
TXN0001869,2025-04-19,18:00:37,NS013,C00444,P0041,1,249,20,199.2,Wallet
TXN0005576,26-05-2025,15:37:35,NS015,C00042,P0042,1,299,5,284.05,Credit Card
TXN0004357,2025-05-25,12:04:34,NS005,C00065,P0041,4,249,0,996.0,UPI
TXN0003515,2025-10-09,10:10:00,NS013,C00438,P0026,2,299,15,508.3,UPI
TXN0000942,2025-07-31,12:28:09,NS003,C00127,P0024,2,449,15,763.3,Debit Card
TXN0004359,2025-02-02,19:51:03,NS004,C00288,P0048,4,399,20,1276.8,UPI
TXN0002363,2025-10-26,18:54:57,NS001,C00499,P0026,2,299,5,568.1,Cash
TXN0005187,2025-05-15,11:15:31,NS009,C00014,P0014,2,899,15,1528.3,UPI
TXN0006389,19/03/2025,12:34:12,NS007,C00073,P0019,2,799,0,1598.0,Debit Card
TXN0001130,08/12/2025,14:08:49,NS012,C00509,P0002,1,3299,0,3299.0,Debit Card
TXN0006419,2025-06-02,16:30:10,NS010,C00099,P0008,3,3499,5,9972.15,Credit Card
TXN0005861,2025-10-30,20:46:52,NS005,C00261,P0018,2,2499,0,4998.0,Wallet
TXN0005519,07-08-2025,19:49:43,NS008,C00498,P0033,3,999,0,2997.0,UPI
TXN0003580,17/05/2025,09:29:04,NS013,C00070,P0042,1,299,20,239.2,UPI
TXN0003030,03/28/2025,10:35:34,NS010,C00217,P0034,2,299,5,568.1,Debit Card
TXN0000102,23/02/2025,11:02:52,NS012,C00501,P0002,2,3299,0,6598.0,Cash
TXN0004383,08/04/2025,09:09:19,NS011,C00262,P0050,2,1499,0,2998.0,Debit Card
TXN0000447,2025-03-28,13:38:48,NS002,C00238,P0043,2,349,0,698.0,Cash
TXN0001341,08/13/2025,10:01:59,NS015,C00377,P0021,3,599,0,1797.0,Cash
TXN0006489,07/04/2025,13:19:08,NS002,C00490,P0039,2,179,0,358.0,Credit Card
TXN0006052,05/09/2025,18:28:41,NS001,C00236,P0037,3 pcs,699,20,1677.6,Debit Card
TXN0001680,2025-02-21,12:46:25,NS003,C00434,P0018,2,2499,10,4498.2,UPI
TXN0004999,2025-01-22,20:02:07,NS015,C00079,P0049,3,199,0,597.0,Debit Card
TXN0002185,01/05/2025,17:10:23,NS013,C00242,P0012,1,1499,0,1499.0,Cash
TXN0005322,30/01/2025,17:49:21,NS014,C00118,P0042,3,299,15,762.45,
TXN0000784,2025-01-13,12:53:11,NS014,C00342,P0014,2,899,15,1528.3,Credit Card
TXN0003873,30/05/2025,15:09:17,NS015,C00150,P0009,1,2199,0,2199.0,Debit Card
TXN0004399,2025-07-25,12:49:02,NS009,C00005,P0019,2,799,0,1598.0,UPI
TXN0005929,23/07/2025,18:38:18,NS011,C00155,P0038,1,149,0,149.0,UPI
TXN0001041,30/01/2025,16:56:08,NS012,C00413,P0049,2,199,0,398.0,Wallet
TXN0006136,02/01/2025,15:19:42,NS001,C00379,P0029,3,199,20,477.6,Debit Card
TXN0002964,08/15/2025,14:41:02,NS012,C00133,P0017,1,1199,10,1079.1,UPI
TXN0005959,2025-06-22,17:21:55,NS011,C00061,P0011,2,599,0,1198.0,Wallet
TXN0002938,10/05/2025,13:13:21,NS009,C00284,P0038,5,149,0,745.0,Cash
TXN0001133,2025-08-05,18:10:30,NS004,C00507,P0018,1,2499,0,2499.0,Wallet
TXN0003104,2025-07-08,12:36:10,NS013,C00131,P0009,3,2199,0,6597.0,Cash
TXN0001180,14/06/2025,10:25:21,NS013,C00023,P0011,3,599,5,1707.15,
TXN0004903,2025-03-03,10:38:03,NS010,C00210,P0030,2,399,20,638.4,Debit Card
TXN0002345,2025-04-21,19:38:10,NS008,C00391,P0027,3,249,0,747.0,Wallet
TXN0005536,2025-05-27,11:52:58,NS002,C00410,P0013,2,1299,0,2598.0,Wallet
TXN0000818,11/01/2025,20:23:40,NS009,C00109,P0027,4,249,0,996.0,Credit Card
TXN0005389,27/04/2025,16:58:23,NS007,C00504,P0031,5,1299,5,6170.25,Debit Card
TXN0003863,2025-03-22,21:32:19,NS006,C00313,P0027,4,249,0,996.0,Cash
TXN0003875,23-09-2025,18:51:22,NS002,C00347,P0040,1,599,0,599.0,Credit Card
TXN0004081,25/06/2025,13:09:16,NS006,C00433,P0026,2,299,0,598.0,Wallet
TXN0001714,19/07/2025,16:36:48,NS001,C00170,P0023,3,159,10,429.3,UPI
TXN0003327,2025-01-21,18:02:57,NS001,C00434,P0014,3,899,0,2697.0,Credit Card
TXN0001542,2025-05-19,21:15:53,NS009,C00078,P0004,3,1499,20,3597.6,Wallet
TXN0001782,17/03/2025,18:47:53,NS010,C00073,P0038,1,149,20,119.2,UPI
TXN0005152,2025-01-06,17:59:43,NS012,C00307,P0015,3,1799,10,4857.3,Wallet
TXN0004422,2025-09-07,20:16:06,NS012,C00435,P0030,4,399,0,1596.0,Cash
TXN0003653,17-05-2025,13:51:55,NS006,C00021,P0043,1,349,20,279.2,Debit Card
TXN0004338,2025-08-22,10:55:39,NS004,C00127,P0017,2 pcs,1199,0,2398.0,
TXN0000433,2025-05-18,18:18:58,NS004,C00337,P0016,3,999,0,2997.0,Debit Card
TXN0000333,07/11/2025,10:01:14,NS001,C00011,P0009,1,2199,10,1979.1,Debit Card
TXN0001482,2025-06-07,15:19:34,NS005,C00334,P0024,5,449,0,2245.0,Wallet
TXN0001468,21-07-2025,14:10:07,NS014,C00033,P0011,2,599,0,1198.0,Debit Card
TXN0005871,2025-10-11,21:53:13,NS006,C00034,P0004,2,1499,0,2998.0,Credit Card
TXN0002263,12-07-2025,13:32:50,NS002,C00422,P0049,2,199,5,378.1,Wallet
TXN0006187,2025-07-31,16:32:00,NS009,C00507,P0008,1,3499,10,3149.1,UPI
TXN0002503,2025-11-18,18:24:21,NS007,C00165,P0025,2,49,0,98.0,Wallet
TXN0005481,2025-04-26,11:03:58,NS008,C00225,P0028,1,25,20,20.0,Credit Card
TXN0005954,27/06/2025,16:46:18,NS011,C00431,P0041,2,249,0,498.0,UPI
TXN0003492,31/03/2025,13:55:44,NS007,C00212,P0048,2,399,0,798.0,UPI
TXN0003315,2025-07-19,10:21:57,NS011,C00253,P0038,2,149,0,298.0,Wallet
TXN0000913,07/10/2025,09:43:27,NS002,C00337,P0042,1,299,20,239.2,Cash
TXN0006048,2025-08-30,13:19:37,NS001,C00507,P0007,1,799,0,799.0,Debit Card
TXN0006278,2025-10-05,12:59:46,NS015,C00027,P0003,4,4999,20,15996.8,Wallet
TXN0000850,2025-05-20,19:31:27,NS013,C00351,P0021,1,599,20,479.2,Wallet
TXN0002157,2025-12-13,13:21:05,NS005,C00442,P0003,5,4999,0,24995.0,
TXN0003253,2025-11-15,15:08:28,NS003,C00514,P0028,3,25,0,75.0,Wallet
TXN0002569,29-09-2025,19:24:53,NS010,C00053,P0049,3,199,15,507.45,Debit Card
TXN0002423,2025-10-05,14:24:01,NS014,C00350,P0019,2,799,20,1278.4,Cash
TXN0003878,18-01-2025,19:52:18,NS002,C00099,P0045,2,499,20,798.4,Cash
TXN0001983,2025-02-10,16:06:54,NS012,C00089,P0032,1,799,0,799.0,UPI
TXN0004435,2025-11-07,11:40:58,NS014,C00131,P0017,2,1199,0,2398.0,Credit Card
TXN0003027,2025-10-10,10:05:06,NS006,C00210,P0012,1,1499,0,1499.0,Debit Card
TXN0005711,2025-06-17,20:18:43,NS014,C00470,P0025,1,49,0,49.0,Debit Card
TXN0002832,2025-05-24,19:49:05,NS003,C00369,P0042,4,299,0,1196.0,
TXN0000033,07/12/2025,15:14:57,NS007,C00348,P0035,1,449,20,359.2,Credit Card
TXN0005157,21/10/2025,16:29:09,NS003,C00165,P0010,3,599,15,1527.45,Credit Card
TXN0001495,2025-09-20,17:56:11,NS013,C00070,P0023,2,159,20,254.4,Wallet
TXN0004148,03-08-2025,15:53:21,NS004,C00474,P0015,1,1799,10,1619.1,UPI
TXN0006125,29/12/2025,18:59:23,NS003,C00298,P0004,2,1499,0,2998.0,Cash
TXN0002501,2025-11-01,13:51:57,NS007,C00118,P0025,2,49,0,98.0,Debit Card
TXN0003278,2025-11-21,12:45:14,NS010,C00164,P0008,2,3499,0,6998.0,Cash
TXN0001734,25/07/2025,16:01:26,NS007,C00211,P0012,1,1499,0,1499.0,Debit Card
TXN0003225,2025-06-02,19:38:32,NS015,C00265,P0018,1,2499,20,1999.2,Wallet
TXN0002201,2025-08-01,09:53:16,NS007,C00321,P0025,3,49,15,124.95,Wallet
TXN0000758,2025-01-10,15:15:13,NS006,C00240,P0021,3,599,20,1437.6,Credit Card
TXN0002174,02/02/2025,12:54:10,NS009,C00115,P0028,2,25,0,50.0,Cash
TXN0003266,10-10-2025,16:42:32,NS014,C00358,P0038,1,149,10,134.1,UPI
TXN0005041,14-06-2025,14:13:36,NS012,C00033,P0047,3,449,20,1077.6,Wallet
TXN0000399,2025-08-04,14:56:48,NS001,C00143,P0014,3,899,10,2427.3,Cash
TXN0001875,2025-02-16,17:38:48,NS003,C00341,P0034,3,299,0,897.0,Debit Card
TXN0002985,03-02-2025,19:51:48,NS007,C00373,P0008,1 pcs,3499,15,2974.15,Credit Card
TXN0000017,2025-06-04,17:21:24,NS012,C00130,P0034,3,299,5,852.15,UPI
TXN0001738,2025-10-01,13:39:16,NS003,C00415,P0038,2,149,0,298.0,Cash
TXN0005078,2025-09-08,12:05:54,NS010,C00472,P0019,3,799,0,2397.0,Cash
TXN0001886,2025-03-29,19:52:36,NS001,C00037,P0046,4,199,10,716.4,Credit Card
TXN0000056,23/05/2025,16:10:35,NS004,C00180,P0005,3,1899,0,5697.0,
TXN0004711,16/05/2025,19:03:20,NS004,C00525,P0044,3,279,0,837.0,Credit Card
TXN0003075,08/19/2025,09:40:41,NS003,C00099,P0030,1,399,5,379.05,Debit Card
TXN0004090,2025-08-11,18:50:02,NS010,C00086,P0001,1,2499,0,2499.0,
TXN0003468,2025-05-13,14:10:19,NS014,C00160,P0048,3,399,15,1017.45,Debit Card
TXN0002915,14/12/2025,11:35:01,NS006,C00048,P0016,3,999,10,2697.3,Credit Card
TXN0000837,30/05/2025,12:38:50,NS011,C00346,P0012,3,1499,20,3597.6,Credit Card
TXN0001412,14-06-2025,15:06:39,NS013,C00188,P0017,1,1199,15,1019.15,Credit Card
TXN0005281,11/03/2025,14:57:13,NS004,C00511,P0039,2,179,0,358.0,Wallet
TXN0002395,02-10-2025,13:55:31,NS002,C00267,P0025,3,49,0,147.0,UPI
TXN0003493,24-06-2025,10:07:35,NS009,C00155,P0001,1,2499,0,2499.0,Debit Card
TXN0004887,12/21/2025,15:14:32,NS012,C00188,P0033,3,999,0,2997.0,Credit Card
TXN0004753,2025-08-23,14:10:45,NS001,C00110,P0047,3,449,20,1077.6,Debit Card
TXN0004742,04/02/2025,20:31:45,NS008,C00226,P0019,2,799,20,1278.4,Credit Card
TXN0005822,2025-07-30,16:23:59,NS013,C00031,P0016,3,999,0,2997.0,Wallet
TXN0001479,2025-03-26,09:24:09,NS013,C00130,P0008,2,3499,10,6298.2,Wallet
TXN0002321,12/21/2025,14:02:45,NS010,C00024,P0017,1,1199,10,1079.1,Debit Card
TXN0006117,19/01/2025,16:53:12,NS003,C00332,P0034,4,299,5,1136.2,Wallet
TXN0006371,2025-01-15,17:57:45,NS010,C00369,P0011,2,599,0,1198.0,Credit Card
TXN0005716,2025-08-21,13:30:15,NS006,C00115,P0003,2,4999,20,7998.4,Credit Card
TXN0000199,11/24/2025,20:49:15,NS011,C00429,P0046,2,199,0,398.0,Debit Card
TXN0002768,2025-05-08,13:13:54,NS001,C00416,P0022,3,189,20,453.6,Credit Card
TXN0003978,2025-06-28,10:41:09,NS001,C00194,P0015,5,1799,0,8995.0,Credit Card
TXN0002592,13/03/2025,12:58:53,NS014,C00176,P0008,1,3499,20,2799.2,Wallet
TXN0002632,17-09-2025,16:32:48,NS004,C00509,P0022,2,189,0,378.0,Debit Card
TXN0005987,2025-03-13,20:18:01,NS003,C00389,P0023,2,159,10,286.2,Wallet
TXN0001560,05/19/2025,20:22:37,NS009,C00360,P0008,2,3499,0,6998.0,UPI
TXN0003153,2025-09-11,09:46:35,NS009,C00305,P0037,2,699,15,1188.3,UPI
TXN0001289,2025-05-06,21:34:35,NS015,C00424,P0033,2,999,0,1998.0,Cash
TXN0006062,2025-05-19,16:09:31,NS004,C00278,P0004,2,1499,20,2398.4,Credit Card
TXN0002390,08-09-2025,17:36:51,NS003,C00342,P0040,2,599,15,1018.3,Credit Card
TXN0001103,03/12/2025,20:06:25,NS001,C00187,P0046,2,199,0,398.0,Debit Card
TXN0005607,2025-08-01,20:35:56,NS008,C00348,P0013,3,1299,0,3897.0,Wallet
TXN0005963,2025-05-16,16:37:57,NS009,C00232,P0018,1,2499,0,2499.0,Debit Card
TXN0004077,2025-10-06,12:46:51,NS001,C00361,P0042,3,299,20,717.6,Debit Card
TXN0005414,12/03/2025,21:29:57,NS006,C00523,P0018,2,2499,15,4248.3,UPI
TXN0000979,13-08-2025,17:41:23,NS001,C00027,P0047,1,449,10,404.1,Credit Card
TXN0001695,24/02/2025,14:46:50,NS011,C00416,P0011,2,599,20,958.4,UPI
TXN0002127,17/10/2025,11:20:21,NS010,C00489,P0031,2,1299,0,2598.0,Debit Card
TXN0005881,2025-01-09,21:14:22,NS002,C00206,P0033,1,999,5,949.05,Credit Card
TXN0001881,12/07/2025,21:17:10,NS008,C00431,P0031,3,1299,0,3897.0,Cash
TXN0000397,2025-05-28,18:15:54,NS009,C00513,P0020,2,3999,0,7998.0,Wallet
TXN0004291,06/08/2025,12:37:20,NS004,C00432,P0038,3,149,0,447.0,UPI
TXN0003045,2025-09-15,19:00:03,NS015,C00362,P0022,1,189,0,189.0,Debit Card
TXN0001895,29-11-2025,09:58:25,NS007,C00038,P0008,1,3499,20,2799.2,Wallet
TXN0003818,09/29/2025,20:50:15,NS003,C00417,P0031,1,1299,20,1039.2,UPI
TXN0003388,05/12/2025,13:40:19,NS009,C00083,P0016,3,999,0,2997.0,Wallet
TXN0003254,2025-03-05,20:08:02,NS005,C00232,P0042,3,299,5,852.15,Credit Card
TXN0001930,15-05-2025,13:38:02,NS001,C00222,P0036,2,349,0,698.0,UPI
TXN0004340,14/10/2025,14:34:31,NS008,C00471,P0001,3,2499,20,5997.6,Credit Card
TXN0000907,2025-10-08,21:29:02,NS005,C00341,P0002,2,3299,0,6598.0,Debit Card
TXN0002498,03/07/2025,15:38:28,NS008,C00080,P0020,1,3999,0,3999.0,Debit Card
TXN0003280,05/13/2025,14:26:29,NS015,C00495,P0005,2,1899,5,3608.1,Cash
TXN0000316,11/11/2025,09:10:33,NS012,C00261,P0008,1,3499,0,3499.0,Wallet
TXN0002221,06/11/2025,11:58:20,NS013,C00351,P0007,2,799,5,1518.1,Cash
TXN0001207,16-06-2025,14:51:48,NS005,C00049,P0003,3,4999,15,12747.45,Credit Card
TXN0001725,2025-07-17,12:23:26,NS013,C00439,P0003,2,4999,0,9998.0,UPI
TXN0004986,2025-06-12,21:35:54,NS008,C00360,P0029,1,199,10,179.1,UPI
TXN0003378,15-06-2025,09:33:16,NS009,C00328,P0011,5,599,5,2845.25,Debit Card
TXN0006313,2025-05-23,16:12:03,NS009,C00102,P0019,1,799,5,759.05,
TXN0006260,2025-10-23,18:23:13,NS012,C00373,P0011,2,599,10,1078.2,UPI
TXN0001860,2025-01-04,14:22:57,NS006,C00461,P0044,5,279,15,1185.75,Credit Card
TXN0004815,2025-06-04,21:26:34,NS010,C00145,P0045,3,499,0,1497.0,Cash
TXN0005323,2025-03-09,10:12:31,NS001,C00328,P0031,3,1299,0,3897.0,Cash
TXN0005672,25/11/2025,13:06:57,NS006,C00191,P0050,3,1499,5,4272.15,UPI
TXN0006229,08/08/2025,14:28:56,NS014,C00169,P0043,1,349,15,296.65,Cash
TXN0002661,2025-10-11,13:16:26,NS012,C00430,P0024,5,449,10,2020.5,UPI
TXN0002637,28/10/2025,11:35:21,NS011,C00045,P0047,1,449,0,449.0,Cash
TXN0004670,2025-09-14,15:40:54,NS014,C00308,P0043,3,349,5,994.65,Wallet
TXN0003521,09/22/2025,15:34:07,NS001,C00165,P0022,1,189,0,189.0,UPI
TXN0002623,06-11-2025,16:36:56,NS014,C00130,P0030,1,399,10,359.1,Debit Card
TXN0003051,12-06-2025,17:20:03,NS009,C00090,P0041,2,249,0,498.0,UPI
TXN0006499,15/02/2025,20:02:02,NS009,C00381,P0036,3,349,5,994.65,Wallet
TXN0005362,2025-06-30,16:02:43,NS012,C00048,P0040,2,599,0,1198.0,UPI
TXN0001314,2025-03-02,09:32:03,NS006,C00416,P0036,3,349,15,889.95,Debit Card
TXN0000898,02/25/2025,11:09:46,NS002,C00290,P0050,2,1499,10,2698.2,Wallet
TXN0006027,2025-09-22,15:45:04,NS007,C00437,P0017,1,1199,0,1199.0,Wallet
TXN0002249,20-05-2025,16:53:40,NS014,C00009,P0016,3 pcs,999,15,2547.45,Wallet
TXN0006132,12-12-2025,20:12:24,NS013,C00089,P0048,1,399,10,359.1,UPI
TXN0002303,26/08/2025,12:48:54,NS001,C00105,P0012,1,1499,10,1349.1,UPI
TXN0005676,27-07-2025,14:37:51,NS006,C00142,P0020,1,3999,20,3199.2,Cash
TXN0005455,25/11/2025,12:46:15,NS005,C00338,P0003,1,4999,10,4499.1,Credit Card
TXN0003199,26-07-2025,11:18:29,NS001,C00290,P0034,1,299,0,299.0,UPI
TXN0006484,01/04/2025,16:13:48,NS013,C00508,P0009,1,2199,0,2199.0,Credit Card
TXN0002257,2025-09-16,09:43:06,NS007,C00504,P0043,2,349,5,663.1,Wallet
TXN0000386,2025-12-24,18:22:37,NS010,C00414,P0005,1,1899,0,1899.0,UPI
TXN0001132,2025-03-08,09:16:04,NS015,C00160,P0002,2,3299,20,5278.4,Cash
TXN0002302,27/12/2025,11:19:58,NS003,C00106,P0045,5,499,10,2245.5,Wallet
TXN0000427,2025-08-16,10:15:13,NS006,C00381,P0044,4,279,0,1116.0,Debit Card
TXN0003534,10/23/2025,10:57:12,NS013,C00318,P0002,3,3299,0,9897.0,Wallet
TXN0000559,2025-01-16,16:29:15,NS011,C00455,P0016,1 pcs,999,20,799.2,Wallet
TXN0000279,18/10/2025,16:06:51,NS001,C00147,P0050,3,1499,0,4497.0,Debit Card
TXN0006222,2025-08-31,11:48:03,NS005,C00236,P0037,4,699,0,2796.0,Wallet
TXN0005336,2025-09-22,10:13:07,NS012,C00081,P0045,2,499,0,998.0,Credit Card
TXN0004282,2025-10-18,10:25:18,NS008,C00423,P0017,5,1199,0,5995.0,Debit Card
TXN0000124,04-02-2025,15:19:49,NS010,C00512,P0007,3,799,0,2397.0,Credit Card
TXN0003525,2025-12-10,09:28:13,NS009,C00519,P0021,2,599,15,1018.3,Debit Card
TXN0005039,2025-05-28,20:18:01,NS012,C00287,P0010,1,599,0,599.0,Cash
TXN0003499,08/12/2025,13:01:53,NS004,C00503,P0024,1,449,10,404.1,UPI
TXN0003849,2025-05-02,21:23:43,NS007,C00431,P0017,1,1199,0,1199.0,Cash
TXN0002742,21/07/2025,10:55:04,NS010,C00190,P0006,2,399,10,718.2,Debit Card
TXN0005841,2025-01-23,13:51:38,NS011,C00126,P0036,3,349,15,889.95,
TXN0002628,2025-06-08,09:28:25,NS010,C00175,P0048,4,399,0,1596.0,Debit Card
TXN0004774,2025-01-17,12:20:26,NS013,C00173,P0016,2,999,0,1998.0,Credit Card
TXN0001513,2025-01-25,11:35:55,NS007,C00434,P0038,2,149,0,298.0,Credit Card
TXN0002169,2025-05-07,16:23:49,NS006,C00453,P0025,2,49,0,98.0,Wallet
TXN0006479,27/04/2025,21:39:52,NS014,C00535,P0035,1,449,0,449.0,Wallet
TXN0005084,2025-10-31,19:32:28,NS006,C00457,P0020,3,3999,5,11397.15,Debit Card
TXN0005058,20/02/2025,15:45:44,NS011,C00011,P0046,1,199,15,169.15,UPI
TXN0002106,11/09/2025,19:26:27,NS006,C00150,P0050,3,1499,0,4497.0,Credit Card
TXN0005668,15/12/2025,21:58:50,NS009,C00475,P0032,3,799,10,2157.3,Cash
TXN0002730,2025-11-05,17:29:58,NS012,C00449,P0002,1,3299,15,2804.15,UPI
TXN0000365,2025-04-11,10:18:14,NS001,C00485,P0023,1,159,15,135.15,Debit Card
TXN0005726,2025-10-23,09:26:11,NS001,C00284,P0028,2,25,15,42.5,UPI
TXN0006275,2025-09-10,12:54:46,NS010,C00041,P0017,2,1199,10,2158.2,Credit Card
TXN0002603,2025-05-08,09:16:23,NS005,C00259,P0005,1,1899,15,1614.15,Cash
TXN0000739,2025-02-16,21:43:14,NS004,C00052,P0046,1,199,15,169.15,Credit Card
TXN0005192,2025-10-04,19:03:30,NS008,C00281,P0040,1,599,5,569.05,Wallet
TXN0005611,2025-09-20,10:53:44,NS014,C00343,P0022,4,189,5,718.2,Cash
TXN0002480,2025-09-08,20:45:20,NS006,C00267,P0043,1,349,5,331.55,UPI
TXN0002868,29/06/2025,15:45:32,NS012,C00072,P0041,5,249,0,1245.0,Cash
TXN0002725,2025-05-11,20:09:21,NS006,C00346,P0019,4,799,0,3196.0,Wallet
TXN0005701,26/10/2025,10:02:32,NS012,C00097,P0050,5,1499,15,6370.75,UPI
TXN0000308,2025-04-29,21:08:32,NS002,C00402,P0049,3,199,5,567.15,Wallet
TXN0004729,2025-06-10,21:22:40,NS003,C00132,P0003,1,4999,0,4999.0,UPI
TXN0003325,23/07/2025,12:20:10,NS008,C00521,P0004,3,1499,20,3597.6,Wallet
TXN0006374,2025-04-17,16:22:40,NS010,C00489,P0040,2,599,20,958.4,Credit Card
TXN0003953,2025-08-21,11:54:34,NS010,C00458,P0020,2,3999,15,6798.3,Debit Card
TXN0005076,2025-03-06,13:38:50,NS002,C00342,P0009,3,2199,0,6597.0,UPI
TXN0001421,03/14/2025,15:47:16,NS004,C00226,P0036,2,349,0,698.0,UPI
TXN0005902,09/15/2025,15:39:42,NS002,C00429,P0019,3,799,5,2277.15,Cash
TXN0003709,2025-06-19,19:13:55,NS015,C00263,P0014,1,899,10,809.1,UPI
TXN0004646,2025-09-23,14:49:44,NS009,C00239,P0018,3,2499,5,7122.15,UPI
TXN0006456,2025-03-21,20:05:04,NS004,C00267,P0006,2,399,0,798.0,UPI
TXN0002850,03/29/2025,12:18:58,NS009,C00463,P0018,5,2499,0,12495.0,Wallet
TXN0001798,25/12/2025,17:53:46,NS014,C00289,P0015,1,1799,0,1799.0,UPI
TXN0001585,2025-01-09,10:10:39,NS002,C00143,P0036,3,349,10,942.3,Cash
TXN0001894,2025-10-07,18:41:50,NS009,C00397,P0042,1,299,0,299.0,Cash
TXN0001620,04-04-2025,17:00:43,NS012,C00376,P0023,2,159,0,318.0,Cash
TXN0004666,03/06/2025,16:20:49,NS014,C00071,P0019,3,799,10,2157.3,Wallet
TXN0006308,07-03-2025,20:04:55,NS011,C00096,P0023,3,159,10,429.3,Wallet
TXN0001948,28-02-2025,13:34:19,NS004,C00229,P0037,1,699,0,699.0,UPI
TXN0005284,2025-01-13,11:21:24,NS010,C00426,P0018,2,2499,5,4748.1,Cash
TXN0006418,27/06/2025,19:07:39,NS012,C00270,P0008,3,3499,0,10497.0,Debit Card
TXN0003559,13/03/2025,20:00:55,NS013,C00402,P0012,2,1499,0,2998.0,Wallet
TXN0005502,2025-09-13,21:13:03,NS009,C00221,P0032,1,799,20,639.2,Wallet
TXN0005895,02/11/2025,11:33:43,NS006,C00514,P0037,3,699,0,2097.0,Debit Card
TXN0003823,01/03/2025,14:14:25,NS011,C00433,P0029,3,199,0,597.0,UPI
TXN0002468,05/19/2025,19:01:41,NS005,C00129,P0019,2,799,15,1358.3,Cash
TXN0005333,28-09-2025,17:35:17,NS014,C00480,P0033,4,999,0,3996.0,Wallet
TXN0005879,08/12/2025,10:59:43,NS015,C00267,P0003,2,4999,10,8998.2,Credit Card
TXN0001617,29/01/2025,16:07:26,NS002,C00437,P0002,3,3299,0,9897.0,Wallet
TXN0000737,2025-02-08,09:47:51,NS006,C00073,P0010,5,599,20,2396.0,Credit Card
TXN0000941,2025-12-17,12:17:07,NS010,C00003,P0042,1,299,0,299.0,Cash
TXN0003163,07/06/2025,20:43:54,NS012,C00328,P0009,1,2199,0,2199.0,UPI
TXN0003872,2025-04-16,20:11:19,NS011,C00072,P0008,2,3499,20,5598.4,Credit Card
TXN0004296,2025-03-07,16:19:32,NS006,C00413,P0012,1,1499,20,1199.2,Wallet
TXN0000159,2025-12-14,18:31:25,NS012,C00084,P0023,4,159,20,508.8,
TXN0003144,18/08/2025,11:50:18,NS014,C00054,P0002,1,3299,0,3299.0,Cash
TXN0000049,24-05-2025,12:39:32,NS013,C00326,P0044,3,279,5,795.15,Debit Card
TXN0004283,12/04/2025,15:35:51,NS002,C00209,P0015,4,1799,0,7196.0,UPI
TXN0001086,2025-01-04,11:15:54,NS009,C00357,P0026,2,299,0,598.0,Credit Card
TXN0003981,2025-05-05,16:15:19,NS011,C00333,P0004,3,1499,0,4497.0,Cash
TXN0006178,2025-05-19,09:05:35,NS006,C00063,P0050,2,1499,0,2998.0,Debit Card
TXN0001504,2025-07-19,17:49:33,NS005,C00469,P0038,3,149,20,357.6,UPI
TXN0005961,2025-11-01,12:54:11,NS013,C00287,P0026,3,299,0,897.0,Wallet
TXN0001121,11/08/2025,11:25:03,NS011,C00155,P0047,2,449,0,898.0,UPI
TXN0000586,2025-04-04,10:48:14,NS004,C00315,P0033,2,999,10,1798.2,Wallet
TXN0001563,2025-04-20,09:58:00,NS009,C00276,P0020,4,3999,5,15196.2,Cash
TXN0002113,2025-10-11,10:46:00,NS013,C00318,P0035,1,449,0,449.0,Wallet
TXN0002138,26-12-2025,16:23:15,NS008,C00296,P0002,3,3299,10,8907.3,Debit Card
TXN0006177,17/11/2025,15:42:57,NS008,C00192,P0039,1,179,0,179.0,
TXN0001373,2025-01-24,18:04:22,NS014,C00025,P0050,2,1499,20,2398.4,Debit Card
TXN0003421,26/03/2025,21:39:34,NS007,C00524,P0015,3,1799,0,5397.0,Cash
TXN0001615,04/16/2025,14:14:21,NS009,C00170,P0046,1,199,0,199.0,Debit Card
TXN0000174,05/08/2025,14:48:25,NS007,C00074,P0034,3,299,5,852.15,Credit Card
TXN0000409,28/12/2025,14:57:58,NS014,C00226,P0029,3,199,10,537.3,Wallet
TXN0000264,28/09/2025,13:30:26,NS012,C00346,P0029,1,199,5,189.05,Cash
TXN0000257,2025-10-09,17:31:34,NS009,C00236,P0025,1,49,15,41.65,Wallet
TXN0001387,18/06/2025,11:38:46,NS008,C00224,P0037,3,699,5,1992.15,Cash
TXN0000740,17/11/2025,16:52:12,NS012,C00508,P0039,3,179,0,537.0,Debit Card
TXN0000385,2025-07-21,19:30:24,NS008,C00185,P0037,3 pcs,699,5,1992.15,UPI
TXN0004503,2025-05-23,15:40:11,NS010,C00508,P0003,1,4999,10,4499.1,UPI
TXN0001270,18-06-2025,20:28:43,NS007,C00056,P0044,3,279,0,837.0,UPI
TXN0000655,03-07-2025,14:22:15,NS005,C00457,P0004,2,1499,20,2398.4,Credit Card
TXN0001367,2025-06-07,12:36:15,NS013,C00441,P0040,4,599,20,1916.8,Wallet
TXN0002920,2025-12-30,11:06:42,NS011,C00036,P0031,2,1299,0,2598.0,Credit Card
TXN0004099,2025-06-23,15:43:43,NS015,C00365,P0004,2,1499,0,2998.0,Credit Card
TXN0002261,30-08-2025,17:37:10,NS015,C00340,P0029,1,199,5,189.05,Cash
TXN0000930,04/04/2025,18:51:05,NS004,C00051,P0018,2,2499,0,4998.0,Wallet
TXN0003101,2025-04-21,19:25:33,NS003,C00528,P0048,3,399,20,957.6,Credit Card
TXN0004193,2025-09-17,18:35:47,NS002,C00181,P0046,1,199,0,199.0,Wallet
TXN0004425,2025-11-23,14:06:26,NS011,C00173,P0036,5,349,0,1745.0,Wallet
TXN0006317,22/11/2025,10:50:28,NS003,C00397,P0017,2,1199,0,2398.0,UPI
TXN0001025,11-01-2025,13:36:39,NS013,C00200,P0012,2,1499,0,2998.0,UPI
TXN0002765,2025-01-12,18:38:17,NS007,C00407,P0026,5,299,0,1495.0,UPI
TXN0005412,06/12/2025,10:35:50,NS014,C00247,P0027,4,249,5,946.2,Wallet
TXN0003088,09/12/2025,17:29:29,NS014,C00503,P0032,1,799,0,799.0,Credit Card
TXN0002051,20-02-2025,19:55:01,NS014,C00398,P0023,1,159,15,135.15,Debit Card
TXN0006383,2025-07-03,18:21:03,NS011,C00217,P0021,2,599,10,1078.2,Cash
TXN0005578,24/01/2025,10:02:00,NS007,C00334,P0026,3,299,0,897.0,Wallet
TXN0005740,04-09-2025,16:34:15,NS015,C00120,P0034,1,299,15,254.15,UPI
TXN0000314,2025-01-12,16:40:04,NS004,C00430,P0025,3,49,20,117.6,
TXN0003906,2025-10-13,12:33:48,NS006,C00486,P0004,3,1499,5,4272.15,UPI
TXN0001685,25/10/2025,13:15:42,NS014,C00051,P0034,4,299,20,956.8,Wallet
TXN0003788,2025-08-12,19:18:01,NS012,C00283,P0029,3,199,10,537.3,Cash
TXN0002377,24/08/2025,19:17:36,NS001,C00501,P0035,4,449,0,1796.0,Wallet
TXN0006102,2025-05-08,13:55:56,NS010,C00169,P0039,1,179,0,179.0,UPI
TXN0002044,2025-06-21,11:12:43,NS008,C00127,P0035,3,449,0,1347.0,Cash
TXN0004873,2025-09-29,10:01:13,NS003,C00007,P0045,2,499,0,998.0,Cash
TXN0003836,01/26/2025,12:26:35,NS002,C00401,P0036,2,349,0,698.0,Credit Card
TXN0001874,12/03/2025,09:10:45,NS010,C00257,P0018,1,2499,0,2499.0,UPI
TXN0001828,2025-12-18,21:11:15,NS012,C00490,P0031,3,1299,0,3897.0,Wallet
TXN0003585,12/10/2025,10:22:50,NS011,C00186,P0004,3,1499,10,4047.3,UPI
TXN0005966,2025-07-04,21:15:54,NS010,C00476,P0021,1,599,0,599.0,Debit Card
TXN0003482,19-08-2025,13:35:53,NS013,C00398,P0038,2,149,5,283.1,Wallet
TXN0001964,12/11/2025,10:06:25,NS015,C00528,P0042,1,299,20,239.2,Cash
TXN0001087,13-10-2025,21:49:27,NS007,C00060,P0021,3,599,15,1527.45,Debit Card
TXN0004254,2025-12-16,09:15:11,NS015,C00420,P0022,3,189,0,567.0,Wallet
TXN0000674,2025-10-28,10:39:04,NS009,C00424,P0047,1,449,0,449.0,UPI
TXN0004902,19/05/2025,16:35:28,NS003,C00333,P0022,1,189,10,170.1,Credit Card
TXN0001510,22/04/2025,12:33:32,NS006,C00445,P0035,1,449,0,449.0,Wallet
TXN0004471,2025-09-30,13:29:24,NS004,C00056,P0044,3,279,0,837.0,Credit Card
TXN0002819,2025-06-24,16:08:27,NS008,C00405,P0024,3,449,5,1279.65,Cash
TXN0004511,09/07/2025,10:33:49,NS003,C00267,P0014,3,899,20,2157.6,Credit Card
TXN0000549,2025-12-12,11:39:37,NS003,C00361,P0037,2,699,15,1188.3,Cash
TXN0006459,14/01/2025,15:58:39,NS005,C00333,P0049,2,199,5,378.1,Debit Card
TXN0003847,08/26/2025,18:37:03,NS012,C00193,P0008,2,3499,0,6998.0,Cash
TXN0001000,24-04-2025,21:06:05,NS002,C00466,P0034,2,299,0,598.0,Wallet
TXN0001487,27/06/2025,20:43:20,NS009,C00333,P0011,1,599,5,569.05,UPI
TXN0001641,2025-01-26,11:21:16,NS013,C00404,P0044,5,279,15,1185.75,UPI
TXN0005620,2025-02-03,14:08:39,NS003,C00453,P0049,1,199,0,199.0,Cash
TXN0003554,03/27/2025,19:47:55,NS015,C00149,P0030,1,399,15,339.15,Cash
TXN0006304,11/05/2025,16:02:14,NS014,C00527,P0011,3,599,5,1707.15,UPI
TXN0001389,03-09-2025,16:20:19,NS015,C00532,P0023,1,159,5,151.05,Debit Card
TXN0003415,06/03/2025,12:47:30,NS009,C00394,P0011,2,599,0,1198.0,Cash
TXN0003917,2025-08-26,14:27:49,NS005,C00103,P0021,1,599,0,599.0,Cash
TXN0003535,10-11-2025,16:35:13,NS009,C00473,P0019,2,799,0,1598.0,Cash
TXN0004226,2025-10-16,21:24:14,NS011,C00530,P0024,2,449,5,853.1,UPI
TXN0005916,2025-07-19,15:47:48,NS004,C00401,P0013,5,1299,0,6495.0,UPI
TXN0000085,29-08-2025,18:04:10,NS009,C00398,P0049,3,199,10,537.3,Debit Card
TXN0005004,2025-02-25,16:01:55,NS013,C00160,P0021,2,599,5,1138.1,Wallet
TXN0003694,2025-09-01,15:36:44,NS012,C00251,P0044,3,279,0,837.0,Wallet
TXN0006036,01-11-2025,16:07:32,NS010,C00080,P0045,4,499,15,1696.6,Wallet
TXN0005067,22/10/2025,14:01:32,NS015,C00370,P0046,1,199,15,169.15,Cash
TXN0006343,04-03-2025,09:17:37,NS012,C00430,P0032,1,799,5,759.05,UPI
TXN0002374,2025-10-20,09:33:45,NS004,C00512,P0019,2,799,15,1358.3,Cash
TXN0001348,05/11/2025,09:18:23,NS014,C00486,P0045,3,499,0,1497.0,Credit Card
TXN0004407,2025-09-05,10:08:28,NS002,C00415,P0034,1,299,0,299.0,Wallet
TXN0003364,11/24/2025,20:05:29,NS007,C00351,P0014,1,899,5,854.05,Credit Card
TXN0002491,10/02/2025,11:23:52,NS006,C00090,P0009,2,2199,0,4398.0,Wallet
TXN0001031,03/07/2025,11:27:42,NS005,C00096,P0036,2,349,15,593.3,Credit Card
TXN0002048,2025-05-13,18:42:40,NS009,C00390,P0025,3,49,0,147.0,UPI
TXN0001834,03/05/2025,09:36:06,NS005,C00001,P0005,4,1899,0,7596.0,UPI
TXN0002718,2025-07-19,17:44:42,NS013,C00347,P0012,4,1499,0,5996.0,Wallet
TXN0000104,2025-01-06,15:25:10,NS002,C00133,P0035,2,449,20,718.4,Cash
TXN0003064,08/22/2025,09:43:15,NS007,C00485,P0048,1,399,0,399.0,Debit Card
TXN0001423,30-10-2025,15:54:12,NS015,C00200,P0048,3,399,0,1197.0,Wallet
TXN0005279,05/01/2025,16:37:45,NS001,C00446,P0044,2,279,10,502.2,Cash
TXN0001183,2025-09-22,13:38:34,NS010,C00043,P0035,3,449,0,1347.0,Debit Card
TXN0001358,2025-01-29,19:50:31,NS005,C00108,P0016,1,999,20,799.2,Credit Card
TXN0004793,10/01/2025,12:25:46,NS003,C00449,P0010,2,599,5,1138.1,
TXN0006042,07/04/2025,15:21:16,NS006,C00164,P0022,3,189,10,510.3,Cash
TXN0003263,2025-06-26,17:53:28,NS006,C00404,P0038,1,149,15,126.65,Wallet
TXN0004886,2025-07-02,20:34:03,NS013,C00307,P0045,2,499,15,848.3,Cash
TXN0000137,2025-07-15,10:48:58,NS015,C00308,P0039,3,179,0,537.0,Wallet
TXN0004663,08/12/2025,10:13:06,NS013,C00401,P0020,2,3999,0,7998.0,
TXN0005831,11/10/2025,14:11:12,NS009,C00105,P0018,3,2499,20,5997.6,Cash
TXN0000638,2025-03-27,10:43:10,NS011,C00232,P0049,3,199,0,597.0,Wallet
TXN0005682,2025-02-04,14:51:44,NS009,C00158,P0017,2,1199,0,2398.0,Wallet
TXN0004405,10/11/2025,19:40:00,NS009,C00528,P0046,4,199,0,796.0,Cash
TXN0006261,2025-06-13,20:39:36,NS006,C00123,P0021,2,599,0,1198.0,Credit Card
TXN0006349,30/08/2025,13:52:02,NS001,C00189,P0047,3,449,5,1279.65,
TXN0000555,16/07/2025,15:26:26,NS004,C00030,P0040,1,599,0,599.0,Wallet
TXN0001254,2025-11-09,16:56:51,NS002,C00089,P0021,2,599,15,1018.3,Cash
TXN0002288,27/09/2025,10:17:45,NS003,C00239,P0045,2,499,0,998.0,UPI
TXN0006305,31/10/2025,20:09:31,NS001,C00300,P0040,2,599,0,1198.0,Credit Card
TXN0002129,01/16/2025,20:59:18,NS002,C00452,P0007,2,799,10,1438.2,Debit Card
TXN0004066,08/02/2025,18:08:10,NS011,C00293,P0007,5,799,20,3196.0,Wallet
TXN0004151,2025-01-26,10:25:38,NS001,C00226,P0028,4,25,0,100.0,Credit Card
TXN0000874,31/12/2025,09:01:32,NS004,C00534,P0024,1,449,20,359.2,Debit Card
TXN0002646,2025-06-01,17:44:22,NS004,C00005,P0017,3,1199,10,3237.3,
TXN0004584,30-01-2025,17:58:55,NS007,C00434,P0050,1,1499,0,1499.0,Cash
TXN0001332,2025-03-02,15:07:59,NS014,C00293,P0004,3,1499,0,4497.0,UPI
TXN0001216,2025-03-30,13:58:42,NS006,C00268,P0017,4,1199,0,4796.0,Wallet
TXN0003475,15-06-2025,16:22:18,NS011,C00184,P0046,5,199,0,995.0,UPI
TXN0002214,2025-07-30,17:32:04,NS002,C00217,P0034,3,299,0,897.0,Debit Card
TXN0003162,21-11-2025,10:08:33,NS002,C00452,P0005,3,1899,0,5697.0,Credit Card
TXN0004992,2025-09-28,16:37:03,NS009,C00477,P0031,2,1299,20,2078.4,UPI
TXN0002260,2025-06-25,11:52:45,NS012,C00271,P0012,3,1499,15,3822.45,Cash
TXN0001889,04/10/2025,09:53:28,NS012,C00216,P0030,5,399,0,1995.0,Credit Card
TXN0006245,2025-02-20,14:26:52,NS007,C00243,P0029,1,199,20,159.2,Cash
TXN0001595,21/02/2025,11:52:29,NS011,C00188,P0026,2,299,0,598.0,Wallet
TXN0003287,2025-08-28,20:17:09,NS003,C00006,P0028,1,25,10,22.5,Cash
TXN0004859,05-12-2025,09:34:51,NS015,C00063,P0010,1,599,0,599.0,Debit Card
TXN0001746,2025-12-03,19:32:05,NS006,C00002,P0013,2,1299,0,2598.0,Cash
TXN0005840,2025-06-10,15:05:06,NS015,C00356,P0050,2,1499,10,2698.2,Cash
TXN0005397,2025-06-03,15:49:12,NS010,C00457,P0043,3,349,0,1047.0,Cash
TXN0002081,2025-07-31,09:46:20,NS014,C00029,P0022,3,189,0,567.0,Credit Card
TXN0005703,11-02-2025,14:42:22,NS014,C00310,P0017,2,1199,0,2398.0,UPI
TXN0001197,2025-01-28,19:21:38,NS010,C00356,P0015,1,1799,0,1799.0,Debit Card
TXN0004661,27-06-2025,17:11:54,NS003,C00068,P0036,1,349,10,314.1,Cash
TXN0006094,02/12/2025,17:27:34,NS014,C00436,P0028,2,25,20,40.0,Credit Card
TXN0005912,10/05/2025,20:47:25,NS002,C00381,P0047,4,449,5,1706.2,UPI
TXN0000521,01/01/2025,12:56:11,NS005,C00315,P0006,1,399,0,399.0,UPI
TXN0000374,2025-02-01,18:43:32,NS012,C00055,P0045,2,499,0,998.0,Wallet
TXN0006412,25/04/2025,21:39:24,NS001,C00402,P0045,1,499,15,424.15,UPI
TXN0006119,03-08-2025,10:59:11,NS001,C00345,P0017,1,1199,10,1079.1,UPI
TXN0000003,2025-12-08,11:12:10,NS010,C00504,P0007,2,799,20,1278.4,Credit Card
TXN0002543,2025-02-06,15:01:14,NS003,C00437,P0049,2,199,10,358.2,UPI
TXN0002520,08/13/2025,18:41:26,NS006,C00278,P0027,2,249,0,498.0,Wallet
TXN0002537,2025-06-09,17:23:26,NS001,C00282,P0004,2,1499,20,2398.4,Cash
TXN0003125,2025-06-22,19:53:05,NS009,C00344,P0018,1,2499,0,2499.0,UPI
TXN0003591,27/10/2025,11:53:46,NS009,C00365,P0048,3,399,0,1197.0,UPI
TXN0005558,03/24/2025,09:34:20,NS002,C00367,P0006,1,399,0,399.0,Wallet
TXN0005598,07/27/2025,14:50:35,NS002,C00105,P0009,3,2199,10,5937.3,Cash
TXN0000534,2025-08-26,10:55:31,NS008,C00376,P0004,3,1499,10,4047.3,Credit Card
TXN0000223,2025-05-07,09:11:02,NS001,C00054,P0043,3,349,10,942.3,UPI
TXN0006058,2025-07-23,16:14:10,NS012,C00325,P0006,3,399,5,1137.15,Cash
TXN0000600,12/13/2025,13:16:38,NS012,C00024,P0009,1,2199,15,1869.15,Debit Card
TXN0005788,18/06/2025,17:13:32,NS009,C00207,P0047,1,449,0,449.0,Cash
TXN0003508,15/05/2025,13:12:42,NS014,C00263,P0048,2,399,20,638.4,Debit Card
TXN0004743,2025-10-29,17:47:18,NS006,C00129,P0030,1,399,0,399.0,Cash
TXN0006281,17/01/2025,12:14:57,NS009,C00068,P0043,1,349,20,279.2,UPI
TXN0001303,2025-10-10,13:34:08,NS011,C00235,P0009,3,2199,0,6597.0,Cash
TXN0005468,2025-06-10,21:59:46,NS010,C00001,P0028,3,25,0,75.0,Credit Card
TXN0003042,28/12/2025,13:03:24,NS011,C00066,P0014,5,899,15,3820.75,Debit Card
TXN0002571,2025-11-18,15:54:57,NS006,C00325,P0047,2,449,0,898.0,Wallet
TXN0005476,2025-01-06,14:34:03,NS011,C00472,P0024,2,449,0,898.0,Credit Card
TXN0000322,2025-11-15,15:27:12,NS010,C00362,P0024,1,449,20,359.2,UPI
TXN0005515,06/07/2025,15:50:48,NS005,C00090,P0023,4,159,15,540.6,UPI
TXN0006015,2025-09-14,12:42:40,NS006,C00429,P0015,5,1799,0,8995.0,Cash
TXN0006396,2025-04-02,12:37:17,NS014,C00265,P0001,2,2499,0,4998.0,Cash
TXN0001023,10/10/2025,21:38:47,NS012,C00468,P0006,3,399,5,1137.15,UPI
TXN0006176,25-04-2025,17:13:59,NS011,C00064,P0039,1,179,5,170.05,Credit Card
TXN0000299,2025-10-05,21:21:07,NS015,C00181,P0030,4,399,10,1436.4,UPI
TXN0002609,2025-11-28,13:15:22,NS015,C00278,P0048,1,399,5,379.05,Debit Card
TXN0005131,2025-08-03,09:58:32,NS002,C00228,P0009,2,2199,0,4398.0,Credit Card
TXN0003452,2025-12-07,09:40:38,NS015,C00204,P0006,2,399,20,638.4,Wallet
TXN0000866,08/27/2025,17:22:50,NS010,C00415,P0049,2,199,15,338.3,UPI
TXN0001953,22/05/2025,17:40:40,NS006,C00182,P0040,2,599,0,1198.0,Credit Card
TXN0001911,11/03/2025,10:21:35,NS006,C00312,P0042,1,299,0,299.0,UPI
TXN0000782,18-07-2025,20:59:55,NS004,C00205,P0049,3,199,5,567.15,
TXN0001374,05/20/2025,18:40:29,NS013,C00291,P0031,1,1299,0,1299.0,Cash
TXN0003623,2025-01-03,20:17:02,NS013,C00456,P0024,2,449,0,898.0,UPI
TXN0006290,2025-12-28,13:40:49,NS012,C00092,P0006,1,399,0,399.0,Cash
TXN0001453,06/12/2025,11:12:57,NS004,C00157,P0007,5,799,0,3995.0,Credit Card
TXN0005317,2025-04-17,09:33:17,NS004,C00224,P0038,1,149,5,141.55,Cash
TXN0000019,05/06/2025,17:07:46,NS001,C00382,P0017,3,1199,10,3237.3,Cash
TXN0003038,2025-07-26,11:12:39,NS005,C00011,P0010,4,599,0,2396.0,Wallet
TXN0005266,2025-08-25,15:02:35,NS015,C00339,P0036,2,349,20,558.4,Wallet
TXN0002411,2025-06-02,18:40:05,NS001,C00419,P0024,2,449,0,898.0,Credit Card
TXN0001362,09/05/2025,21:11:59,NS011,C00069,P0024,1,449,15,381.65,Credit Card
TXN0000339,02/08/2025,09:13:00,NS011,C00222,P0030,4,399,0,1596.0,Debit Card
TXN0005259,2025-07-19,12:42:05,NS010,C00009,P0003,2,4999,5,9498.1,Cash
TXN0003571,11/02/2025,15:51:15,NS005,C00228,P0044,1,279,0,279.0,Cash
TXN0000083,08/08/2025,12:58:02,NS013,C00194,P0035,2,449,0,898.0,Credit Card
TXN0001076,04/02/2025,14:24:10,NS010,C00176,P0026,3,299,0,897.0,UPI
TXN0000588,29-03-2025,18:42:10,NS006,C00529,P0031,5,1299,15,5520.75,Credit Card
TXN0006391,20-02-2025,13:57:26,NS009,C00511,P0012,2,1499,0,2998.0,Cash
TXN0001552,2025-03-29,10:13:34,NS014,C00390,P0037,1,699,20,559.2,Cash
TXN0002479,03-06-2025,15:04:55,NS014,C00320,P0020,1,3999,20,3199.2,Wallet
TXN0006467,2025-02-26,16:00:32,NS011,C00275,P0018,3,2499,5,7122.15,Credit Card
TXN0002955,2025-10-17,11:57:17,NS015,C00372,P0040,2,599,0,1198.0,
TXN0004775,23/07/2025,21:20:51,NS007,C00010,P0019,3,799,10,2157.3,Cash
TXN0005555,2025-03-28,09:14:11,NS014,C00175,P0020,1,3999,0,3999.0,Debit Card
TXN0005163,23-04-2025,19:10:55,NS003,C00265,P0017,2,1199,10,2158.2,Debit Card
TXN0001115,15/09/2025,18:28:22,NS011,C00216,P0045,3,499,10,1347.3,Wallet
TXN0001992,09-06-2025,09:08:40,NS006,C00290,P0032,3,799,0,2397.0,Debit Card
TXN0005648,2025-02-21,11:03:22,NS015,C00251,P0004,3,1499,0,4497.0,Cash
TXN0001530,2025-08-21,21:37:14,NS010,C00325,P0014,1,899,15,764.15,Wallet
TXN0003152,2025-11-30,12:19:45,NS008,C00059,P0023,1,159,20,127.2,Cash
TXN0003453,2025-10-04,11:43:58,NS002,C00033,P0038,2,149,15,253.3,Debit Card
TXN0000909,03-06-2025,09:52:14,NS011,C00261,P0026,2,299,0,598.0,Wallet
TXN0003224,05/03/2025,21:03:13,NS003,C00381,P0004,3,1499,0,4497.0,Wallet
TXN0006232,20-09-2025,09:18:41,NS008,C00500,P0016,3,999,0,2997.0,UPI
TXN0005872,06/12/2025,12:34:12,NS007,C00387,P0027,5,249,5,1182.75,UPI
TXN0000194,26/02/2025,15:04:21,NS011,C00092,P0024,2,449,5,853.1,UPI
TXN0004662,2025-08-16,18:00:28,NS014,C00027,P0028,4,25,20,80.0,Debit Card
TXN0003930,2025-04-05,14:16:03,NS015,C00371,P0006,3,399,10,1077.3,Debit Card
TXN0001527,2025-12-23,14:40:57,NS004,C00343,P0035,3,449,5,1279.65,Debit Card
TXN0003286,28/05/2025,17:33:31,NS009,C00138,P0038,3,149,20,357.6,UPI
TXN0003043,04/06/2025,17:20:31,NS009,C00251,P0004,2,1499,10,2698.2,Credit Card
TXN0000911,10/07/2025,09:32:55,NS012,C00314,P0050,3,1499,0,4497.0,Debit Card
TXN0006220,29/07/2025,14:58:17,NS004,C00137,P0016,1,999,5,949.05,Debit Card
TXN0004706,27/07/2025,21:08:59,NS011,C00422,P0005,2,1899,0,3798.0,Debit Card
TXN0005669,15/06/2025,15:39:37,NS014,C00165,P0009,5,2199,0,10995.0,UPI
TXN0005410,2025-10-01,19:20:52,NS014,C00341,P0024,2 pcs,449,20,718.4,UPI
TXN0000343,2025-05-04,16:11:17,NS001,C00488,P0043,5,349,20,1396.0,Credit Card
TXN0004204,2025-09-26,09:29:06,NS005,C00179,P0014,3,899,15,2292.45,Cash
TXN0006264,03/06/2025,14:47:51,NS015,C00052,P0037,3,699,15,1782.45,Wallet
TXN0000568,24-04-2025,18:23:45,NS005,C00315,P0046,1,199,5,189.05,Debit Card
TXN0001709,04-12-2025,17:23:30,NS007,C00033,P0028,3,25,0,75.0,Credit Card
TXN0003306,2025-09-25,12:46:08,NS007,C00132,P0021,1,599,0,599.0,Credit Card
TXN0001249,27-12-2025,15:17:03,NS008,C00176,P0014,2,899,5,1708.1,Debit Card
TXN0003968,01/29/2025,18:53:25,NS013,C00106,P0028,2,25,0,50.0,Debit Card
TXN0002367,2025-05-11,14:17:41,NS012,C00500,P0020,1,3999,15,3399.15,Wallet
TXN0004956,02/16/2025,18:29:31,NS009,C00366,P0007,4,799,15,2716.6,Credit Card
TXN0006099,2025-07-19,21:14:05,NS005,C00398,P0018,2,2499,10,4498.2,Cash
TXN0005533,31-12-2025,16:46:08,NS012,C00319,P0023,3,159,0,477.0,Credit Card
TXN0002865,2025-11-15,15:00:57,NS005,C00061,P0014,4,899,15,3056.6,Credit Card
TXN0002329,07/02/2025,21:07:16,NS008,C00049,P0024,1,449,5,426.55,Debit Card
TXN0003887,2025-10-17,20:50:42,NS006,C00034,P0039,2,179,20,286.4,Wallet
TXN0001947,2025-12-07,14:24:08,NS011,C00029,P0007,5,799,0,3995.0,Cash
TXN0003561,04/10/2025,14:34:57,NS009,C00245,P0006,3,399,0,1197.0,Cash
TXN0003072,2025-09-16,14:06:03,NS010,C00227,P0013,2,1299,15,2208.3,Credit Card
TXN0002198,02-06-2025,15:11:31,NS007,C00210,P0047,1,449,0,449.0,Credit Card
TXN0002483,17/12/2025,18:01:17,NS006,C00218,P0048,3,399,0,1197.0,Credit Card
TXN0002977,2025-07-20,17:16:37,NS015,C00473,P0031,5,1299,20,5196.0,UPI
TXN0003831,2025-03-14,19:11:51,NS003,C00319,P0032,3,799,0,2397.0,UPI
TXN0002917,2025-08-31,15:45:02,NS009,C00132,P0035,5,449,20,1796.0,Credit Card
TXN0002399,05/12/2025,15:06:34,NS004,C00477,P0025,1,49,10,44.1,Cash
TXN0003010,17-09-2025,11:42:09,NS008,C00450,P0050,2,1499,5,2848.1,Debit Card
TXN0006104,2025-01-11,18:52:58,NS003,C00459,P0017,3,1199,0,3597.0,Credit Card
TXN0000158,31/07/2025,09:40:52,NS006,C00018,P0041,2,249,0,498.0,Credit Card
TXN0002967,17-01-2025,16:33:00,NS006,C00236,P0035,1,449,0,449.0,Wallet
TXN0000518,30-04-2025,17:06:26,NS007,C00276,P0037,2,699,0,1398.0,UPI
TXN0005865,2025-12-19,16:08:19,NS009,C00430,P0034,3,299,0,897.0,UPI
TXN0004400,16-05-2025,09:16:39,NS014,C00179,P0002,2,3299,0,6598.0,Cash
TXN0000152,2025-03-05,14:01:37,NS004,C00490,P0032,3,799,0,2397.0,Cash
TXN0000178,14-12-2025,09:06:22,NS008,C00184,P0004,1,1499,10,1349.1,Wallet
TXN0001788,01/07/2025,14:22:34,NS012,C00081,P0047,3,449,0,1347.0,Credit Card
TXN0004280,15/05/2025,20:05:33,NS002,C00195,P0029,1,199,0,199.0,Wallet
TXN0000677,2025-06-25,13:22:11,NS012,C00441,P0017,2,1199,0,2398.0,UPI
TXN0003564,2025-08-15,21:32:37,NS012,C00448,P0042,1,299,0,299.0,UPI
TXN0003777,19/08/2025,17:49:09,NS002,C00296,P0047,3,449,0,1347.0,Credit Card
TXN0002237,09/04/2025,18:45:04,NS015,C00198,P0030,1,399,10,359.1,Credit Card
TXN0004818,2025-04-01,13:38:38,NS004,C00110,P0020,2,3999,0,7998.0,Debit Card
TXN0004472,2025-08-14,17:38:01,NS010,C00097,P0044,1,279,0,279.0,Debit Card
TXN0004938,14/05/2025,18:13:31,NS008,C00496,P0009,3,2199,20,5277.6,Cash
TXN0004055,21-03-2025,12:15:52,NS004,C00531,P0034,3,299,0,897.0,Cash
TXN0002891,15-12-2025,20:21:53,NS015,C00514,P0003,2,4999,0,9998.0,
TXN0003622,11-08-2025,13:16:35,NS012,C00098,P0018,3,2499,5,7122.15,Cash
TXN0005527,2025-03-07,12:08:55,NS009,C00439,P0024,2,449,0,898.0,Cash
TXN0001499,23-05-2025,16:05:47,NS008,C00454,P0048,2,399,0,798.0,Wallet
TXN0003844,2025-10-07,16:52:40,NS014,C00178,P0048,2,399,15,678.3,UPI
TXN0002084,24/07/2025,10:29:57,NS013,C00494,P0022,3,189,0,567.0,Cash
TXN0002784,2025-10-18,15:50:27,NS001,C00010,P0015,1,1799,0,1799.0,Cash
TXN0001369,09-09-2025,12:05:51,NS010,C00190,P0009,2,2199,15,3738.3,Cash
TXN0004759,26/07/2025,13:03:50,NS007,C00148,P0016,2,999,0,1998.0,Credit Card
TXN0002942,2025-10-24,14:47:52,NS009,C00382,P0037,2,699,0,1398.0,Cash
TXN0002611,2025-02-14,14:49:10,NS014,C00333,P0021,3,599,15,1527.45,UPI
TXN0000647,26/04/2025,10:46:38,NS010,C00372,P0016,4,999,15,3396.6,
TXN0001643,2025-01-06,15:43:13,NS003,C00490,P0005,3,1899,0,5697.0,Credit Card
TXN0000131,2025-05-05,09:58:58,NS011,C00255,P0044,3,279,0,837.0,Wallet
TXN0005057,2025-06-13,19:45:34,NS006,C00320,P0002,1,3299,15,2804.15,UPI
TXN0004286,2025-02-02,19:15:15,NS009,C00319,P0005,4,1899,20,6076.8,Debit Card
TXN0000301,2025-02-23,09:39:59,NS007,C00107,P0032,5,799,0,3995.0,Debit Card
TXN0000770,2025-07-22,18:53:48,NS001,C00290,P0021,3,599,0,1797.0,Wallet
TXN0003301,07-11-2025,09:05:52,NS015,C00005,P0009,3,2199,20,5277.6,Cash
TXN0000348,2025-09-30,12:56:39,NS012,C00415,P0026,2,299,0,598.0,UPI
TXN0005138,2025-09-16,12:33:28,NS014,C00440,P0036,3,349,0,1047.0,Wallet
TXN0005789,15/05/2025,19:09:22,NS014,C00293,P0033,2,999,0,1998.0,Wallet
TXN0005215,2025-02-15,10:40:31,NS009,C00071,P0001,5,2499,0,12495.0,Debit Card
TXN0001882,2025-08-16,09:24:25,NS003,C00219,P0043,1,349,10,314.1,Cash
TXN0004605,2025-02-08,19:09:08,NS012,C00173,P0030,4,399,0,1596.0,Debit Card
TXN0002446,30/03/2025,10:30:58,NS011,C00402,P0020,3,3999,0,11997.0,Debit Card
TXN0003423,2025-11-13,15:39:38,NS014,C00464,P0033,2,999,0,1998.0,Cash
TXN0003907,27-10-2025,10:15:30,NS001,C00362,P0036,2,349,0,698.0,
TXN0003652,2025-04-13,17:16:37,NS006,C00224,P0005,2,1899,20,3038.4,
TXN0005390,18-07-2025,14:13:53,NS003,C00284,P0008,2,3499,5,6648.1,UPI
TXN0001205,2025-08-09,18:46:24,NS014,C00050,P0030,5,399,10,1795.5,UPI
TXN0001032,28/07/2025,12:00:35,NS008,C00437,P0007,3,799,0,2397.0,UPI
TXN0002069,2025-07-15,14:40:43,NS005,C00293,P0028,3,25,0,75.0,Cash
TXN0006092,2025-03-23,17:21:27,NS012,C00211,P0042,3,299,0,897.0,Debit Card
TXN0000076,2025-11-16,16:47:49,NS014,C00340,P0048,4,399,0,1596.0,Debit Card
TXN0004218,2025-04-01,18:41:56,NS009,C00094,P0039,2,179,0,358.0,Cash
TXN0003993,15/06/2025,14:25:28,NS014,C00231,P0006,2,399,20,638.4,Cash
TXN0000042,2025-10-28,17:48:32,NS007,C00118,P0018,1,2499,10,2249.1,Debit Card
TXN0005518,2025-10-18,14:14:25,NS005,C00473,P0002,4,3299,15,11216.6,Wallet
TXN0004789,27/12/2025,13:55:36,NS006,C00267,P0011,4,599,15,2036.6,UPI
TXN0002625,2025-09-20,19:35:55,NS010,C00525,P0026,5,299,0,1495.0,Wallet
TXN0005501,26-09-2025,11:45:49,NS011,C00161,P0038,3,149,10,402.3,Credit Card
TXN0002052,2025-05-30,16:55:50,NS015,C00226,P0024,1,449,0,449.0,Debit Card
TXN0004788,2025-05-28,11:31:52,NS010,C00234,P0038,1,149,0,149.0,Debit Card
TXN0001347,2025-03-17,19:44:49,NS014,C00454,P0015,3,1799,0,5397.0,Wallet
TXN0002219,02/07/2025,14:33:49,NS006,C00516,P0015,2,1799,15,3058.3,UPI
TXN0001824,2025-12-30,13:46:47,NS006,C00219,P0007,3,799,10,2157.3,Debit Card
TXN0001432,09/12/2025,11:41:26,NS003,C00304,P0043,1,349,0,349.0,Debit Card
TXN0001257,05/12/2025,19:05:56,NS009,C00320,P0036,3,349,10,942.3,Credit Card
TXN0006420,23/01/2025,10:51:16,NS008,C00002,P0036,1,349,0,349.0,Cash
TXN0000053,01-04-2025,21:44:00,NS002,C00474,P0024,1,449,20,359.2,Cash
TXN0002186,2025-12-11,10:46:49,NS011,C00421,P0015,2,1799,0,3598.0,UPI
TXN0002973,17/05/2025,21:57:25,NS014,C00443,P0048,1,399,0,399.0,UPI
TXN0003181,2025-04-25,17:35:57,NS011,C00032,P0032,3,799,15,2037.45,Credit Card
TXN0002664,2025-10-09,13:30:31,NS009,C00268,P0001,2,2499,0,4998.0,Wallet
TXN0002360,2025-09-01,16:27:22,NS007,C00327,P0038,1,149,20,119.2,Cash
TXN0000145,23/07/2025,10:33:58,NS004,C00434,P0011,2,599,5,1138.1,Credit Card
TXN0001610,2025-12-24,18:28:35,NS014,C00051,P0006,1,399,5,379.05,Cash
TXN0001665,06-03-2025,20:26:28,NS007,C00340,P0011,2,599,0,1198.0,Wallet
TXN0001748,16/01/2025,17:02:33,NS011,C00068,P0030,1,399,15,339.15,UPI
TXN0005007,2025-05-31,13:41:49,NS003,C00429,P0014,2,899,10,1618.2,UPI
TXN0002061,10/09/2025,16:54:56,NS003,C00383,P0008,3,3499,5,9972.15,Cash
TXN0004871,2025-07-07,20:52:44,NS009,C00478,P0001,1,2499,0,2499.0,UPI
TXN0001438,2025-10-03,13:19:48,NS003,C00001,P0003,2,4999,0,9998.0,Wallet
TXN0002644,02/09/2025,21:50:00,NS014,C00429,P0021,1,599,20,479.2,Debit Card
TXN0005117,2025-03-11,13:34:49,NS003,C00083,P0046,2,199,0,398.0,Debit Card
TXN0002341,2025-05-12,13:39:26,NS006,C00326,P0005,2,1899,15,3228.3,Credit Card
TXN0005379,2025-08-03,16:51:45,NS011,C00193,P0004,4,1499,0,5996.0,Wallet
TXN0000815,26/02/2025,10:12:30,NS008,C00256,P0001,2,2499,0,4998.0,Debit Card
TXN0000952,2025-09-28,09:20:49,NS012,C00430,P0037,3,699,0,2097.0,Debit Card
TXN0005454,2025-04-02,11:09:20,NS014,C00229,P0015,2,1799,15,3058.3,UPI
TXN0006156,28-08-2025,09:04:10,NS010,C00217,P0044,3,279,5,795.15,Credit Card
TXN0005042,2025-10-07,11:47:27,NS010,C00181,P0014,1,899,10,809.1,UPI
TXN0000229,2025-12-31,21:54:54,NS015,C00356,P0024,2,449,0,898.0,Debit Card
TXN0004412,2025-11-22,11:21:11,NS006,C00471,P0029,4,199,20,636.8,Debit Card
TXN0002079,2025-02-17,17:59:24,NS007,C00530,P0028,1,25,0,25.0,Wallet
TXN0002792,11/01/2025,13:18:39,NS012,C00397,P0028,5,25,10,112.5,Credit Card
TXN0005569,2025-02-26,13:09:54,NS015,C00119,P0008,3,3499,10,9447.3,Wallet
TXN0001244,2025-06-01,11:50:04,NS002,C00149,P0018,1 pcs,2499,15,2124.15,UPI
TXN0004981,21-12-2025,16:33:55,NS011,C00442,P0031,2,1299,10,2338.2,
TXN0001966,01/03/2025,13:34:39,NS007,C00494,P0036,3 pcs,349,0,1047.0,Wallet
TXN0005164,2025-06-23,11:08:06,NS005,C00317,P0018,1,2499,0,2499.0,
TXN0006091,2025-01-21,11:43:50,NS005,C00010,P0019,2,799,0,1598.0,Cash
TXN0003386,09/02/2025,16:03:42,NS007,C00279,P0035,3,449,20,1077.6,Wallet
TXN0003013,2025-01-20,09:45:18,NS014,C00339,P0024,3,449,5,1279.65,Wallet
TXN0006319,11/07/2025,21:44:51,NS005,C00339,P0013,1,1299,15,1104.15,Credit Card
TXN0003012,22/04/2025,11:54:18,NS012,C00255,P0031,3,1299,20,3117.6,Wallet
TXN0004601,2025-03-01,19:09:51,NS014,C00006,P0033,2,999,0,1998.0,Credit Card
TXN0002633,02/09/2025,12:19:43,NS001,C00501,P0045,1,499,0,499.0,Debit Card
TXN0000278,04/07/2025,15:02:57,NS012,C00397,P0016,1,999,0,999.0,UPI
TXN0004882,08/08/2025,16:27:26,NS010,C00367,P0043,2,349,20,558.4,Debit Card
TXN0003402,29-01-2025,15:27:12,NS004,C00277,P0050,1,1499,0,1499.0,Credit Card
TXN0005696,03/01/2025,11:11:10,NS002,C00131,P0033,3,999,0,2997.0,Debit Card
TXN0005691,2025-09-22,20:08:42,NS007,C00283,P0040,2 pcs,599,0,1198.0,Credit Card
TXN0000408,08/03/2025,16:42:07,NS011,C00079,P0005,3,1899,0,5697.0,Debit Card
TXN0005777,2025-04-02,09:33:34,NS012,C00499,P0024,2,449,10,808.2,UPI
TXN0002028,20/12/2025,10:28:10,NS002,C00498,P0019,2,799,0,1598.0,UPI
TXN0004813,03/02/2025,10:38:43,NS011,C00067,P0025,1,49,0,49.0,Credit Card
TXN0000151,14/08/2025,18:06:55,NS011,C00171,P0006,2,399,0,798.0,Debit Card
TXN0001888,06/02/2025,16:26:31,NS006,C00322,P0013,3,1299,0,3897.0,Wallet
TXN0002326,2025-07-15,13:30:53,NS010,C00284,P0043,2,349,0,698.0,Wallet
TXN0002522,20-08-2025,19:25:03,NS001,C00170,P0009,1,2199,0,2199.0,UPI
TXN0001204,02/26/2025,09:13:33,NS005,C00235,P0048,2,399,10,718.2,UPI
TXN0004206,2025-05-20,16:08:49,NS002,C00204,P0012,2 pcs,1499,20,2398.4,Debit Card
TXN0004785,2025-06-21,09:03:11,NS013,C00147,P0032,3,799,0,2397.0,Wallet
TXN0003792,2025-10-15,13:31:08,NS014,C00169,P0020,2,3999,10,7198.2,Wallet
TXN0005432,2025-08-23,18:45:43,NS012,C00191,P0020,3,3999,10,10797.3,Credit Card
TXN0002416,2025-01-17,17:28:58,NS001,C00311,P0005,1,1899,5,1804.05,Debit Card
TXN0001084,2025-01-24,18:17:54,NS003,C00112,P0019,1,799,0,799.0,Credit Card
TXN0000855,2025-08-12,12:17:23,NS015,C00267,P0031,1,1299,0,1299.0,UPI
TXN0002460,24/06/2025,18:58:06,NS006,C00381,P0021,1,599,0,599.0,Debit Card
TXN0003663,2025-10-30,11:06:49,NS004,C00071,P0007,2 pcs,799,15,1358.3,Wallet
TXN0004679,2025-09-24,21:44:49,NS004,C00122,P0018,1,2499,0,2499.0,Debit Card
TXN0006486,25/09/2025,20:11:30,NS004,C00272,P0011,3,599,0,1797.0,Credit Card
TXN0000198,05/01/2025,20:09:42,NS003,C00147,P0025,5,49,5,232.75,Cash
TXN0005618,05/30/2025,11:14:28,NS002,C00413,P0025,2,49,0,98.0,UPI
TXN0002392,18-12-2025,13:18:59,NS002,C00113,P0034,1,299,10,269.1,Cash
TXN0000127,28/10/2025,09:14:01,NS010,C00128,P0020,1,3999,15,3399.15,UPI
TXN0003060,23-06-2025,12:52:29,NS002,C00290,P0029,1,199,0,199.0,Cash
TXN0002301,22/01/2025,12:34:04,NS014,C00265,P0025,1,49,5,46.55,UPI
TXN0000649,08-12-2025,14:05:00,NS002,C00498,P0016,3,999,20,2397.6,UPI
TXN0003539,2025-06-24,16:25:53,NS008,C00506,P0005,3,1899,0,5697.0,Wallet
TXN0004555,13/08/2025,09:27:28,NS011,C00391,P0019,2,799,0,1598.0,Wallet
TXN0003599,2025-01-03,12:25:24,NS012,C00060,P0050,2,1499,20,2398.4,Credit Card
TXN0002802,10/21/2025,10:42:13,NS001,C00142,P0027,2,249,15,423.3,
TXN0000380,2025-09-03,19:06:37,NS008,C00377,P0043,2,349,15,593.3,Debit Card
TXN0005784,2025-08-21,10:59:41,NS006,C00393,P0011,2,599,15,1018.3,Wallet
TXN0002441,2025-03-09,21:01:30,NS009,C00435,P0036,5,349,20,1396.0,Wallet
TXN0006434,2025-05-03,14:43:55,NS011,C00242,P0030,1,399,15,339.15,UPI
TXN0001359,28-04-2025,13:49:07,NS011,C00332,P0010,1,599,0,599.0,UPI
TXN0004430,06/19/2025,10:26:37,NS003,C00069,P0031,2,1299,0,2598.0,Debit Card
TXN0001219,2025-10-02,17:32:42,NS005,C00396,P0040,3,599,15,1527.45,Wallet
TXN0005532,2025-03-04,12:23:13,NS002,C00383,P0016,2,999,15,1698.3,UPI
TXN0001512,13/11/2025,20:36:40,NS014,C00171,P0007,2,799,20,1278.4,Wallet
TXN0002863,2025-09-28,14:11:07,NS003,C00105,P0044,3,279,15,711.45,Cash
TXN0005644,2025-04-01,17:53:07,NS015,C00313,P0018,2,2499,15,4248.3,Credit Card
TXN0002210,2025-02-26,15:50:21,NS007,C00365,P0034,3,299,0,897.0,Wallet
TXN0005120,03/08/2025,19:20:05,NS010,C00406,P0026,2,299,20,478.4,Cash
TXN0004273,2025-03-03,14:59:22,NS013,C00428,P0020,2,3999,0,7998.0,Cash
TXN0000442,2025-12-25,11:46:49,NS010,C00522,P0006,1,399,0,399.0,Wallet
TXN0001569,09/09/2025,20:09:55,NS001,C00368,P0022,1,189,0,189.0,UPI
TXN0003323,2025-07-20,13:13:52,NS003,C00429,P0038,1,149,5,141.55,UPI
TXN0005313,2025-07-20,17:45:18,NS003,C00134,P0038,4,149,15,506.6,Credit Card
TXN0003444,02/12/2025,13:09:26,NS010,C00328,P0031,2,1299,0,2598.0,Wallet
TXN0001814,09/10/2025,19:20:16,NS013,C00280,P0041,3,249,0,747.0,Cash
TXN0005179,2025-01-27,19:23:55,NS007,C00444,P0004,2,1499,0,2998.0,Credit Card
TXN0000966,2025-12-18,20:04:53,NS015,C00163,P0031,2,1299,0,2598.0,UPI
TXN0002252,11/03/2025,16:13:59,NS005,C00292,P0048,3,399,15,1017.45,Debit Card
TXN0005722,2025-04-16,12:28:47,NS004,C00112,P0010,3,599,10,1617.3,Cash
TXN0002161,07/11/2025,20:46:48,NS014,C00171,P0049,2,199,5,378.1,Cash
TXN0003023,2025-09-15,20:03:18,NS004,C00082,P0031,1,1299,10,1169.1,Credit Card
TXN0002999,06-03-2025,09:19:33,NS014,C00128,P0045,1,499,0,499.0,Cash
TXN0003899,11/03/2025,21:21:14,NS014,C00003,P0050,3,1499,10,4047.3,Credit Card
TXN0002521,2025-11-14,12:22:06,NS009,C00387,P0011,1,599,10,539.1,UPI
TXN0002176,2025-08-15,16:27:49,NS008,C00117,P0050,1,1499,10,1349.1,UPI
TXN0004030,15-03-2025,18:09:11,NS006,C00283,P0024,1,449,0,449.0,Debit Card
TXN0003592,04/26/2025,17:26:40,NS005,C00099,P0019,5,799,15,3395.75,
TXN0006133,2025-10-13,15:24:48,NS011,C00313,P0019,3,799,0,2397.0,Credit Card
TXN0003647,2025-03-10,14:07:01,NS008,C00012,P0048,2,399,10,718.2,Debit Card
TXN0002386,06-07-2025,15:53:23,NS009,C00158,P0025,1,49,0,49.0,Credit Card
TXN0000937,19/04/2025,15:12:52,NS009,C00300,P0023,2,159,15,270.3,Wallet
TXN0001228,2025-03-04,10:52:18,NS004,C00382,P0025,1,49,5,46.55,Cash
TXN0004197,17/10/2025,15:07:13,NS009,C00059,P0029,1,199,15,169.15,Cash
TXN0000926,02-10-2025,13:02:54,NS002,C00057,P0020,3,3999,0,11997.0,Credit Card
TXN0003902,15-12-2025,10:08:37,NS003,C00088,P0016,2,999,0,1998.0,Cash
TXN0002860,2025-05-21,13:22:02,NS010,C00413,P0033,2,999,0,1998.0,Wallet
TXN0001862,2025-05-11,13:00:00,NS001,C00396,P0034,4,299,10,1076.4,Wallet
TXN0004227,24/04/2025,18:20:55,NS009,C00020,P0045,1,499,0,499.0,Wallet
TXN0002213,18-08-2025,20:55:48,NS007,C00106,P0027,3,249,5,709.65,Wallet
TXN0003830,2025-09-14,11:15:45,NS007,C00362,P0004,3,1499,15,3822.45,Cash
TXN0004050,2025-09-02,13:39:05,NS003,C00321,P0035,1,449,0,449.0,Debit Card
TXN0000112,2025-06-16,11:16:13,NS009,C00046,P0030,1,399,0,399.0,Debit Card
TXN0005899,2025-11-30,17:04:00,NS009,C00446,P0028,4,25,0,100.0,Credit Card
TXN0002887,2025-01-16,10:04:09,NS013,C00051,P0014,2,899,0,1798.0,Wallet
TXN0000147,22/11/2025,21:22:52,NS003,C00276,P0048,2,399,15,678.3,Credit Card
TXN0004687,2025-01-31,18:26:02,NS002,C00381,P0013,2,1299,0,2598.0,Cash
TXN0005592,2025-10-07,16:36:42,NS013,C00362,P0006,3,399,15,1017.45,Cash
TXN0004295,19/03/2025,09:16:18,NS008,C00108,P0011,1,599,0,599.0,Debit Card
TXN0003228,17-09-2025,11:28:46,NS004,C00112,P0032,3,799,5,2277.15,UPI
TXN0003417,2025-01-14,18:40:26,NS004,C00457,P0020,3,3999,0,11997.0,UPI
TXN0003639,2025-12-16,18:01:25,NS012,C00111,P0021,3,599,10,1617.3,Cash
TXN0002445,2025-09-23,21:44:04,NS005,C00162,P0020,3,3999,10,10797.3,Debit Card
TXN0001163,16-01-2025,10:34:59,NS007,C00267,P0020,3,3999,0,11997.0,UPI
TXN0000984,26/06/2025,10:23:46,NS009,C00282,P0034,1,299,15,254.15,Debit Card
TXN0004284,2025-11-22,20:49:35,NS002,C00077,P0024,3,449,0,1347.0,Wallet
TXN0004921,27-12-2025,19:11:32,NS005,C00169,P0009,3,2199,0,6597.0,
TXN0003071,2025-10-21,20:02:19,NS002,C00067,P0021,3,599,5,1707.15,Wallet
TXN0001016,09/08/2025,11:27:36,NS002,C00498,P0041,4,249,15,846.6,Wallet
TXN0006284,2025-05-25,14:52:13,NS014,C00499,P0012,3,1499,0,4497.0,Cash
TXN0002922,14/03/2025,18:24:59,NS005,C00361,P0046,2,199,5,378.1,Credit Card
TXN0001710,2025-11-06,18:02:52,NS005,C00439,P0005,2,1899,10,3418.2,
TXN0005241,06-08-2025,12:35:44,NS003,C00371,P0010,2,599,5,1138.1,UPI
TXN0002694,2025-03-21,16:42:59,NS003,C00009,P0022,2,189,5,359.1,Wallet
TXN0005545,06-10-2025,20:20:42,NS008,C00029,P0028,2,25,0,50.0,Credit Card
TXN0000345,2025-06-20,13:23:06,NS001,C00392,P0047,2,449,0,898.0,Credit Card
TXN0001900,21-02-2025,21:42:57,NS015,C00224,P0007,2,799,10,1438.2,Credit Card
TXN0006315,29-04-2025,12:00:04,NS007,C00347,P0045,2,499,20,798.4,Debit Card
TXN0002405,2025-06-02,19:07:45,NS010,C00462,P0044,1,279,0,279.0,Wallet
TXN0003097,2025-10-02,15:38:37,NS010,C00481,P0049,1,199,0,199.0,Credit Card
TXN0003142,11/13/2025,12:41:40,NS015,C00506,P0041,3,249,15,634.95,Debit Card
TXN0000831,26/08/2025,14:19:53,NS009,C00335,P0020,2,3999,20,6398.4,Debit Card
TXN0002740,06-07-2025,13:57:04,NS009,C00230,P0040,3,599,0,1797.0,Credit Card
TXN0004535,2025-02-08,14:59:10,NS003,C00159,P0017,3,1199,15,3057.45,Debit Card
TXN0003612,2025-06-25,15:34:57,NS014,C00099,P0004,3,1499,0,4497.0,Credit Card
TXN0005745,2025-08-22,15:59:25,NS009,C00397,P0029,3,199,5,567.15,UPI
TXN0001667,2025-10-07,09:26:47,NS008,C00373,P0049,2,199,0,398.0,UPI
TXN0002402,19-07-2025,12:02:14,NS015,C00166,P0025,3,49,10,132.3,
TXN0000450,06/01/2025,20:45:58,NS014,C00123,P0029,4,199,20,636.8,Credit Card
TXN0000505,2025-03-30,13:38:12,NS012,C00518,P0027,2,249,0,498.0,Credit Card
TXN0002847,11-08-2025,19:23:12,NS002,C00482,P0004,3,1499,20,3597.6,UPI
TXN0002645,02/22/2025,11:55:09,NS015,C00243,P0042,1,299,10,269.1,Debit Card
TXN0003672,2025-01-12,11:17:57,NS012,C00501,P0025,3,49,0,147.0,
TXN0006011,22-05-2025,13:16:31,NS008,C00183,P0002,2,3299,10,5938.2,UPI
TXN0005092,03/22/2025,21:02:56,NS007,C00511,P0041,1,249,0,249.0,Wallet
TXN0000589,04/28/2025,16:59:54,NS014,C00311,P0024,1,449,5,426.55,Credit Card
TXN0004278,2025-05-25,15:51:45,NS003,C00175,P0028,1,25,20,20.0,UPI
TXN0003243,2025-09-22,21:10:43,NS012,C00465,P0043,2,349,0,698.0,Wallet
TXN0004803,2025-07-13,20:55:26,NS011,C00370,P0023,5,159,0,795.0,Wallet
TXN0005759,2025-10-19,14:59:25,NS009,C00297,P0049,3,199,0,597.0,Credit Card
TXN0001587,07-12-2025,15:07:56,NS001,C00063,P0030,5,399,0,1995.0,UPI
TXN0003881,2025-07-12,17:51:49,NS009,C00233,P0001,3,2499,0,7497.0,Credit Card
TXN0002691,2025-10-01,19:27:57,NS009,C00330,P0039,1,179,0,179.0,Cash
TXN0000135,2025-10-23,19:12:17,NS014,C00493,P0006,2,399,15,678.3,Debit Card
TXN0001128,05/01/2025,14:08:09,NS010,C00294,P0025,2,49,0,98.0,Wallet
TXN0005514,2025-05-23,14:23:19,NS006,C00088,P0012,1,1499,0,1499.0,Credit Card
TXN0003925,18-06-2025,18:42:38,NS001,C00344,P0046,1,199,15,169.15,Debit Card
TXN0000851,2025-11-12,16:38:13,NS006,C00148,P0046,1,199,15,169.15,UPI
TXN0004267,23-10-2025,16:24:51,NS012,C00088,P0042,3,299,15,762.45,Cash
TXN0005364,04-02-2025,21:36:58,NS002,C00529,P0049,1,199,15,169.15,Credit Card
TXN0003180,2025-07-04,13:20:21,NS012,C00514,P0027,3,249,0,747.0,Debit Card
TXN0005116,04-12-2025,20:18:46,NS003,C00182,P0007,1,799,0,799.0,Debit Card
TXN0003308,2025-02-01,13:33:19,NS004,C00355,P0004,4,1499,5,5696.2,
TXN0002110,2025-06-23,11:31:56,NS002,C00411,P0042,1,299,0,299.0,UPI
TXN0000996,2025-06-07,13:55:18,NS009,C00518,P0002,2,3299,0,6598.0,Credit Card
TXN0003574,11/12/2025,15:09:10,NS015,C00361,P0005,1,1899,0,1899.0,Wallet
TXN0003329,2025-10-10,16:10:35,NS011,C00317,P0030,3,399,0,1197.0,UPI
TXN0001678,2025-03-23,09:24:11,NS010,C00275,P0042,1,299,0,299.0,Debit Card
TXN0006193,2025-02-17,20:30:11,NS014,C00510,P0004,1,1499,0,1499.0,
TXN0006145,2025-02-12,09:08:50,NS011,C00233,P0011,2,599,15,1018.3,UPI
TXN0000350,2025-02-18,20:39:30,NS012,C00313,P0045,1,499,0,499.0,Credit Card
TXN0005580,2025-07-17,21:58:53,NS012,C00244,P0046,1,199,20,159.2,Credit Card
TXN0003759,2025-07-06,14:46:36,NS002,C00230,P0018,3,2499,0,7497.0,Credit Card
TXN0001851,18/06/2025,17:59:21,NS004,C00258,P0002,1,3299,0,3299.0,UPI
TXN0005401,2025-03-31,10:25:13,NS005,C00417,P0022,1,189,15,160.65,Credit Card
TXN0000384,2025-02-02,11:22:41,NS012,C00348,P0030,2,399,5,758.1,Credit Card
TXN0002941,30/12/2025,12:50:24,NS005,C00098,P0006,3,399,15,1017.45,Credit Card
TXN0004209,2025-09-07,21:24:32,NS012,C00268,P0012,1,1499,0,1499.0,Wallet
TXN0004217,2025-02-02,19:10:09,NS004,C00019,P0005,2,1899,20,3038.4,Cash
TXN0004428,2025-07-26,09:16:51,NS002,C00453,P0048,3,399,5,1137.15,Debit Card
TXN0005337,19-11-2025,10:53:47,NS005,C00240,P0002,2,3299,5,6268.1,Credit Card
TXN0003516,2025-08-15,09:12:41,NS008,C00229,P0019,2,799,0,1598.0,Debit Card
TXN0002009,20-06-2025,11:50:48,NS009,C00098,P0042,2,299,5,568.1,Debit Card
TXN0005842,15-07-2025,10:23:35,NS009,C00029,P0005,2 pcs,1899,0,3798.0,Wallet
TXN0003385,2025-01-16,09:25:20,NS002,C00068,P0044,2,279,5,530.1,Debit Card
TXN0006360,03/04/2025,11:03:24,NS004,C00072,P0020,1,3999,0,3999.0,Wallet
TXN0004277,23/09/2025,09:56:43,NS013,C00271,P0005,3,1899,0,5697.0,UPI
TXN0004192,05/02/2025,18:37:34,NS008,C00009,P0034,1,299,10,269.1,UPI
TXN0003995,2025-08-19,09:51:31,NS004,C00007,P0012,1,1499,20,1199.2,UPI
TXN0006169,02-05-2025,20:44:23,NS001,C00391,P0016,3,999,5,2847.15,Debit Card
TXN0004158,2025-05-12,14:37:22,NS001,C00119,P0013,1,1299,15,1104.15,Debit Card
TXN0004671,17-09-2025,09:42:25,NS015,C00199,P0049,1,199,15,169.15,Debit Card
TXN0000542,2025-08-31,15:17:47,NS012,C00191,P0018,5,2499,0,12495.0,Wallet
TXN0004047,25/12/2025,21:49:24,NS009,C00272,P0029,1,199,20,159.2,Wallet
TXN0004398,24-05-2025,18:05:53,NS001,C00223,P0048,4,399,5,1516.2,Wallet
TXN0003741,26/02/2025,14:33:00,NS002,C00002,P0036,3,349,15,889.95,Debit Card
TXN0006511,2025-09-17,10:00:00,NS013,C00385,P9093,3 pcs,1354,0,1760,Cash
TXN0001797,22/01/2025,18:35:30,NS001,C00173,P0003,3,4999,0,14997.0,Wallet
TXN0000103,2025-07-17,12:18:42,NS009,C00072,P0030,1,399,10,359.1,Wallet
TXN0003400,2025-12-30,10:35:46,NS009,C00427,P0043,2,349,15,593.3,UPI
TXN0005049,08/23/2025,12:20:43,NS015,C00221,P0023,5,159,0,795.0,Cash
TXN0004297,11/28/2025,15:44:04,NS008,C00227,P0009,2,2199,20,3518.4,Debit Card
TXN0004651,2025-02-27,17:29:12,NS008,C00088,P0022,2,189,0,378.0,Debit Card
TXN0006152,08/03/2025,11:49:49,NS008,C00517,P0045,2,499,0,998.0,UPI
TXN0004830,2025-03-08,19:48:03,NS010,C00362,P0026,2,299,15,508.3,Cash
TXN0002074,2025-05-25,12:04:22,NS007,C00395,P0033,3,999,0,2997.0,UPI
TXN0000767,17/08/2025,17:10:38,NS008,C00322,P0007,3,799,20,1917.6,Credit Card
TXN0001196,13-05-2025,15:50:08,NS014,C00189,P0050,2,1499,10,2698.2,Credit Card
TXN0005993,2025-04-29,13:28:12,NS013,C00254,P0031,1,1299,0,1299.0,Credit Card
TXN0000144,2025-11-06,19:09:16,NS004,C00166,P0001,1,2499,0,2499.0,Debit Card
TXN0003019,2025-02-22,19:52:03,NS001,C00348,P0019,3,799,10,2157.3,Wallet
TXN0005002,2025-08-06,11:35:09,NS012,C00156,P0024,1,449,15,381.65,Credit Card
TXN0002192,16-05-2025,13:23:16,NS015,C00373,P0027,3,249,20,597.6,UPI
TXN0004429,2025-08-06,11:54:49,NS003,C00311,P0026,3,299,15,762.45,Wallet
TXN0000919,02/14/2025,11:09:21,NS003,C00535,P0045,3,499,0,1497.0,Debit Card
TXN0005226,2025-08-26,12:20:53,NS003,C00169,P0027,3,249,10,672.3,Credit Card
TXN0000616,08/11/2025,19:19:14,NS012,C00087,P0042,3,299,15,762.45,Debit Card
TXN0003855,2025-10-11,20:00:00,NS014,C00341,P0027,4,249,0,996.0,Credit Card
TXN0000592,17/04/2025,13:18:53,NS006,C00025,P0021,2,599,15,1018.3,Credit Card
TXN0001266,2025-06-21,16:59:17,NS012,C00052,P0026,3,299,20,717.6,Wallet
TXN0002796,2025-12-12,15:45:13,NS009,C00234,P0011,2,599,5,1138.1,Wallet
TXN0000009,20/03/2025,14:52:08,NS002,C00207,P0029,2,199,0,398.0,
TXN0001434,2025-04-10,10:14:41,NS009,C00042,P0003,2,4999,0,9998.0,UPI
TXN0003781,07/10/2025,14:36:22,NS008,C00250,P0048,2,399,5,758.1,Cash
TXN0004411,2025-05-29,12:22:55,NS010,C00319,P0028,3,25,10,67.5,UPI
TXN0004517,2025-04-04,12:01:03,NS007,C00245,P0045,1,499,0,499.0,Cash
TXN0000836,18/12/2025,20:34:35,NS006,C00210,P0030,3 pcs,399,0,1197.0,Cash
TXN0004928,2025-03-09,16:53:49,NS011,C00387,P0028,3,25,10,67.5,
TXN0003624,03-05-2025,10:03:46,NS007,C00320,P0050,1,1499,20,1199.2,Wallet
TXN0004142,08/08/2025,10:39:26,NS013,C00413,P0047,2,449,15,763.3,Cash
TXN0004478,08-06-2025,17:30:07,NS004,C00047,P0004,1,1499,0,1499.0,Credit Card
TXN0000429,2025-11-15,14:02:18,NS015,C00154,P0038,1,149,0,149.0,Wallet
TXN0004783,30/08/2025,15:54:40,NS002,C00361,P0041,5,249,0,1245.0,Debit Card
TXN0004645,20-12-2025,11:53:28,NS001,C00280,P0016,5,999,10,4495.5,UPI
TXN0001553,2025-12-02,11:11:07,NS001,C00260,P0021,3,599,5,1707.15,Debit Card
TXN0004214,2025-09-30,21:10:01,NS007,C00224,P0002,2,3299,0,6598.0,Debit Card
TXN0005815,2025-01-17,09:53:24,NS005,C00529,P0042,2,299,0,598.0,UPI
TXN0004847,2025-10-28,14:05:48,NS012,C00216,P0040,1,599,0,599.0,UPI
TXN0001792,11-02-2025,09:43:13,NS010,C00392,P0026,1,299,0,299.0,UPI
TXN0003098,16-03-2025,10:39:12,NS001,C00390,P0017,4,1199,0,4796.0,UPI
TXN0004470,07/06/2025,21:27:03,NS010,C00369,P0031,4,1299,0,5196.0,Credit Card
TXN0003610,2025-08-02,10:38:19,NS006,C00399,P0022,5,189,20,756.0,Debit Card
TXN0002497,2025-01-01,10:20:02,NS005,C00158,P0004,2,1499,15,2548.3,Wallet
TXN0002774,04/05/2025,09:16:44,NS004,C00422,P0017,4,1199,10,4316.4,Wallet
TXN0002683,2025-08-14,21:50:43,NS014,C00376,P0006,1,399,0,399.0,Debit Card
TXN0005373,23-05-2025,10:19:56,NS003,C00023,P0007,1,799,5,759.05,Wallet
TXN0005197,2025-08-10,18:56:22,NS010,C00047,P0011,2,599,5,1138.1,Credit Card
TXN0005537,2025-09-07,17:27:54,NS011,C00292,P0042,4,299,0,1196.0,UPI
TXN0000203,12/09/2025,19:56:34,NS012,C00128,P0026,1,299,0,299.0,Cash
TXN0003630,21-12-2025,16:07:35,NS006,C00200,P0046,4,199,0,796.0,Cash
TXN0000531,2025-01-28,13:47:40,NS002,C00462,P0033,2,999,20,1598.4,Credit Card
TXN0005710,2025-09-14,21:37:02,NS003,C00253,P0035,5,449,5,2132.75,Cash
TXN0003549,2025-09-30,18:34:12,NS009,C00215,P0005,3,1899,0,5697.0,Credit Card
TXN0000125,18/02/2025,19:44:24,NS011,C00137,P0022,1,189,10,170.1,Debit Card
TXN0003300,09/08/2025,14:53:07,NS008,C00469,P0013,4,1299,20,4156.8,Wallet
TXN0006461,2025-10-17,19:15:38,NS012,C00259,P0017,3,1199,5,3417.15,Wallet
TXN0003892,08-12-2025,16:59:37,NS006,C00143,P0036,1,349,0,349.0,UPI
TXN0003187,14/10/2025,11:03:43,NS015,C00355,P0023,3,159,10,429.3,Credit Card
TXN0001141,31/07/2025,10:28:25,NS005,C00093,P0032,1,799,15,679.15,Wallet
TXN0003223,2025-01-16,11:25:08,NS006,C00107,P0046,2,199,5,378.1,UPI
TXN0003456,19-06-2025,20:16:12,NS006,C00114,P0007,1,799,0,799.0,Debit Card
TXN0001211,2025-03-28,17:34:24,NS011,C00174,P0005,2,1899,10,3418.2,Cash
TXN0003764,30-11-2025,11:49:44,NS013,C00488,P0013,4,1299,15,4416.6,UPI
TXN0000696,01/12/2025,13:26:44,NS001,C00426,P0027,2,249,5,473.1,UPI
TXN0002745,16-12-2025,11:46:59,NS002,C00173,P0048,2,399,5,758.1,Cash
TXN0001588,2025-01-29,15:01:03,NS002,C00131,P0036,1,349,0,349.0,Debit Card
TXN0001146,09/01/2025,11:22:34,NS014,C00364,P0029,2,199,15,338.3,Wallet
TXN0005512,2025-03-30,10:35:37,NS011,C00408,P0003,3,4999,0,14997.0,UPI
TXN0000491,2025-03-26,09:20:04,NS015,C00054,P0009,3,2199,20,5277.6,Debit Card
TXN0006108,2025-06-02,11:17:06,NS005,C00150,P0045,3,499,15,1272.45,Credit Card
TXN0004208,29-01-2025,12:32:57,NS005,C00247,P0003,3,4999,20,11997.6,Wallet
TXN0005370,20-01-2025,21:30:21,NS015,C00347,P0003,2,4999,15,8498.3,UPI
TXN0003997,2025-10-17,11:04:52,NS013,C00162,P0011,3,599,5,1707.15,Cash
TXN0005239,18/04/2025,19:50:16,NS003,C00076,P0020,2,3999,0,7998.0,Credit Card
TXN0006012,04/25/2025,16:46:50,NS007,C00468,P0039,1 pcs,179,15,152.15,UPI
TXN0004496,22/12/2025,14:37:58,NS005,C00112,P0011,3,599,0,1797.0,Credit Card
TXN0001836,05-01-2025,16:21:52,NS006,C00087,P0022,3,189,10,510.3,UPI
TXN0006109,2025-07-12,10:55:25,NS001,C00263,P0026,3,299,0,897.0,Cash
TXN0004854,05-08-2025,15:42:49,NS013,C00261,P0043,3,349,5,994.65,Wallet
TXN0006004,2025-04-13,16:14:20,NS003,C00102,P0026,1,299,0,299.0,Credit Card
TXN0005552,2025-12-14,18:05:13,NS001,C00161,P0032,5,799,0,3995.0,Wallet
TXN0005945,2025-09-21,09:19:38,NS015,C00427,P0002,3,3299,5,9402.15,Debit Card
TXN0002550,08/06/2025,21:12:52,NS015,C00038,P0029,5,199,0,995.0,Cash
TXN0000201,2025-06-06,14:54:05,NS011,C00082,P0005,3,1899,0,5697.0,Cash
TXN0005962,07/04/2025,18:06:16,NS007,C00117,P0041,1,249,0,249.0,Cash
TXN0000014,01/30/2025,20:51:42,NS015,C00533,P0019,2,799,15,1358.3,Wallet
TXN0001574,05/01/2025,20:21:19,NS009,C00085,P0036,4,349,20,1116.8,Credit Card
TXN0000694,01/03/2025,19:52:58,NS014,C00339,P0012,2,1499,0,2998.0,Credit Card
TXN0004306,03-09-2025,11:39:21,NS013,C00074,P0026,1,299,0,299.0,UPI
TXN0006495,10/31/2025,21:08:46,NS009,C00100,P0041,2,249,0,498.0,Wallet
TXN0001572,2025-05-10,21:00:01,NS010,C00095,P0025,5,49,0,245.0,UPI
TXN0005798,31-08-2025,09:07:28,NS008,C00301,P0020,4,3999,0,15996.0,Wallet
TXN0000529,16/12/2025,10:29:51,NS002,C00355,P0044,3,279,0,837.0,Debit Card
TXN0001525,06/10/2025,21:41:24,NS007,C00005,P0022,1,189,5,179.55,UPI
TXN0001173,2025-08-08,16:32:19,NS003,C00067,P0029,1,199,0,199.0,Wallet
TXN0004133,2025-10-12,18:58:52,NS011,C00172,P0046,4,199,5,756.2,Debit Card
TXN0000995,24/06/2025,11:18:12,NS014,C00024,P0043,1,349,20,279.2,Debit Card
TXN0001445,2025-10-09,12:56:27,NS007,C00420,P0002,3,3299,0,9897.0,
TXN0000113,2025-07-15,15:54:12,NS007,C00039,P0001,2,2499,0,4998.0,UPI
TXN0000109,10-11-2025,11:26:15,NS003,C00443,P0030,2,399,0,798.0,Wallet
TXN0004260,2025-11-05,16:18:58,NS013,C00314,P0023,3,159,5,453.15,Cash
TXN0002630,25/02/2025,09:59:51,NS012,C00266,P0016,2,999,0,1998.0,Wallet
TXN0001281,2025-02-06,15:31:36,NS010,C00014,P0042,1,299,15,254.15,Wallet
TXN0001638,2025-08-26,15:51:16,NS013,C00493,P0035,3,449,0,1347.0,Debit Card
TXN0001250,01/04/2025,17:39:20,NS015,C00287,P0001,1,2499,0,2499.0,Debit Card
TXN0000512,03/10/2025,20:27:22,NS011,C00296,P0014,2,899,5,1708.1,Cash
TXN0001463,10/30/2025,13:04:48,NS008,C00406,P0032,1,799,0,799.0,Wallet
TXN0001241,26-12-2025,14:29:54,NS011,C00535,P0037,3,699,0,2097.0,Debit Card
TXN0003182,2025-12-13,19:40:50,NS002,C00357,P0032,3,799,10,2157.3,
TXN0005087,24-05-2025,21:22:03,NS004,C00067,P0022,1,189,0,189.0,Credit Card
TXN0000005,2025-09-15,10:21:27,NS002,C00233,P0008,3,3499,0,10497.0,
TXN0006020,07-12-2025,18:10:37,NS004,C00409,P0050,1,1499,15,1274.15,Debit Card
TXN0003486,2025-09-05,18:58:45,NS013,C00011,P0008,2,3499,15,5948.3,UPI
TXN0004347,2025-06-10,13:17:51,NS004,C00263,P0037,3,699,10,1887.3,
TXN0000353,2025-01-01,12:30:07,NS001,C00018,P0037,3,699,5,1992.15,UPI
TXN0005939,14/06/2025,15:13:06,NS001,C00386,P0049,2,199,15,338.3,Wallet
TXN0004964,2025-01-27,11:14:28,NS001,C00372,P0003,2,4999,20,7998.4,Credit Card
TXN0006443,2025-10-13,17:28:01,NS014,C00242,P0024,1,449,20,359.2,Cash
TXN0004107,22/11/2025,15:46:17,NS015,C00493,P0010,5,599,0,2995.0,Credit Card
TXN0006191,10/22/2025,18:34:48,NS015,C00074,P0005,3,1899,20,4557.6,
TXN0004654,01-08-2025,20:07:27,NS003,C00319,P0048,3,399,15,1017.45,
TXN0006219,18/06/2025,20:52:23,NS015,C00117,P0016,1,999,0,999.0,Cash
TXN0000221,2025-01-27,17:19:44,NS011,C00237,P0015,2,1799,15,3058.3,Debit Card
TXN0002335,19/09/2025,15:34:46,NS005,C00433,P0032,2,799,20,1278.4,Wallet
TXN0006492,06/08/2025,20:46:48,NS007,C00295,P0007,2,799,0,1598.0,Cash
TXN0005705,2025-12-03,19:55:28,NS004,C00033,P0014,2,899,5,1708.1,Wallet
TXN0001753,2025-11-16,09:40:48,NS013,C00180,P0027,2,249,5,473.1,Credit Card
TXN0005291,2025-11-01,18:36:13,NS012,C00262,P0039,4,179,10,644.4,Debit Card
TXN0004040,2025-05-25,13:01:24,NS003,C00523,P0011,5,599,10,2695.5,Cash
TXN0006067,2025-09-15,21:17:21,NS002,C00142,P0037,2,699,0,1398.0,Wallet
TXN0005307,2025-01-08,20:56:49,NS004,C00293,P0048,3,399,20,957.6,Cash
TXN0000887,27-07-2025,11:26:30,NS001,C00342,P0024,1,449,5,426.55,
TXN0000631,2025-10-20,14:12:40,NS014,C00416,P0029,1,199,20,159.2,Wallet
TXN0000368,2025-04-13,10:19:36,NS015,C00473,P0035,2,449,15,763.3,Debit Card
TXN0004838,2025-07-31,21:03:38,NS010,C00473,P0046,1,199,10,179.1,Credit Card
TXN0006146,01-11-2025,15:45:40,NS013,C00291,P0050,5,1499,20,5996.0,UPI
TXN0000716,07/06/2025,17:55:48,NS013,C00419,P0024,3,449,0,1347.0,Debit Card
TXN0001764,2025-10-27,14:37:19,NS010,C00497,P0043,1,349,0,349.0,Cash
TXN0005889,2025-12-20,13:49:52,NS008,C00448,P0034,4,299,0,1196.0,UPI
TXN0001062,01/09/2025,11:57:58,NS001,C00339,P0003,3,4999,0,14997.0,Wallet
TXN0003273,2025-05-26,17:28:05,NS011,C00391,P0016,3,999,20,2397.6,Debit Card
TXN0000985,2025-10-16,15:09:51,NS005,C00524,P0015,2,1799,10,3238.2,Cash
TXN0004530,2025-08-08,11:18:20,NS013,C00482,P0046,2,199,20,318.4,UPI
TXN0004256,16-04-2025,21:56:02,NS014,C00347,P0013,1,1299,15,1104.15,Debit Card
TXN0000358,16/04/2025,12:58:24,NS011,C00111,P0018,3,2499,20,5997.6,Wallet
TXN0000241,03/17/2025,10:31:11,NS008,C00190,P0012,1,1499,20,1199.2,UPI
TXN0000693,2025-04-15,18:40:39,NS001,C00047,P0025,1,49,0,49.0,Credit Card
TXN0000305,2025-08-01,09:09:50,NS006,C00532,P0048,3,399,10,1077.3,Credit Card
TXN0001597,05/22/2025,18:56:28,NS015,C00419,P0035,2,449,5,853.1,Wallet
TXN0001583,18/01/2025,17:56:04,NS008,C00269,P0045,3,499,0,1497.0,Debit Card
TXN0000311,03/05/2025,12:19:12,NS009,C00252,P0047,4,449,5,1706.2,Cash
TXN0000940,03/03/2025,12:08:45,NS001,C00237,P0016,3,999,0,2997.0,Cash
TXN0005557,14/07/2025,11:18:24,NS001,C00519,P0033,3,999,10,2697.3,Wallet
TXN0002892,2025-05-15,15:38:35,NS004,C00357,P0037,3,699,0,2097.0,Debit Card
TXN0003949,03/01/2025,13:24:21,NS014,C00262,P0026,1,299,0,299.0,Credit Card
TXN0005303,22-01-2025,17:18:37,NS006,C00154,P0026,1,299,15,254.15,Wallet
TXN0005233,04-10-2025,18:42:11,NS003,C00194,P0034,3,299,0,897.0,Credit Card
TXN0005742,29/01/2025,10:39:12,NS004,C00154,P0011,2,599,5,1138.1,Credit Card
TXN0001276,29/12/2025,19:23:41,NS001,C00237,P0043,1,349,0,349.0,Cash
TXN0000446,2025-11-12,14:18:10,NS002,C00295,P0018,2,2499,20,3998.4,UPI
TXN0006123,30/08/2025,14:24:44,NS003,C00207,P0021,3,599,0,1797.0,Credit Card
TXN0000771,29/01/2025,20:08:31,NS002,C00070,P0009,1,2199,0,2199.0,Wallet
TXN0003170,17/08/2025,19:12:11,NS013,C00066,P0019,5,799,20,3196.0,Cash
TXN0001673,27/07/2025,17:51:35,NS005,C00214,P0040,2,599,0,1198.0,UPI
TXN0003843,2025-07-08,19:05:32,NS009,C00412,P0020,2,3999,5,7598.1,Debit Card
TXN0006437,28/06/2025,19:54:53,NS008,C00277,P0036,4,349,0,1396.0,Debit Card
TXN0000802,10/08/2025,17:42:52,NS007,C00225,P0037,2,699,15,1188.3,Cash
TXN0002469,2025-11-17,09:36:18,NS001,C00068,P0027,3,249,10,672.3,Debit Card
TXN0006463,02/11/2025,09:47:51,NS003,C00240,P0004,4,1499,20,4796.8,Cash
TXN0005161,2025-10-11,18:43:00,NS002,C00446,P0034,1,299,0,299.0,Cash
TXN0000473,07/21/2025,21:34:45,NS002,C00464,P0015,3,1799,0,5397.0,Debit Card
TXN0004176,03/10/2025,16:58:48,NS008,C00485,P0004,3,1499,10,4047.3,Wallet
TXN0005034,17-05-2025,11:27:46,NS015,C00299,P0009,5,2199,0,10995.0,Cash
TXN0003548,2025-06-13,13:47:26,NS008,C00038,P0042,2,299,0,598.0,Debit Card
TXN0003642,2025-08-11,14:18:41,NS001,C00333,P0015,3,1799,0,5397.0,Credit Card
TXN0005383,2025-01-18,09:22:29,NS013,C00352,P0024,1,449,0,449.0,Cash
TXN0002747,01-04-2025,10:52:35,NS015,C00040,P0024,3,449,0,1347.0,Credit Card
TXN0000425,14/08/2025,09:35:45,NS004,C00063,P0046,2,199,5,378.1,Cash
TXN0001568,2025-09-28,13:27:11,NS003,C00010,P0011,1,599,0,599.0,UPI
TXN0000266,05/08/2025,16:35:45,NS014,C00265,P0037,3,699,5,1992.15,UPI
TXN0003826,12/07/2025,20:06:32,NS001,C00108,P0026,4,299,5,1136.2,Wallet
TXN0001460,2025-02-18,16:13:19,NS010,C00520,P0038,3,149,0,447.0,Credit Card
TXN0004630,2025-08-20,15:04:17,NS003,C00260,P0031,2,1299,0,2598.0,Credit Card
TXN0005692,23/08/2025,13:18:29,NS006,C00084,P0023,2,159,20,254.4,Wallet
TXN0005756,2025-06-29,16:26:56,NS015,C00265,P0034,1,299,5,284.05,Cash
TXN0003827,2025-01-06,15:08:34,NS001,C00123,P0039,1,179,10,161.1,UPI
TXN0005619,05/12/2025,20:51:54,NS012,C00365,P0006,3,399,20,957.6,UPI
TXN0006424,06-06-2025,19:58:19,NS013,C00455,P0024,2,449,0,898.0,Debit Card
TXN0001890,2025-10-26,16:38:03,NS009,C00310,P0024,5,449,15,1908.25,
TXN0004211,2025-02-23,15:22:39,NS012,C00452,P0020,4,3999,0,15996.0,UPI
TXN0000096,30/04/2025,21:35:48,NS008,C00473,P0022,1,189,10,170.1,UPI
TXN0001928,08-09-2025,15:13:04,NS010,C00366,P0048,3,399,15,1017.45,Wallet
TXN0000976,05/08/2025,17:05:47,NS013,C00330,P0030,1,399,5,379.05,Credit Card
TXN0001178,27/02/2025,21:46:15,NS006,C00168,P0014,3,899,15,2292.45,
TXN0000986,2025-07-07,11:50:36,NS007,C00043,P0036,3,349,0,1047.0,Debit Card
TXN0003729,30/05/2025,11:52:30,NS001,C00051,P0043,1,349,0,349.0,UPI
TXN0006307,2025-10-19,14:36:07,NS004,C00101,P0006,1,399,0,399.0,Credit Card
TXN0001231,2025-10-29,19:50:06,NS001,C00004,P0013,3,1299,0,3897.0,Debit Card
TXN0000950,11/05/2025,13:55:42,NS009,C00318,P0048,4,399,0,1596.0,Cash
TXN0000886,2025-02-11,18:30:59,NS011,C00068,P0050,2 pcs,1499,0,2998.0,Debit Card
TXN0000523,2025-02-21,19:25:44,NS004,C00484,P0043,2,349,20,558.4,UPI
TXN0002928,07/07/2025,11:31:38,NS005,C00223,P0030,2,399,0,798.0,Wallet
TXN0001940,2025-06-13,11:21:48,NS008,C00055,P0027,3,249,0,747.0,
TXN0000546,2025-07-19,17:00:21,NS006,C00328,P0023,4,159,0,636.0,Debit Card
TXN0001716,2025-09-22,20:17:04,NS011,C00013,P0001,3,2499,10,6747.3,UPI
TXN0004929,2025-07-19,18:08:07,NS013,C00252,P0047,3,449,0,1347.0,Cash
TXN0005246,06/23/2025,10:11:06,NS014,C00428,P0039,3,179,0,537.0,UPI
TXN0002039,06/01/2025,14:12:43,NS010,C00107,P0006,4,399,20,1276.8,Debit Card
TXN0003227,01/08/2025,14:59:51,NS005,C00363,P0046,3,199,10,537.3,
TXN0000825,11/10/2025,17:54:51,NS002,C00150,P0043,2,349,0,698.0,Cash
TXN0004174,2025-08-03,10:39:17,NS010,C00355,P0033,2,999,0,1998.0,
TXN0003541,2025-08-13,14:32:39,NS013,C00191,P0016,3,999,0,2997.0,UPI
TXN0003085,2025-02-03,15:32:55,NS014,C00021,P0048,1,399,0,399.0,Wallet
TXN0006300,04/12/2025,13:55:30,NS009,C00089,P0013,2 pcs,1299,20,2078.4,Cash
TXN0003851,2025-08-11,11:51:24,NS001,C00213,P0005,2,1899,5,3608.1,UPI
TXN0000061,2025-07-20,10:56:36,NS013,C00026,P0048,2,399,15,678.3,Cash
TXN0000726,29-03-2025,18:44:52,NS006,C00452,P0038,5,149,0,745.0,Debit Card
TXN0000514,2025-03-13,14:23:36,NS007,C00035,P0021,3,599,0,1797.0,Credit Card
TXN0000021,17/10/2025,19:42:34,NS014,C00240,P0023,2,159,5,302.1,Wallet
TXN0000248,2025-06-01,15:09:00,NS015,C00230,P0002,2,3299,15,5608.3,Debit Card
TXN0003754,2025-06-13,16:16:30,NS008,C00495,P0018,1,2499,20,1999.2,UPI
TXN0003148,23/04/2025,10:51:35,NS003,C00524,P0037,1,699,15,594.15,UPI
TXN0002608,2025-07-10,12:44:10,NS003,C00050,P0021,3,599,0,1797.0,Debit Card
TXN0002912,2025-12-14,17:30:28,NS005,C00356,P0009,4,2199,0,8796.0,Credit Card
TXN0004314,25/09/2025,21:53:18,NS002,C00053,P0037,2,699,0,1398.0,Cash
TXN0001038,31/05/2025,10:54:47,NS006,C00056,P0030,4,399,0,1596.0,Wallet
TXN0002853,2025-06-08,21:28:49,NS013,C00203,P0043,4,349,10,1256.4,Wallet
TXN0000946,2025-07-31,13:09:18,NS005,C00182,P0028,1,25,20,20.0,Wallet
TXN0001392,28-01-2025,11:57:47,NS014,C00365,P0007,1,799,0,799.0,UPI
TXN0001283,23-01-2025,12:30:32,NS005,C00129,P0046,1,199,0,199.0,Wallet
TXN0000623,2025-09-26,10:00:22,NS015,C00229,P0006,2,399,0,798.0,Cash
TXN0002679,27/12/2025,11:02:05,NS001,C00177,P0040,4,599,10,2156.4,Wallet
TXN0005513,2025-06-09,19:05:30,NS004,C00303,P0006,2,399,5,758.1,Cash
TXN0003743,10/08/2025,15:12:53,NS007,C00303,P0025,2,49,0,98.0,UPI
TXN0001436,19/09/2025,10:45:23,NS009,C00158,P0028,3,25,15,63.75,Wallet
TXN0001791,13-06-2025,10:34:17,NS001,C00255,P0039,3,179,0,537.0,UPI
TXN0003330,2025-05-29,15:40:13,NS004,C00189,P0046,2 pcs,199,15,338.3,Credit Card
TXN0003037,04/22/2025,18:39:45,NS006,C00256,P0006,2 pcs,399,10,718.2,Debit Card
TXN0003649,2025-02-17,12:21:59,NS011,C00445,P0042,1,299,10,269.1,Wallet
TXN0003656,12-12-2025,21:28:02,NS012,C00523,P0007,1,799,0,799.0,Credit Card
TXN0003990,22/02/2025,11:38:49,NS013,C00287,P0016,2,999,20,1598.4,Cash
TXN0000064,20/06/2025,12:04:49,NS010,C00450,P0049,1,199,20,159.2,Wallet
TXN0003313,2025-09-08,14:16:28,NS007,C00067,P0029,1,199,20,159.2,Credit Card
TXN0001722,14-12-2025,21:14:25,NS009,C00069,P0024,3,449,0,1347.0,Wallet
TXN0005737,20/12/2025,15:50:40,NS010,C00517,P0032,1,799,15,679.15,Credit Card
TXN0004594,2025-12-23,10:49:30,NS007,C00450,P0022,2,189,0,378.0,Cash
TXN0001012,07/07/2025,21:50:21,NS004,C00505,P0026,2,299,15,508.3,Cash
TXN0002171,13/02/2025,20:12:41,NS005,C00255,P0028,3,25,10,67.5,UPI
TXN0000111,24/12/2025,12:58:31,NS007,C00125,P0024,1,449,0,449.0,Wallet
TXN0004959,2025-08-30,09:02:01,NS004,C00396,P0027,5,249,10,1120.5,Debit Card
TXN0005398,2025-04-09,17:28:54,NS013,C00184,P0032,2,799,15,1358.3,Cash
TXN0003356,2025-01-15,18:47:12,NS005,C00481,P0027,3,249,0,747.0,UPI
TXN0004003,2025-08-12,14:16:58,NS009,C00341,P0025,1,49,10,44.1,Debit Card
TXN0003594,11/09/2025,14:37:01,NS014,C00323,P0008,3,3499,0,10497.0,UPI
TXN0005595,2025-02-26,12:35:57,NS014,C00468,P0050,3,1499,0,4497.0,Wallet
TXN0006076,19-12-2025,13:22:02,NS013,C00514,P0021,2,599,5,1138.1,Wallet
TXN0002649,09/04/2025,18:03:16,NS011,C00421,P0003,1,4999,0,4999.0,UPI
TXN0002291,15/02/2025,15:02:19,NS008,C00315,P0029,2,199,0,398.0,Wallet
TXN0002824,2025-04-27,15:32:21,NS003,C00153,P0018,4,2499,15,8496.6,Debit Card
TXN0005404,02/25/2025,13:27:53,NS007,C00055,P0007,2,799,0,1598.0,Credit Card
TXN0003317,11-05-2025,12:40:15,NS010,C00052,P0028,2,25,20,40.0,Wallet
TXN0002450,2025-06-02,13:04:25,NS005,C00511,P0040,1,599,0,599.0,Cash
TXN0000682,28-12-2025,21:11:32,NS003,C00456,P0002,5,3299,0,16495.0,Wallet
TXN0000165,07/13/2025,20:47:46,NS007,C00448,P0015,2,1799,5,3418.1,Cash
TXN0002663,21/03/2025,13:58:52,NS006,C00182,P0024,2,449,0,898.0,Debit Card
TXN0002968,07/10/2025,18:12:11,NS012,C00124,P0016,2,999,15,1698.3,Credit Card
TXN0001396,2025-10-09,12:18:56,NS003,C00196,P0027,1,249,0,249.0,Cash
TXN0004908,18/07/2025,19:57:16,NS010,C00030,P0028,1,25,0,25.0,Debit Card
TXN0005424,2025-11-11,09:13:11,NS003,C00442,P0002,2,3299,0,6598.0,Credit Card
TXN0000228,08/31/2025,12:34:46,NS003,C00045,P0009,2,2199,15,3738.3,Wallet
TXN0005508,2025-08-22,09:32:38,NS007,C00168,P0036,3,349,20,837.6,Cash
TXN0002312,2025-03-05,11:26:52,NS009,C00129,P0010,3,599,0,1797.0,Debit Card
TXN0001761,24-07-2025,13:53:56,NS015,C00523,P0035,1,449,0,449.0,Credit Card
TXN0003466,07/03/2025,15:43:46,NS006,C00069,P0048,3,399,5,1137.15,Credit Card
TXN0006268,2025-05-11,20:32:56,NS001,C00363,P0026,5,299,0,1495.0,Credit Card
TXN0000888,07-09-2025,16:59:25,NS010,C00220,P0026,4,299,0,1196.0,Credit Card
TXN0001064,22-06-2025,18:32:35,NS011,C00068,P0042,1,299,5,284.05,Credit Card
TXN0000258,23-10-2025,21:47:14,NS012,C00090,P0016,2,999,0,1998.0,
TXN0006028,2025-11-25,17:01:09,NS003,C00184,P0044,2,279,5,530.1,Debit Card
TXN0001666,2025-11-26,12:37:31,NS005,C00383,P0002,2,3299,0,6598.0,Wallet
TXN0004041,2025-08-16,14:14:11,NS001,C00380,P0045,2,499,10,898.2,Cash
TXN0002463,2025-10-26,15:08:22,NS010,C00082,P0034,5,299,0,1495.0,Cash
TXN0005106,2025-01-28,19:48:36,NS007,C00073,P0002,3,3299,5,9402.15,Wallet
TXN0002365,20/06/2025,16:29:54,NS004,C00295,P0040,2,599,0,1198.0,Cash
TXN0005312,05-10-2025,16:38:10,NS008,C00480,P0025,4,49,0,196.0,UPI
TXN0004614,10/03/2025,14:10:54,NS004,C00303,P0026,3,299,0,897.0,Credit Card
TXN0003775,12-02-2025,09:26:38,NS007,C00460,P0012,1,1499,0,1499.0,Wallet
TXN0000806,08/05/2025,19:25:00,NS012,C00308,P0022,2,189,10,340.2,UPI
TXN0003226,2025-10-21,19:59:15,NS007,C00093,P0032,3,799,5,2277.15,Wallet
TXN0001351,23-03-2025,12:24:02,NS002,C00015,P0032,1,799,0,799.0,Debit Card
TXN0006084,29/10/2025,21:14:09,NS006,C00226,P0016,1,999,10,899.1,Wallet
TXN0005811,2025-08-30,10:02:57,NS001,C00292,P0036,4,349,10,1256.4,Credit Card
TXN0006097,24/10/2025,09:44:33,NS008,C00035,P0005,2,1899,15,3228.3,Cash
TXN0002330,07/03/2025,18:22:56,NS002,C00419,P0031,1,1299,0,1299.0,
TXN0001913,07/05/2025,21:24:01,NS008,C00213,P0020,2,3999,15,6798.3,Debit Card
TXN0004846,02/03/2025,10:31:03,NS009,C00157,P0037,2,699,0,1398.0,Cash
TXN0000185,04-12-2025,11:55:38,NS012,C00185,P0001,3,2499,20,5997.6,Credit Card
TXN0002710,2025-12-24,17:54:11,NS009,C00500,P0035,1,449,15,381.65,Debit Card
TXN0002743,01/06/2025,14:09:03,NS013,C00210,P0003,2,4999,20,7998.4,Debit Card
TXN0002233,2025-03-28,17:55:54,NS005,C00160,P0043,3,349,0,1047.0,UPI
TXN0001034,2025-03-18,21:49:19,NS014,C00522,P0018,3,2499,0,7497.0,Cash
TXN0005821,05/06/2025,16:15:57,NS012,C00141,P0015,1,1799,0,1799.0,Credit Card
TXN0006517,2025-02-04,11:00:00,NS002,C00246,P9809,1,1218,0,3824,Cash
TXN0002780,2025-02-22,09:55:12,NS015,C00385,P0005,1,1899,0,1899.0,Debit Card
TXN0006312,07/10/2025,09:52:53,NS014,C00089,P0049,3,199,0,597.0,UPI
TXN0006326,2025-08-30,18:33:57,NS007,C00441,P0032,5,799,10,3595.5,Cash
TXN0004931,12-02-2025,17:18:32,NS010,C00263,P0023,2,159,5,302.1,Wallet
TXN0002626,13-05-2025,18:29:25,NS012,C00249,P0004,3,1499,0,4497.0,Cash
TXN0005149,25/02/2025,13:49:38,NS002,C00419,P0049,2,199,0,398.0,UPI
TXN0000461,2025-05-29,12:56:54,NS013,C00419,P0004,3,1499,10,4047.3,Credit Card
TXN0005591,2025-11-08,15:20:31,NS002,C00189,P0022,3,189,5,538.65,Credit Card
TXN0004354,18-08-2025,20:53:36,NS012,C00203,P0016,1,999,0,999.0,Credit Card
TXN0005866,24-03-2025,21:14:21,NS001,C00189,P0012,2,1499,20,2398.4,Credit Card
TXN0005420,06/06/2025,19:36:52,NS001,C00529,P0006,3,399,0,1197.0,UPI
TXN0003406,05/29/2025,10:04:06,NS008,C00348,P0017,3,1199,5,3417.15,Credit Card
TXN0006449,08-02-2025,19:39:20,NS011,C00127,P0023,2,159,0,318.0,UPI
TXN0004802,06-07-2025,21:26:59,NS004,C00444,P0038,5,149,10,670.5,Cash
TXN0002297,01-10-2025,14:13:39,NS015,C00374,P0041,1,249,0,249.0,Debit Card
TXN0002152,19/12/2025,09:19:21,NS001,C00190,P0036,1,349,5,331.55,UPI
TXN0004915,2025-02-18,11:17:05,NS011,C00453,P0001,3,2499,20,5997.6,Cash
TXN0005543,18/05/2025,21:14:17,NS012,C00384,P0008,5,3499,10,15745.5,Credit Card
TXN0000455,2025-05-25,19:56:05,NS009,C00220,P0001,4,2499,0,9996.0,Debit Card
TXN0004087,2025-09-12,17:03:35,NS015,C00320,P0013,2,1299,0,2598.0,Credit Card
TXN0006476,08/18/2025,16:15:05,NS002,C00010,P0011,2,599,0,1198.0,Debit Card
TXN0000676,02/18/2025,18:44:43,NS007,C00418,P0025,3,49,20,117.6,UPI
TXN0001198,24-03-2025,10:11:09,NS005,C00186,P0049,2,199,15,338.3,Debit Card
TXN0006462,2025-04-22,19:44:35,NS005,C00337,P0030,3,399,5,1137.15,Credit Card
TXN0006077,23-09-2025,18:32:54,NS014,C00045,P0025,3,49,0,147.0,Credit Card
TXN0000661,2025-02-17,18:58:56,NS011,C00415,P0017,1,1199,10,1079.1,Wallet
TXN0005628,2025-06-11,18:22:38,NS003,C00103,P0017,2,1199,0,2398.0,Cash
TXN0001109,05/07/2025,18:21:16,NS014,C00260,P0037,2,699,0,1398.0,UPI
TXN0000610,06/11/2025,19:13:12,NS005,C00168,P0028,2,25,0,50.0,UPI
TXN0005984,2025-03-04,12:22:21,NS005,C00146,P0035,2,449,15,763.3,Wallet
TXN0001844,2025-08-21,14:36:59,NS001,C00441,P0011,1,599,0,599.0,UPI
TXN0001381,24/03/2025,16:26:43,NS004,C00437,P0020,1,3999,0,3999.0,Credit Card
TXN0002151,10/15/2025,10:26:08,NS006,C00360,P0008,2,3499,0,6998.0,UPI
TXN0003893,05/04/2025,11:21:24,NS008,C00511,P0009,3,2199,0,6597.0,UPI
TXN0003249,02-01-2025,13:04:29,NS006,C00013,P0011,3,599,5,1707.15,Cash
TXN0002525,2025-01-07,15:25:27,NS001,C00118,P0012,1,1499,0,1499.0,Debit Card
TXN0005605,2025-01-23,20:25:30,NS012,C00317,P0002,2 pcs,3299,0,6598.0,Wallet
TXN0004532,27/03/2025,11:11:10,NS009,C00229,P0013,3,1299,0,3897.0,UPI
TXN0006075,19/04/2025,19:20:40,NS003,C00260,P0029,5,199,15,845.75,Credit Card
TXN0002840,2025-01-12,10:38:32,NS006,C00431,P0023,3,159,0,477.0,Cash
TXN0002162,30-03-2025,09:32:16,NS009,C00122,P0033,4,999,15,3396.6,UPI
TXN0005079,2025-05-03,20:50:47,NS008,C00437,P0012,3,1499,10,4047.3,Wallet
TXN0006248,15/12/2025,20:19:29,NS013,C00415,P0025,1,49,0,49.0,Wallet
TXN0001544,2025-10-13,20:24:16,NS014,C00417,P0014,1,899,0,899.0,Credit Card
TXN0001168,2025-09-16,20:48:25,NS010,C00489,P0043,3,349,0,1047.0,Credit Card
TXN0002228,2025-08-24,21:57:12,NS006,C00096,P0027,4,249,0,996.0,Cash
TXN0000002,11/12/2025,14:50:30,NS013,C00166,P0040,1,599,5,569.05,Cash
TXN0003848,19-11-2025,21:14:49,NS006,C00513,P0001,2,2499,0,4998.0,UPI
TXN0003973,2025-01-28,09:01:33,NS002,C00202,P0014,3,899,5,2562.15,Wallet
TXN0003414,2025-03-29,20:12:04,NS001,C00516,P0006,2,399,5,758.1,Debit Card
TXN0002038,2025-06-19,16:46:18,NS014,C00251,P0029,1,199,0,199.0,Wallet
TXN0006367,02/12/2025,10:55:14,NS007,C00390,P0020,3,3999,0,11997.0,Wallet
TXN0000100,01/17/2025,11:21:36,NS011,C00401,P0025,1,49,15,41.65,Cash
TXN0002425,2025-02-25,18:30:25,NS005,C00461,P0024,2,449,10,808.2,Debit Card
TXN0003426,2025-07-08,20:59:53,NS006,C00280,P0030,2,399,20,638.4,Debit Card
TXN0003262,2025-10-07,16:00:18,NS001,C00495,P0041,3,249,0,747.0,Debit Card
TXN0001921,2025-07-13,10:38:47,NS007,C00426,P0027,4,249,0,996.0,Cash
TXN0005640,22/03/2025,19:36:52,NS002,C00523,P0047,2,449,10,808.2,
TXN0002883,11-02-2025,19:46:08,NS014,C00236,P0044,3,279,0,837.0,UPI
TXN0001853,2025-06-03,19:10:21,NS007,C00473,P0048,3,399,20,957.6,Cash
TXN0004629,05-09-2025,19:40:57,NS014,C00393,P0046,1,199,0,199.0,Debit Card
TXN0004202,2025-04-01,09:43:37,NS007,C00308,P0005,1,1899,0,1899.0,Credit Card
TXN0004548,05/16/2025,20:20:36,NS007,C00310,P0031,1,1299,0,1299.0,UPI
TXN0004346,14/01/2025,15:25:23,NS013,C00284,P0037,2,699,20,1118.4,Cash
TXN0004059,2025-11-07,15:12:26,NS009,C00030,P0023,1,159,20,127.2,UPI
TXN0002080,2025-10-20,15:28:22,NS010,C00534,P0013,3,1299,0,3897.0,UPI
TXN0002803,2025-11-23,20:30:06,NS014,C00085,P0022,5,189,0,945.0,Cash
TXN0001476,2025-09-29,15:56:41,NS013,C00036,P0002,1,3299,0,3299.0,Debit Card
TXN0006515,2025-04-01,14:00:00,NS002,C00292,P9170,3,1451,0,3271,Cash
TXN0001773,15/04/2025,18:31:20,NS003,C00482,P0009,1,2199,15,1869.15,Credit Card
TXN0006244,11/03/2025,11:03:31,NS011,C00515,P0007,3,799,20,1917.6,Credit Card
TXN0004053,06/10/2025,10:58:18,NS007,C00239,P0042,1,299,20,239.2,Wallet
TXN0001954,27-07-2025,10:21:44,NS003,C00393,P0026,3,299,10,807.3,Wallet
TXN0005413,2025-09-22,18:32:41,NS001,C00279,P0025,3,49,20,117.6,UPI
TXN0004318,2025-08-20,14:54:50,NS006,C00270,P0026,1,299,15,254.15,Wallet
TXN0005475,2025-01-15,21:36:57,NS013,C00157,P0022,2,189,0,378.0,Cash
TXN0005286,27/04/2025,17:48:50,NS012,C00309,P0011,2,599,15,1018.3,Debit Card
TXN0005447,2025-09-07,09:50:25,NS007,C00332,P0004,4,1499,10,5396.4,Debit Card
TXN0004658,2025-11-23,19:36:22,NS008,C00145,P0022,4,189,10,680.4,UPI
TXN0005604,2025-03-07,19:49:54,NS003,C00059,P0004,1,1499,10,1349.1,UPI
TXN0005934,2025-05-18,14:15:31,NS005,C00142,P0018,5,2499,5,11870.25,Cash
TXN0005778,31/08/2025,19:30:34,NS015,C00524,P0006,4,399,15,1356.6,Wallet
TXN0000562,03/03/2025,18:41:34,NS012,C00025,P0029,2,199,0,398.0,Credit Card
TXN0003099,15-07-2025,10:36:05,NS010,C00431,P0038,3,149,0,447.0,UPI
TXN0002358,19-02-2025,18:49:10,NS006,C00211,P0044,1,279,15,237.15,Credit Card
TXN0004946,03/04/2025,21:38:39,NS005,C00186,P0036,1,349,20,279.2,Wallet
TXN0000028,09/07/2025,09:33:09,NS002,C00381,P0020,2,3999,5,7598.1,Credit Card
TXN0005463,23/02/2025,19:34:05,NS004,C00519,P0024,3,449,0,1347.0,
TXN0003048,2025-05-10,09:18:09,NS002,C00523,P0028,4,25,5,95.0,Debit Card
TXN0003128,20/02/2025,20:30:35,NS003,C00061,P0046,2,199,0,398.0,
TXN0001274,20-04-2025,11:58:56,NS006,C00266,P0029,5,199,10,895.5,Cash
TXN0000211,2025-08-29,13:23:27,NS015,C00187,P0035,2,449,0,898.0,Debit Card
TXN0003896,2025-11-30,20:31:55,NS005,C00185,P0007,3,799,0,2397.0,Cash
TXN0000793,14-04-2025,09:42:17,NS014,C00193,P0016,3,999,20,2397.6,Cash
TXN0000418,2025-10-01,18:46:36,NS013,C00532,P0017,1,1199,15,1019.15,Debit Card
TXN0004387,08/09/2025,12:22:11,NS008,C00350,P0027,2,249,0,498.0,Cash
TXN0005833,19/08/2025,10:11:16,NS001,C00297,P0038,1,149,15,126.65,UPI
TXN0001339,2025-03-17,16:29:28,NS003,C00441,P0026,3,299,10,807.3,Debit Card
TXN0005992,2025-03-15,09:26:09,NS015,C00074,P0047,3,449,15,1144.95,Cash
TXN0004261,12/08/2025,10:56:19,NS004,C00523,P0030,2,399,20,638.4,UPI
TXN0002140,14-12-2025,16:16:03,NS012,C00390,P0035,4,449,0,1796.0,Credit Card
TXN0005165,20/10/2025,19:05:58,NS008,C00412,P0037,3,699,0,2097.0,UPI
TXN0004052,11/06/2025,18:50:17,NS006,C00431,P0036,1,349,10,314.1,Cash
TXN0004069,2025-10-01,13:26:57,NS013,C00326,P0035,2,449,20,718.4,UPI
TXN0001845,2025-12-28,21:32:42,NS006,C00414,P0017,4,1199,0,4796.0,Credit Card
TXN0004690,19/10/2025,11:45:18,NS001,C00341,P0049,4,199,5,756.2,Cash
TXN0001603,21/02/2025,18:31:49,NS004,C00083,P0034,1,299,20,239.2,UPI
TXN0001262,28-08-2025,12:56:50,NS013,C00369,P0029,2,199,0,398.0,Credit Card
TXN0004632,18-09-2025,21:50:44,NS003,C00271,P0042,1,299,15,254.15,Credit Card
TXN0004223,19-01-2025,14:42:04,NS013,C00347,P0007,2,799,0,1598.0,UPI
TXN0005802,2025-08-20,13:06:24,NS005,C00419,P0045,2,499,0,998.0,UPI
TXN0006390,2025-10-24,10:41:26,NS006,C00076,P0020,3,3999,0,11997.0,Cash
TXN0005717,2025-06-02,18:50:38,NS013,C00521,P0037,1,699,20,559.2,Cash
TXN0004874,28/04/2025,11:32:48,NS002,C00057,P0010,3,599,20,1437.6,UPI
TXN0002116,2025-08-06,21:26:25,NS003,C00026,P0033,1,999,0,999.0,UPI
TXN0005452,2025-03-03,20:32:19,NS001,C00018,P0001,1,2499,0,2499.0,UPI
TXN0004825,2025-11-10,18:48:06,NS011,C00387,P0029,3,199,20,477.6,Credit Card
TXN0004000,2025-08-30,17:45:54,NS001,C00034,P0020,3,3999,0,11997.0,Cash
TXN0006049,2025-05-10,18:03:56,NS007,C00479,P0033,3,999,0,2997.0,UPI
TXN0000947,03/02/2025,14:19:41,NS004,C00461,P0013,3,1299,5,3702.15,Debit Card
TXN0000796,2025-11-24,11:37:25,NS006,C00479,P0023,2,159,0,318.0,Debit Card
TXN0000692,09/07/2025,09:58:13,NS002,C00469,P0012,1,1499,10,1349.1,Cash
TXN0003640,06-12-2025,15:58:04,NS004,C00264,P0002,5,3299,20,13196.0,UPI
TXN0005877,2025-04-28,13:11:50,NS009,C00036,P0039,1,179,0,179.0,Credit Card
TXN0001162,2025-02-27,16:01:46,NS014,C00516,P0041,3,249,5,709.65,Wallet
TXN0006438,25-05-2025,09:15:41,NS001,C00218,P0027,4,249,0,996.0,Wallet
TXN0002992,04/13/2025,19:02:29,NS011,C00381,P0028,1,25,10,22.5,UPI
TXN0001415,21-07-2025,13:45:16,NS015,C00520,P0047,3,449,0,1347.0,UPI
TXN0002530,02/26/2025,09:44:09,NS007,C00390,P0041,3,249,0,747.0,Credit Card
TXN0005435,08-08-2025,18:17:27,NS009,C00294,P0024,3,449,0,1347.0,Cash
TXN0000915,2025-08-07,11:23:06,NS013,C00296,P0020,3,3999,0,11997.0,Cash
TXN0002991,17-05-2025,17:35:42,NS010,C00324,P0048,5,399,0,1995.0,Cash
TXN0000390,2025-07-13,19:36:35,NS004,C00201,P0017,4,1199,20,3836.8,Credit Card
TXN0001721,05-10-2025,19:54:22,NS015,C00426,P0017,4,1199,20,3836.8,UPI
TXN0005597,2025-11-26,09:53:15,NS002,C00329,P0031,3,1299,20,3117.6,Cash
TXN0004634,2025-04-14,15:04:16,NS014,C00401,P0002,1,3299,20,2639.2,Credit Card
TXN0003526,2025-12-30,13:46:31,NS005,C00250,P0026,3,299,0,897.0,Wallet
TXN0002855,02/19/2025,13:58:49,NS012,C00375,P0041,3,249,0,747.0,Cash
TXN0000785,08/23/2025,18:48:10,NS015,C00504,P0031,5,1299,5,6170.25,
TXN0001863,01-08-2025,11:18:43,NS001,C00366,P0005,2,1899,15,3228.3,Credit Card
TXN0005046,2025-03-04,10:47:52,NS002,C00065,P0029,2,199,0,398.0,Debit Card
TXN0004447,24/10/2025,19:55:07,NS014,C00524,P0001,1,2499,0,2499.0,Cash
TXN0000515,2025-01-05,16:21:21,NS011,C00103,P0012,3,1499,5,4272.15,UPI
TXN0004289,29/09/2025,12:28:39,NS011,C00227,P0039,3,179,10,483.3,Wallet
TXN0000281,2025-02-15,20:49:29,NS005,C00485,P0017,4,1199,0,4796.0,Cash
TXN0003986,10-02-2025,17:27:28,NS003,C00519,P0032,2,799,5,1518.1,Debit Card
TXN0005718,2025-12-25,19:31:33,NS015,C00528,P0004,1,1499,0,1499.0,UPI
TXN0001916,2025-03-26,19:06:25,NS010,C00074,P0042,2,299,0,598.0,UPI
TXN0001277,2025-07-21,19:39:13,NS005,C00013,P0014,3,899,0,2697.0,Cash
TXN0002575,2025-04-07,19:39:37,NS002,C00424,P0030,2,399,5,758.1,Cash
TXN0000466,29-05-2025,14:21:26,NS004,C00255,P0001,1,2499,0,2499.0,Wallet
TXN0002988,2025-12-04,19:00:55,NS005,C00269,P0040,1,599,20,479.2,UPI
TXN0004236,2025-01-06,09:16:54,NS009,C00498,P0006,1,399,0,399.0,
TXN0001060,2025-12-18,18:09:46,NS002,C00179,P0005,3,1899,0,5697.0,Credit Card
TXN0001914,2025-12-30,11:46:07,NS006,C00366,P0035,2,449,0,898.0,Debit Card
TXN0002055,2025-03-26,21:36:18,NS012,C00377,P0008,1,3499,5,3324.05,Debit Card
TXN0001120,10-11-2025,09:36:26,NS008,C00085,P0014,3,899,20,2157.6,Cash
TXN0002248,2025-08-19,14:52:53,NS001,C00356,P0011,3,599,10,1617.3,Wallet
TXN0003570,25-12-2025,13:38:03,NS009,C00291,P0043,2,349,5,663.1,Wallet
TXN0005531,09/09/2025,10:06:30,NS003,C00153,P0016,1,999,10,899.1,Wallet
TXN0006405,05/11/2025,20:11:44,NS009,C00407,P0016,1,999,20,799.2,
TXN0005457,2025-01-19,14:38:05,NS014,C00126,P0034,4,299,0,1196.0,Credit Card
TXN0003553,2025-06-23,14:46:30,NS014,C00137,P0026,1,299,0,299.0,UPI
TXN0002076,2025-08-23,17:03:12,NS001,C00013,P0007,4,799,10,2876.4,Debit Card
TXN0004311,2025-10-29,14:57:02,NS002,C00414,P0024,2,449,10,808.2,Credit Card
TXN0004074,05/28/2025,10:21:50,NS006,C00499,P0035,3,449,0,1347.0,UPI
TXN0002188,2025-01-07,17:37:45,NS005,C00498,P0028,2,25,0,50.0,Cash
TXN0001342,01/13/2025,16:54:43,NS003,C00132,P0005,2,1899,0,3798.0,Credit Card
TXN0000721,2025-02-03,09:58:55,NS014,C00055,P0022,1,189,10,170.1,Credit Card
TXN0005000,2025-10-17,13:46:37,NS002,C00006,P0025,2,49,15,83.3,Wallet
TXN0005220,2025-10-04,11:54:29,NS012,C00174,P0013,1,1299,0,1299.0,Debit Card
TXN0001616,27/03/2025,19:55:53,NS008,C00004,P0031,1,1299,20,1039.2,Wallet
TXN0003698,2025-10-21,20:18:49,NS011,C00336,P0038,1,149,0,149.0,Cash
TXN0000337,2025-09-28,16:42:31,NS005,C00330,P0050,4,1499,0,5996.0,Cash
TXN0001431,2025-04-22,18:20:20,NS013,C00412,P0015,2,1799,0,3598.0,Debit Card
TXN0002476,2025-11-12,15:58:44,NS008,C00489,P0006,2,399,0,798.0,Wallet
TXN0001360,2025-07-17,19:03:32,NS013,C00294,P0043,2,349,0,698.0,Wallet
TXN0005932,2025-03-23,20:51:09,NS011,C00510,P0020,4,3999,0,15996.0,Cash
TXN0005300,2025-12-20,12:08:31,NS010,C00139,P0007,4,799,0,3196.0,UPI
TXN0004979,2025-03-10,13:59:10,NS011,C00060,P0047,2,449,0,898.0,Debit Card
TXN0003706,16/05/2025,14:32:44,NS008,C00188,P0018,1,2499,0,2499.0,Debit Card
TXN0002173,2025-01-09,19:37:07,NS011,C00479,P0039,1,179,15,152.15,Credit Card
TXN0000757,2025-05-25,14:51:44,NS014,C00132,P0024,5,449,20,1796.0,Cash
TXN0001473,2025-01-01,19:22:46,NS007,C00413,P0007,3,799,10,2157.3,UPI
TXN0004739,2025-01-26,20:31:52,NS005,C00522,P0039,3,179,0,537.0,Credit Card
TXN0003693,06/19/2025,19:44:56,NS010,C00253,P0024,3,449,5,1279.65,Debit Card
TXN0002798,27/08/2025,10:08:43,NS012,C00291,P0041,3,249,10,672.3,Debit Card
TXN0000724,09/30/2025,15:10:35,NS009,C00481,P0045,2,499,0,998.0,Cash
TXN0004951,2025-04-26,12:14:08,NS005,C00233,P0001,5,2499,20,9996.0,UPI
TXN0005201,14/02/2025,10:40:12,NS002,C00202,P0023,2,159,0,318.0,Cash
TXN0003891,09/30/2025,20:41:03,NS007,C00515,P0013,1,1299,0,1299.0,UPI
TXN0006490,20/12/2025,14:26:16,NS014,C00359,P0048,1,399,5,379.05,Credit Card
TXN0004944,12/16/2025,21:50:11,NS007,C00232,P0011,1,599,5,569.05,Credit Card
TXN0005418,19/06/2025,17:59:36,NS010,C00512,P0012,2,1499,5,2848.1,
TXN0003047,2025-04-25,09:23:26,NS002,C00262,P0028,2,25,0,50.0,Credit Card
TXN0005568,07-05-2025,10:42:41,NS005,C00227,P0035,2,449,0,898.0,Debit Card
TXN0003212,10/11/2025,19:19:02,NS003,C00197,P0009,1,2199,10,1979.1,Wallet
TXN0002834,04/08/2025,15:34:01,NS015,C00396,P0019,2,799,10,1438.2,
TXN0004551,02-06-2025,20:42:57,NS015,C00213,P0031,1,1299,10,1169.1,UPI
TXN0003145,09-07-2025,09:44:43,NS014,C00505,P0010,2,599,20,958.4,UPI
TXN0002014,19/06/2025,14:58:31,NS013,C00382,P0038,3,149,5,424.65,Cash
TXN0006401,2025-07-17,11:21:20,NS005,C00523,P0048,1,399,15,339.15,Wallet
TXN0001397,2025-05-08,16:18:11,NS005,C00417,P0014,3,899,0,2697.0,Cash
TXN0004622,26/06/2025,12:01:30,NS001,C00478,P0039,1,179,0,179.0,Credit Card
TXN0003376,05/09/2025,14:13:41,NS014,C00024,P0019,3,799,0,2397.0,Credit Card
TXN0005205,20/05/2025,10:13:40,NS012,C00322,P0045,3,499,20,1197.6,Credit Card
TXN0000879,2025-04-10,11:27:35,NS010,C00262,P0014,1,899,0,899.0,UPI
TXN0001601,2025-10-08,10:09:05,NS006,C00444,P0017,3,1199,10,3237.3,UPI
TXN0003052,06/04/2025,17:55:59,NS008,C00434,P0027,2,249,0,498.0,Debit Card
TXN0005919,2025-04-21,09:58:48,NS002,C00179,P0015,1,1799,10,1619.1,Debit Card
TXN0004885,2025-09-15,13:55:10,NS007,C00269,P0025,3,49,20,117.6,Wallet
TXN0002763,25/11/2025,10:05:41,NS014,C00057,P0021,3,599,20,1437.6,
TXN0002265,2025-09-20,09:46:53,NS002,C00023,P0050,1,1499,0,1499.0,Debit Card
TXN0002818,14-08-2025,19:11:39,NS007,C00356,P0004,2,1499,5,2848.1,Credit Card
TXN0002208,2025-12-13,18:46:50,NS014,C00534,P0042,3,299,20,717.6,Credit Card
TXN0005828,2025-06-30,14:44:27,NS014,C00301,P0020,1,3999,0,3999.0,Debit Card
TXN0005530,2025-07-06,16:36:05,NS008,C00461,P0026,1,299,15,254.15,Cash
TXN0004591,2025-04-19,15:03:23,NS001,C00185,P0039,5,179,0,895.0,Debit Card
TXN0000363,25-05-2025,10:03:31,NS005,C00006,P0028,3,25,0,75.0,Cash
TXN0000748,10/06/2025,20:12:14,NS010,C00175,P0003,3,4999,10,13497.3,Debit Card
TXN0004904,01/02/2025,16:53:50,NS010,C00389,P0043,1,349,15,296.65,Cash
TXN0004161,2025-08-19,21:20:03,NS010,C00286,P0043,3,349,0,1047.0,UPI
TXN0002851,2025-02-03,15:00:51,NS002,C00127,P0003,3,4999,0,14997.0,Credit Card
TXN0006014,2025-01-20,16:37:33,NS003,C00213,P0046,1,199,0,199.0,Debit Card
TXN0004541,2025-09-02,11:47:44,NS011,C00196,P0001,1,2499,20,1999.2,Cash
TXN0003838,2025-01-10,09:38:57,NS003,C00027,P0004,2,1499,15,2548.3,UPI
TXN0000705,2025-07-20,13:32:04,NS004,C00189,P0041,2,249,10,448.2,Debit Card
TXN0004536,2025-12-12,19:52:41,NS010,C00226,P0037,3,699,0,2097.0,Credit Card
TXN0001406,2025-12-21,15:50:29,NS006,C00011,P0029,4,199,0,796.0,Debit Card
TXN0000445,13-06-2025,11:02:52,NS012,C00216,P0028,3,25,5,71.25,Wallet
TXN0000973,29-04-2025,12:58:03,NS009,C00076,P0016,3,999,0,2997.0,Credit Card
TXN0006039,07-06-2025,12:32:10,NS003,C00255,P0022,3,189,0,567.0,UPI
TXN0003716,05/08/2025,21:15:50,NS012,C00052,P0014,1,899,10,809.1,UPI
TXN0004011,2025-01-23,10:14:28,NS011,C00525,P0043,2,349,0,698.0,Debit Card
TXN0003167,2025-09-30,21:01:15,NS012,C00428,P0020,3,3999,10,10797.3,Cash
TXN0000728,11/03/2025,19:25:58,NS003,C00114,P0043,1,349,10,314.1,Credit Card
TXN0001352,2025-02-21,17:14:57,NS009,C00188,P0046,1,199,20,159.2,Debit Card
TXN0001708,22-05-2025,13:07:58,NS012,C00202,P0030,1,399,20,319.2,Debit Card
TXN0000706,13-01-2025,10:53:15,NS010,C00295,P0036,1,349,0,349.0,Wallet
TXN0000437,2025-06-10,15:26:32,NS003,C00507,P0041,1,249,0,249.0,Debit Card
TXN0006276,2025-04-09,11:51:14,NS004,C00083,P0039,3,179,0,537.0,Cash
TXN0006361,2025-03-08,12:11:37,NS006,C00305,P0001,3,2499,15,6372.45,Wallet
TXN0004352,10-03-2025,09:17:57,NS002,C00321,P0041,2,249,10,448.2,Wallet
TXN0003842,2025-06-17,10:18:37,NS011,C00255,P0036,3,349,5,994.65,Debit Card
TXN0002651,2025-12-18,09:36:28,NS006,C00346,P0044,1,279,15,237.15,Cash
TXN0003929,2025-06-14,20:28:47,NS012,C00082,P0047,4,449,5,1706.2,Credit Card
TXN0005196,10/06/2025,12:49:55,NS011,C00409,P0015,2,1799,20,2878.4,Debit Card
TXN0002552,2025-02-17,13:05:51,NS006,C00343,P0038,2,149,20,238.4,Credit Card
TXN0004650,13-04-2025,13:42:11,NS008,C00170,P0020,4,3999,20,12796.8,Cash
TXN0002805,07/09/2025,10:07:26,NS002,C00078,P0020,4,3999,5,15196.2,Credit Card
TXN0005474,05/09/2025,19:17:51,NS010,C00392,P0018,3,2499,0,7497.0,
TXN0004020,11-10-2025,13:37:55,NS002,C00266,P0014,1,899,0,899.0,
TXN0005922,2025-04-30,09:47:18,NS006,C00486,P0018,3,2499,0,7497.0,Wallet
TXN0001398,2025-06-04,16:45:37,NS007,C00517,P0048,3,399,15,1017.45,
TXN0003373,21/02/2025,10:25:28,NS009,C00114,P0008,2 pcs,3499,20,5598.4,Wallet
TXN0004960,2025-06-09,21:59:30,NS011,C00243,P0036,2,349,20,558.4,Cash
TXN0003405,2025-08-24,13:17:23,NS006,C00121,P0048,3,399,0,1197.0,Credit Card
TXN0001279,06/02/2025,19:39:58,NS002,C00227,P0042,2,299,0,598.0,Wallet
TXN0003397,25/03/2025,13:01:57,NS014,C00249,P0037,3,699,15,1782.45,Debit Card
TXN0003579,2025-02-08,09:55:11,NS015,C00281,P0010,2,599,0,1198.0,Credit Card
TXN0002145,16-01-2025,21:29:30,NS006,C00483,P0001,3,2499,5,7122.15,UPI
TXN0002251,2025-08-23,17:33:12,NS001,C00039,P0049,5,199,10,895.5,Credit Card
TXN0006265,2025-04-09,16:21:44,NS008,C00050,P0007,2,799,10,1438.2,Cash
TXN0004849,01/04/2025,09:45:22,NS006,C00330,P0009,1,2199,20,1759.2,Wallet
TXN0001092,2025-05-02,10:51:20,NS014,C00325,P0005,1,1899,0,1899.0,Credit Card
TXN0002755,14/07/2025,13:51:23,NS003,C00193,P0008,3,3499,0,10497.0,Wallet
TXN0002786,08/30/2025,19:08:44,NS002,C00456,P0048,2,399,15,678.3,Wallet
TXN0001576,2025-08-11,10:46:53,NS004,C00457,P0006,1,399,0,399.0,Credit Card
TXN0001649,2025-08-19,16:32:38,NS015,C00475,P0032,3,799,10,2157.3,
TXN0005254,2025-04-01,17:06:22,NS005,C00349,P0022,1,189,20,151.2,Wallet
TXN0001050,05/26/2025,12:28:13,NS011,C00257,P0007,2,799,20,1278.4,Wallet
TXN0004554,03/25/2025,11:47:55,NS013,C00412,P0018,3,2499,20,5997.6,Credit Card
TXN0005599,2025-08-31,12:27:14,NS006,C00044,P0044,5,279,15,1185.75,Wallet
TXN0005310,2025-04-11,12:15:23,NS012,C00154,P0015,1 pcs,1799,10,1619.1,Cash
TXN0004585,2025-10-11,19:15:39,NS001,C00185,P0043,4,349,15,1186.6,Debit Card
TXN0005054,2025-03-12,18:28:55,NS012,C00363,P0003,2,4999,15,8498.3,Wallet
TXN0000459,2025-08-17,19:27:07,NS003,C00476,P0021,1,599,10,539.1,Debit Card
TXN0005053,2025-05-31,20:30:30,NS006,C00106,P0021,2,599,15,1018.3,Debit Card
TXN0003345,2025-04-24,19:52:00,NS011,C00317,P0014,3,899,15,2292.45,Wallet
TXN0000213,2025-04-08,11:25:26,NS012,C00340,P0003,1,4999,0,4999.0,Debit Card
TXN0000268,2025-01-29,11:52:47,NS009,C00080,P0045,2,499,20,798.4,Credit Card
TXN0003005,01/28/2025,10:36:27,NS012,C00337,P0020,2,3999,20,6398.4,Debit Card
TXN0004976,2025-02-17,19:47:16,NS004,C00477,P0040,1,599,15,509.15,Wallet
TXN0002372,2025-08-27,15:51:37,NS008,C00099,P0017,3,1199,20,2877.6,Wallet
TXN0003839,23-07-2025,16:00:40,NS003,C00292,P0032,2,799,10,1438.2,Debit Card
TXN0001733,2025-12-22,13:41:54,NS009,C00433,P0049,3,199,0,597.0,Wallet
TXN0006081,2025-09-13,17:57:32,NS015,C00093,P0022,2,189,0,378.0,UPI
TXN0004210,2025-01-17,17:54:47,NS008,C00286,P0030,1,399,0,399.0,UPI
TXN0001705,08/01/2025,12:29:11,NS004,C00278,P0028,1,25,20,20.0,Debit Card
TXN0000328,26-01-2025,16:02:17,NS007,C00123,P0008,4,3499,0,13996.0,Wallet
TXN0003676,10/07/2025,10:37:11,NS001,C00444,P0040,2,599,10,1078.2,Debit Card
TXN0001979,19/03/2025,15:54:26,NS015,C00122,P0026,3,299,0,897.0,Cash
TXN0004102,10/16/2025,11:03:16,NS012,C00072,P0044,2,279,10,502.2,UPI
TXN0005636,2025-03-09,18:22:20,NS005,C00376,P0048,2,399,10,718.2,Wallet
TXN0002047,22-06-2025,12:36:48,NS009,C00153,P0016,1,999,0,999.0,UPI
TXN0000191,2025-08-22,13:43:27,NS012,C00147,P0035,1,449,0,449.0,Credit Card
TXN0002982,12/15/2025,11:38:11,NS004,C00409,P0007,1,799,0,799.0,UPI
TXN0000016,17/08/2025,17:39:50,NS010,C00453,P0045,3,499,15,1272.45,UPI
TXN0004794,2025-03-07,14:38:16,NS003,C00400,P0032,1,799,0,799.0,Debit Card
TXN0005506,31/05/2025,19:20:53,NS010,C00387,P0016,3,999,0,2997.0,Debit Card
TXN0003989,08/02/2025,09:09:01,NS005,C00021,P0017,1,1199,0,1199.0,Debit Card
TXN0002886,26/10/2025,19:06:36,NS013,C00415,P0036,1,349,5,331.55,Credit Card
TXN0005304,05-04-2025,17:29:36,NS006,C00414,P0005,3,1899,0,5697.0,Cash
TXN0004155,2025-09-22,16:28:54,NS010,C00521,P0033,1,999,5,949.05,UPI
TXN0001226,2025-03-16,10:00:11,NS004,C00180,P0001,1,2499,0,2499.0,Wallet
TXN0001950,30/07/2025,14:08:13,NS005,C00191,P0033,2,999,5,1898.1,Credit Card
TXN0000943,04/12/2025,13:28:42,NS004,C00150,P0014,2,899,10,1618.2,UPI
TXN0001923,10/03/2025,12:17:39,NS010,C00041,P0005,1,1899,20,1519.2,
TXN0002229,2025-04-16,18:30:12,NS015,C00440,P0029,1,199,20,159.2,UPI
TXN0005439,09/22/2025,17:01:31,NS004,C00446,P0027,3,249,5,709.65,Wallet
TXN0005277,10/08/2025,11:01:36,NS002,C00105,P0011,2,599,5,1138.1,Debit Card
TXN0002958,2025-07-31,18:27:32,NS006,C00417,P0033,3 pcs,999,15,2547.45,
TXN0001229,01-05-2025,13:59:20,NS011,C00250,P0042,1,299,0,299.0,Debit Card
TXN0002593,2025-09-26,11:40:28,NS004,C00438,P0023,2,159,10,286.2,UPI
TXN0004045,17-02-2025,10:08:01,NS012,C00004,P0032,2,799,0,1598.0,Credit Card
TXN0000416,06/22/2025,13:51:48,NS010,C00222,P0049,1,199,10,179.1,Wallet
TXN0002536,24/12/2025,11:20:40,NS002,C00456,P0038,3,149,0,447.0,Credit Card
TXN0002677,2025-01-01,16:03:52,NS002,C00509,P0036,3,349,10,942.3,Cash
TXN0000336,2025-10-26,11:20:55,NS003,C00424,P0041,4,249,0,996.0,Wallet
TXN0005207,22/10/2025,10:47:31,NS006,C00418,P0022,2,189,20,302.4,Wallet
TXN0004378,22/11/2025,09:53:28,NS013,C00300,P0022,4,189,0,756.0,Credit Card
TXN0000170,2025-11-04,20:42:54,NS013,C00036,P0039,2,179,5,340.1,Wallet
TXN0004124,2025-05-18,19:51:37,NS009,C00230,P0033,3,999,20,2397.6,Wallet
TXN0004349,29/09/2025,13:58:32,NS003,C00010,P0002,3,3299,0,9897.0,Cash
TXN0000490,12/09/2025,12:10:00,NS013,C00238,P0014,1,899,0,899.0,UPI
TXN0005177,15-01-2025,20:03:53,NS006,C00402,P0001,3,2499,5,7122.15,Credit Card
TXN0000218,2025-04-06,21:07:55,NS005,C00254,P0043,4,349,0,1396.0,Debit Card
TXN0005378,02-04-2025,20:02:55,NS015,C00330,P0019,3,799,15,2037.45,Wallet
TXN0003903,04-12-2025,10:15:41,NS004,C00052,P0007,1,799,20,639.2,Credit Card
TXN0006382,2025-06-14,17:13:48,NS005,C00094,P0002,5,3299,0,16495.0,Debit Card
TXN0002682,13/05/2025,11:03:18,NS002,C00415,P0019,1,799,10,719.1,UPI
TXN0003657,28/09/2025,11:37:46,NS008,C00075,P0040,5,599,5,2845.25,Cash
TXN0006454,2025-01-21,09:17:12,NS015,C00529,P0037,1,699,10,629.1,UPI
TXN0006385,07/12/2025,14:37:20,NS001,C00196,P0007,2,799,0,1598.0,Credit Card
TXN0003053,10/12/2025,20:03:49,NS005,C00132,P0014,1,899,0,899.0,Cash
TXN0005204,2025-07-14,20:55:26,NS009,C00165,P0011,2,599,10,1078.2,Wallet
TXN0002701,2025-02-05,09:07:58,NS010,C00140,P0047,3,449,0,1347.0,Debit Card
TXN0002979,2025-06-14,19:23:17,NS012,C00485,P0034,5,299,0,1495.0,Credit Card
TXN0001650,2025-05-11,10:37:45,NS014,C00029,P0016,5,999,5,4745.25,UPI
TXN0002890,06/08/2025,13:17:36,NS015,C00361,P0002,2,3299,0,6598.0,Wallet
TXN0006113,01-04-2025,11:30:32,NS005,C00074,P0012,3,1499,20,3597.6,Debit Card
TXN0000509,2025-01-28,13:11:17,NS003,C00324,P0027,1,249,0,249.0,Credit Card
TXN0001300,06/23/2025,16:34:48,NS013,C00222,P0005,3,1899,15,4842.45,Wallet
TXN0002993,05/08/2025,21:03:07,NS012,C00371,P0011,1,599,0,599.0,UPI
TXN0001599,2025-01-19,10:51:32,NS005,C00513,P0037,4,699,5,2656.2,UPI
TXN0001037,2025-11-10,09:03:04,NS007,C00058,P0040,3,599,5,1707.15,Cash
TXN0002083,2025-10-07,14:15:15,NS010,C00522,P0011,2,599,0,1198.0,Debit Card
TXN0000665,2025-11-10,16:26:35,NS009,C00197,P0027,1,249,15,211.65,Wallet
TXN0002965,2025-08-15,18:41:00,NS009,C00280,P0044,3,279,15,711.45,Credit Card
TXN0004388,2025-10-06,19:57:57,NS013,C00198,P0001,3,2499,0,7497.0,
TXN0001963,2025-11-24,18:48:56,NS013,C00080,P0027,1,249,10,224.1,UPI
TXN0006090,2025-12-28,21:25:00,NS008,C00195,P0032,2,799,0,1598.0,Credit Card
TXN0000553,15/09/2025,15:14:54,NS007,C00507,P0049,2,199,5,378.1,Debit Card
TXN0005258,02/25/2025,19:07:56,NS015,C00298,P0036,3,349,20,837.6,Credit Card
TXN0002268,2025-08-01,12:47:27,NS004,C00260,P0020,3,3999,5,11397.15,UPI
TXN0003814,2025-10-01,10:55:44,NS006,C00353,P0005,1,1899,10,1709.1,Credit Card
TXN0000476,18-10-2025,09:49:31,NS005,C00422,P0020,3,3999,0,11997.0,Cash
TXN0002888,2025-03-04,13:49:06,NS012,C00014,P0017,2,1199,15,2038.3,Cash
TXN0001903,2025-01-23,17:34:13,NS002,C00079,P0020,1,3999,5,3799.05,Debit Card
TXN0004313,09/12/2025,09:50:21,NS007,C00061,P0022,2,189,20,302.4,UPI
TXN0002827,2025-09-10,12:16:08,NS003,C00364,P0045,2,499,0,998.0,
TXN0006288,2025-12-20,14:03:22,NS002,C00095,P0046,4,199,15,676.6,Cash
TXN0004183,15/04/2025,21:47:30,NS013,C00443,P0021,2,599,0,1198.0,Wallet
TXN0001801,01/11/2025,09:18:29,NS013,C00163,P0010,1,599,10,539.1,
TXN0006344,17/08/2025,21:05:58,NS010,C00072,P0028,2,25,20,40.0,Wallet
TXN0003028,2025-05-26,18:45:12,NS011,C00244,P0046,1,199,15,169.15,UPI
TXN0003230,20/04/2025,12:25:55,NS011,C00133,P0031,4,1299,0,5196.0,Debit Card
TXN0001264,10/04/2025,12:45:16,NS015,C00307,P0035,3,449,0,1347.0,Wallet
TXN0005952,28-01-2025,17:12:10,NS009,C00403,P0003,2,4999,0,9998.0,Debit Card
TXN0004553,07/05/2025,09:39:58,NS015,C00374,P0016,3,999,0,2997.0,UPI
TXN0001097,2025-09-27,11:45:34,NS013,C00109,P0048,2,399,0,798.0,Cash
TXN0000383,2025-08-23,11:22:32,NS014,C00516,P0014,3,899,15,2292.45,Wallet
TXN0005764,2025-12-15,18:20:34,NS003,C00339,P0017,2,1199,20,1918.4,Debit Card
TXN0005876,2025-10-05,17:41:34,NS009,C00404,P0007,4,799,15,2716.6,Debit Card
TXN0005497,2025-10-17,16:49:18,NS012,C00096,P0043,3,349,0,1047.0,Debit Card
TXN0004531,06/10/2025,11:44:19,NS004,C00515,P0010,1,599,5,569.05,Debit Card
TXN0004807,2025-03-21,10:31:29,NS008,C00279,P0046,2,199,0,398.0,UPI
TXN0000819,12/08/2025,15:04:04,NS002,C00270,P0043,2,349,20,558.4,Debit Card
TXN0002983,2025-04-07,13:23:38,NS011,C00534,P0020,3,3999,0,11997.0,UPI
TXN0002011,25/11/2025,17:59:39,NS004,C00024,P0025,1,49,10,44.1,Debit Card
TXN0003965,19/07/2025,19:32:56,NS009,C00510,P0004,5,1499,5,7120.25,UPI
TXN0001977,2025-08-11,12:02:04,NS005,C00094,P0007,2,799,0,1598.0,Credit Card
TXN0005772,18/01/2025,11:53:37,NS004,C00366,P0005,1,1899,20,1519.2,
TXN0004755,02/03/2025,14:24:46,NS014,C00200,P0012,1,1499,10,1349.1,Cash
TXN0005720,2025-06-04,17:30:51,NS002,C00328,P0046,2,199,0,398.0,UPI
TXN0000359,2025-03-31,19:22:56,NS006,C00401,P0038,2,149,5,283.1,Credit Card
TXN0000885,20/02/2025,17:23:26,NS012,C00410,P0027,3,249,10,672.3,Credit Card
TXN0002078,25-08-2025,19:06:25,NS015,C00210,P0031,3,1299,0,3897.0,Debit Card
TXN0004617,2025-12-13,13:08:47,NS006,C00432,P0024,5,449,0,2245.0,Wallet
TXN0002296,16/09/2025,09:09:22,NS009,C00383,P0013,2,1299,15,2208.3,Credit Card
TXN0004139,2025-07-01,12:42:40,NS007,C00340,P0001,3,2499,20,5997.6,Cash
TXN0006273,2025-01-14,12:58:19,NS011,C00219,P0002,3,3299,15,8412.45,Debit Card
TXN0002874,2025-07-02,18:06:42,NS014,C00228,P0037,2,699,20,1118.4,Cash
TXN0004763,2025-08-23,11:35:29,NS005,C00341,P0033,5,999,0,4995.0,Debit Card
TXN0001213,2025-11-22,15:38:50,NS004,C00333,P0047,5,449,0,2245.0,Credit Card
TXN0003924,2025-06-02,13:59:30,NS004,C00151,P0024,2,449,0,898.0,Debit Card
TXN0002218,2025-10-24,09:19:44,NS010,C00058,P0016,2,999,0,1998.0,Wallet
TXN0000357,30-07-2025,19:09:22,NS008,C00032,P0016,3,999,15,2547.45,Credit Card
TXN0000346,2025-04-07,18:17:33,NS010,C00506,P0034,2,299,0,598.0,Cash
TXN0001422,2025-01-11,13:09:09,NS002,C00385,P0012,4,1499,10,5396.4,Credit Card
TXN0000620,09/23/2025,20:51:51,NS011,C00186,P0024,1,449,0,449.0,Cash
TXN0001043,01/25/2025,18:44:59,NS010,C00069,P0050,3,1499,0,4497.0,Debit Card
TXN0002266,09/10/2025,18:21:05,NS013,C00214,P0001,2,2499,10,4498.2,UPI
TXN0001439,09/15/2025,16:28:40,NS009,C00492,P0016,2,999,10,1798.2,Debit Card
TXN0000405,2025-07-08,14:27:58,NS001,C00244,P0015,1,1799,0,1799.0,UPI
TXN0005713,24/05/2025,18:51:39,NS006,C00163,P0011,3,599,0,1797.0,Debit Card
TXN0003883,2025-12-26,19:53:41,NS014,C00481,P0016,2,999,20,1598.4,Cash
TXN0000640,2025-08-28,20:19:00,NS002,C00258,P0046,3,199,5,567.15,UPI
TXN0005731,22/06/2025,11:54:14,NS001,C00135,P0011,4,599,0,2396.0,Debit Card
TXN0005493,12-12-2025,21:40:27,NS012,C00386,P0023,2,159,5,302.1,Wallet
TXN0000341,2025-09-16,11:14:58,NS006,C00395,P0029,3,199,0,597.0,Debit Card
TXN0002794,28/03/2025,09:07:26,NS015,C00069,P0042,2,299,0,598.0,Credit Card
TXN0003527,11/22/2025,17:38:17,NS002,C00216,P0007,5,799,10,3595.5,Wallet
TXN0000285,23/03/2025,10:14:24,NS014,C00474,P0043,1,349,10,314.1,Debit Card
TXN0000497,2025-04-10,13:21:06,NS015,C00378,P0017,3,1199,0,3597.0,Wallet
TXN0006095,2025-07-16,18:51:52,NS009,C00207,P0025,1,49,0,49.0,UPI
TXN0006021,03/20/2025,20:39:02,NS009,C00456,P0037,1,699,15,594.15,Wallet
TXN0000138,2025-03-31,16:19:29,NS005,C00385,P0036,3,349,20,837.6,Cash
TXN0004533,09/14/2025,14:11:46,NS003,C00223,P0022,5,189,0,945.0,Debit Card
TXN0001842,16/11/2025,13:08:40,NS005,C00087,P0047,1,449,20,359.2,
TXN0002778,2025-09-20,20:49:17,NS005,C00082,P0024,4,449,0,1796.0,Wallet
TXN0003413,23-04-2025,16:56:36,NS003,C00241,P0004,2,1499,20,2398.4,Wallet
TXN0001661,05/04/2025,09:34:14,NS010,C00034,P0048,4,399,10,1436.4,Credit Card
TXN0000539,2025-01-20,20:40:51,NS015,C00104,P0025,3,49,0,147.0,Credit Card
TXN0005706,06/07/2025,17:13:50,NS008,C00276,P0015,2,1799,0,3598.0,Cash
TXN0003007,28-02-2025,14:47:01,NS009,C00140,P0042,2,299,5,568.1,Debit Card
TXN0000760,2025-11-09,12:31:36,NS008,C00020,P0021,5,599,0,2995.0,Debit Card
TXN0001847,24-12-2025,19:31:47,NS010,C00285,P0039,1,179,5,170.05,Wallet
TXN0003782,2025-01-02,20:48:40,NS011,C00453,P0031,3,1299,0,3897.0,Credit Card
TXN0002974,03/11/2025,12:52:50,NS010,C00486,P0017,1,1199,10,1079.1,
TXN0003834,11-11-2025,16:59:41,NS001,C00405,P0009,3,2199,0,6597.0,Cash
TXN0000407,2025-02-09,16:11:18,NS001,C00322,P0023,5,159,0,795.0,Credit Card
TXN0002843,14/03/2025,14:46:39,NS002,C00001,P0015,3,1799,10,4857.3,UPI
TXN0001730,18/06/2025,21:52:02,NS007,C00483,P0049,1,199,15,169.15,UPI
TXN0000723,23/06/2025,13:19:06,NS013,C00164,P0010,1,599,15,509.15,Cash
TXN0005583,2025-11-06,09:34:24,NS006,C00221,P0047,2,449,5,853.1,Wallet
TXN0002761,30-01-2025,16:29:22,NS013,C00158,P0023,3,159,20,381.6,UPI
TXN0000231,2025-05-29,18:03:50,NS012,C00195,P0048,2,399,20,638.4,Wallet
TXN0006474,2025-12-17,21:17:36,NS004,C00364,P0019,3,799,0,2397.0,Cash
TXN0003155,06-01-2025,18:22:04,NS010,C00264,P0036,2,349,10,628.2,Credit Card
TXN0005540,2025-05-24,18:00:17,NS005,C00477,P0019,1,799,20,639.2,Debit Card
TXN0004042,13-06-2025,09:07:12,NS006,C00161,P0017,2,1199,0,2398.0,Cash
TXN0002738,2025-09-11,14:39:36,NS006,C00377,P0002,2,3299,10,5938.2,UPI
TXN0005242,19/01/2025,12:21:44,NS004,C00348,P0012,1,1499,10,1349.1,Cash
TXN0003558,04/07/2025,21:39:09,NS003,C00288,P0006,3,399,0,1197.0,UPI
TXN0004552,2025-12-31,21:07:02,NS010,C00067,P0022,3,189,15,481.95,Wallet
TXN0003105,14/08/2025,17:27:21,NS015,C00009,P0016,3,999,5,2847.15,Debit Card
TXN0002775,2025-06-09,21:17:33,NS007,C00492,P0046,2,199,0,398.0,Debit Card
TXN0001075,2025-07-27,10:43:43,NS015,C00336,P0012,5,1499,10,6745.5,Debit Card
TXN0000227,2025-03-03,19:52:12,NS004,C00457,P0007,1,799,10,719.1,Credit Card
TXN0001275,2025-08-13,16:06:48,NS008,C00196,P0009,2,2199,0,4398.0,Credit Card
TXN0005803,09/11/2025,19:55:56,NS004,C00134,P0029,5,199,15,845.75,Cash
TXN0003391,2025-02-19,18:09:50,NS002,C00461,P0028,2,25,10,45.0,Cash
TXN0001523,2025-04-06,21:56:07,NS002,C00389,P0019,2,799,15,1358.3,Wallet
TXN0001767,11/09/2025,18:42:52,NS003,C00254,P0014,3,899,20,2157.6,
TXN0001085,2025-04-01,18:33:07,NS012,C00485,P0036,1,349,0,349.0,Debit Card
TXN0000171,2025-12-19,20:36:30,NS011,C00221,P0032,2,799,15,1358.3,Cash
TXN0003753,20/11/2025,13:16:16,NS013,C00400,P0005,2,1899,0,3798.0,Wallet
TXN0000810,10/05/2025,10:15:46,NS014,C00097,P0030,4,399,10,1436.4,UPI
TXN0004691,02/11/2025,18:13:23,NS004,C00101,P0041,1,249,0,249.0,Wallet
TXN0002339,25/12/2025,13:34:45,NS008,C00284,P0006,3,399,0,1197.0,Credit Card
TXN0002570,2025-03-07,12:04:03,NS005,C00269,P0034,1,299,20,239.2,Debit Card
TXN0002935,12-10-2025,21:28:08,NS007,C00268,P0046,2,199,0,398.0,UPI
TXN0002906,04/01/2025,11:58:56,NS010,C00278,P0017,2,1199,0,2398.0,Credit Card
TXN0005653,10/01/2025,11:05:13,NS006,C00341,P0013,1,1299,0,1299.0,UPI
TXN0000143,2025-05-05,14:40:45,NS011,C00029,P0045,3,499,0,1497.0,Credit Card
TXN0001080,18/11/2025,19:57:32,NS014,C00077,P0008,2,3499,20,5598.4,UPI
TXN0006252,2025-05-09,14:17:42,NS005,C00322,P0025,3,49,20,117.6,Debit Card
TXN0004837,2025-01-25,18:33:39,NS006,C00515,P0050,2,1499,5,2848.1,
TXN0001331,27-02-2025,12:00:29,NS014,C00283,P0009,1,2199,10,1979.1,Wallet
TXN0006043,16-08-2025,14:26:45,NS010,C00226,P0027,3,249,10,672.3,Cash
TXN0005292,2025-08-22,12:41:14,NS006,C00181,P0008,3,3499,20,8397.6,Cash
TXN0003004,2025-07-05,16:43:26,NS013,C00082,P0022,3,189,0,567.0,UPI
TXN0001126,2025-06-22,09:42:11,NS008,C00309,P0050,5,1499,0,7495.0,UPI
TXN0001118,2025-08-24,11:13:55,NS012,C00096,P0002,2,3299,0,6598.0,Wallet
TXN0004152,2025-10-23,10:07:29,NS011,C00481,P0029,3,199,15,507.45,
TXN0001441,01/06/2025,10:39:09,NS012,C00447,P0010,2,599,0,1198.0,UPI
TXN0004329,2025-03-09,18:24:30,NS004,C00480,P0006,5,399,15,1695.75,Debit Card
TXN0002523,25-04-2025,13:02:23,NS007,C00480,P0029,1,199,0,199.0,Credit Card
TXN0003835,10/16/2025,16:41:22,NS003,C00433,P0034,2,299,15,508.3,Credit Card
TXN0004186,2025-07-14,20:22:33,NS008,C00185,P0037,1,699,20,559.2,Cash
TXN0003713,08/02/2025,19:40:11,NS014,C00523,P0002,4,3299,0,13196.0,Wallet
TXN0003222,2025-08-11,21:27:03,NS010,C00228,P0010,3,599,5,1707.15,Debit Card
TXN0000477,14/06/2025,18:26:55,NS001,C00275,P0045,2,499,20,798.4,Wallet
TXN0004521,02/01/2025,11:40:18,NS015,C00338,P0020,1,3999,0,3999.0,Credit Card
TXN0004961,21/12/2025,21:58:23,NS009,C00077,P0025,2,49,0,98.0,UPI
TXN0003797,2025-02-23,19:36:24,NS002,C00449,P0004,5,1499,20,5996.0,UPI
TXN0005647,2025-01-02,19:09:08,NS002,C00534,P0042,3,299,5,852.15,Wallet
TXN0003566,2025-06-10,19:13:19,NS008,C00396,P0004,3,1499,0,4497.0,UPI
TXN0001201,04-01-2025,17:00:06,NS008,C00529,P0026,4,299,20,956.8,Wallet
TXN0004941,2025-03-16,13:58:04,NS010,C00495,P0023,2,159,20,254.4,Cash
TXN0005817,25-08-2025,19:08:03,NS005,C00476,P0031,1,1299,0,1299.0,Credit Card
TXN0003975,2025-11-16,17:00:05,NS012,C00389,P0044,5,279,10,1255.5,Wallet
TXN0004770,2025-11-20,16:37:15,NS004,C00481,P0004,1,1499,0,1499.0,Credit Card
TXN0003768,09-11-2025,20:49:47,NS001,C00084,P0002,4,3299,0,13196.0,UPI
TXN0006186,2025-06-29,09:49:22,NS002,C00525,P0012,1,1499,0,1499.0,Wallet
TXN0005509,12-02-2025,12:09:54,NS002,C00382,P0026,2,299,20,478.4,Cash
TXN0004655,07/10/2025,18:41:46,NS007,C00492,P0026,1,299,0,299.0,Wallet
TXN0003660,21/09/2025,18:38:55,NS001,C00338,P0042,5,299,0,1495.0,Wallet
TXN0001547,2025-08-09,15:13:03,NS008,C00013,P0010,5,599,15,2545.75,Debit Card
TXN0001416,2025-09-06,12:28:36,NS013,C00079,P0012,1,1499,0,1499.0,Cash
TXN0000444,2025-04-29,14:03:36,NS009,C00521,P0028,2,25,10,45.0,Debit Card
TXN0004709,11/17/2025,19:29:57,NS004,C00192,P0015,3,1799,0,5397.0,Debit Card
TXN0003491,2025-12-30,20:10:30,NS004,C00019,P0014,1,899,5,854.05,Wallet
TXN0005008,2025-04-27,16:40:20,NS005,C00516,P0029,4,199,0,796.0,UPI
TXN0005847,12/02/2025,09:44:08,NS011,C00254,P0012,2,1499,0,2998.0,Cash
TXN0004479,2025-06-30,19:16:21,NS014,C00256,P0016,2,999,20,1598.4,Wallet
TXN0002705,29/07/2025,15:08:45,NS003,C00246,P0004,2,1499,0,2998.0,Debit Card
TXN0003866,2025-01-03,09:57:07,NS011,C00093,P0032,2 pcs,799,0,1598.0,Debit Card
TXN0003299,06/06/2025,15:45:10,NS010,C00201,P0026,3,299,5,852.15,UPI
TXN0003948,23/08/2025,14:36:05,NS012,C00273,P0020,5,3999,5,18995.25,Cash
TXN0006034,14/12/2025,16:01:46,NS014,C00330,P0020,4,3999,0,15996.0,Cash
TXN0003189,28/08/2025,17:55:33,NS009,C00169,P0042,3,299,0,897.0,Cash
TXN0002298,09/10/2025,14:56:39,NS013,C00060,P0037,3,699,5,1992.15,Cash
TXN0002596,2025-11-19,10:10:39,NS012,C00336,P0023,2,159,0,318.0,Cash
TXN0001350,26/01/2025,16:02:32,NS003,C00399,P0039,4,179,0,716.0,Wallet
TXN0002125,25/12/2025,16:41:25,NS002,C00405,P0021,1,599,0,599.0,Wallet
TXN0004290,04/25/2025,09:49:35,NS015,C00159,P0012,2,1499,0,2998.0,Credit Card
TXN0001657,2025-05-18,10:03:27,NS009,C00026,P0005,4,1899,20,6076.8,Cash
TXN0004564,16/05/2025,14:59:04,NS006,C00413,P0002,3,3299,10,8907.3,Cash
TXN0006258,2025-05-28,20:15:28,NS003,C00213,P0003,3,4999,20,11997.6,UPI
TXN0001871,2025-04-18,18:17:33,NS001,C00306,P0021,1,599,20,479.2,UPI
TXN0003910,18-08-2025,13:17:45,NS010,C00253,P0035,1,449,0,449.0,Debit Card
TXN0002648,07-09-2025,18:51:43,NS005,C00222,P0015,2,1799,20,2878.4,Debit Card
TXN0004421,2025-06-14,09:44:59,NS009,C00511,P0029,5,199,0,995.0,Credit Card
TXN0006139,22/08/2025,20:45:44,NS003,C00509,P0013,1,1299,0,1299.0,Wallet
TXN0003531,2025-05-31,18:18:04,NS014,C00186,P0021,5,599,20,2396.0,Wallet
TXN0005614,2025-11-19,16:57:27,NS012,C00398,P0038,3,149,15,379.95,UPI
TXN0004563,2025-07-18,21:27:28,NS013,C00367,P0042,1,299,5,284.05,
TXN0006002,16-04-2025,13:10:49,NS013,C00402,P0014,1,899,0,899.0,Cash
TXN0004436,05/10/2025,15:55:00,NS011,C00194,P0024,2,449,5,853.1,Cash
TXN0006506,2025-04-17,13:00:00,NS009,C00093,P9233,1,1826,0,390,
TXN0005685,2025-03-30,10:40:20,NS014,C00300,P0026,4,299,15,1016.6,Wallet
TXN0003914,2025-09-23,12:58:16,NS009,C00104,P0043,1,349,0,349.0,Wallet
TXN0002309,05/04/2025,10:09:26,NS010,C00274,P0022,2,189,0,378.0,Debit Card
TXN0000280,2025-02-18,11:59:18,NS003,C00070,P0018,3,2499,10,6747.3,Credit Card
TXN0006445,2025-11-06,15:17:42,NS005,C00052,P0045,2,499,0,998.0,UPI
TXN0000029,2025-09-06,11:09:50,NS010,C00432,P0004,3,1499,5,4272.15,UPI
TXN0002574,2025-03-21,13:48:07,NS012,C00447,P0039,1,179,15,152.15,Wallet
TXN0002077,2025-05-25,16:53:52,NS008,C00269,P0003,1,4999,0,4999.0,UPI
TXN0000668,17/09/2025,17:20:06,NS013,C00234,P0047,2,449,0,898.0,Debit Card
TXN0003198,27/04/2025,10:51:29,NS008,C00513,P0038,5,149,0,745.0,Credit Card
TXN0002243,2025-12-13,18:50:14,NS013,C00313,P0009,3,2199,0,6597.0,Credit Card
TXN0002952,2025-09-04,19:59:01,NS007,C00466,P0040,3,599,15,1527.45,Debit Card
TXN0002370,07/05/2025,10:41:26,NS007,C00046,P0010,5,599,5,2845.25,Cash
TXN0005864,2025-06-19,20:22:17,NS003,C00235,P0030,1,399,10,359.1,UPI
TXN0000768,12/04/2025,16:18:10,NS010,C00132,P0021,1,599,0,599.0,Cash
TXN0003265,2025-03-02,15:57:30,NS003,C00075,P0010,2,599,0,1198.0,Cash
TXN0000922,2025-08-23,19:23:12,NS015,C00043,P0003,4,4999,0,19996.0,Cash
TXN0002131,2025-09-30,19:07:53,NS005,C00439,P0003,1,4999,10,4499.1,Cash
TXN0002548,2025-02-05,19:15:25,NS013,C00110,P0002,1,3299,20,2639.2,Debit Card
TXN0001647,2025-05-13,21:01:43,NS009,C00149,P0031,1 pcs,1299,15,1104.15,Cash
TXN0005199,18/05/2025,13:39:41,NS002,C00402,P0007,3,799,15,2037.45,UPI
TXN0005886,06-09-2025,15:37:46,NS012,C00210,P0033,5,999,0,4995.0,Credit Card
TXN0000298,07/06/2025,10:44:31,NS011,C00467,P0027,4,249,10,896.4,Credit Card
TXN0004672,09/04/2025,19:01:24,NS014,C00024,P0018,1,2499,5,2374.05,UPI
TXN0001466,2025-05-05,16:33:40,NS006,C00212,P0026,3,299,0,897.0,Debit Card
TXN0003133,04-06-2025,11:03:39,NS015,C00519,P0042,2,299,5,568.1,Debit Card
TXN0001208,06/06/2025,13:41:29,NS006,C00150,P0013,1,1299,0,1299.0,UPI
TXN0001452,2025-07-23,12:27:35,NS005,C00112,P0001,1,2499,0,2499.0,UPI
TXN0000032,16/09/2025,21:28:42,NS008,C00153,P0047,2,449,0,898.0,
TXN0005646,2025-06-01,20:13:15,NS009,C00268,P0021,3,599,5,1707.15,Credit Card
TXN0000865,2025-07-13,13:29:33,NS013,C00502,P0044,4,279,15,948.6,Wallet
TXN0004769,23-05-2025,20:10:26,NS002,C00406,P0047,3,449,10,1212.3,Credit Card
TXN0003446,24/03/2025,15:04:19,NS003,C00445,P0048,1,399,0,399.0,Credit Card
TXN0001125,04/12/2025,20:46:13,NS001,C00301,P0037,2,699,15,1188.3,Debit Card
TXN0002379,02/05/2025,21:50:59,NS010,C00435,P0029,2,199,0,398.0,Credit Card
TXN0005660,16/09/2025,09:06:01,NS007,C00349,P0050,3,1499,0,4497.0,Wallet
TXN0002146,23-03-2025,19:26:49,NS013,C00224,P0043,3,349,5,994.65,UPI
TXN0004713,2025-10-06,11:21:28,NS008,C00184,P0006,1,399,20,319.2,UPI
TXN0006215,03-02-2025,18:00:07,NS008,C00279,P0034,2,299,0,598.0,Credit Card
TXN0000774,2025-08-18,21:58:55,NS005,C00233,P0016,1,999,0,999.0,Cash
TXN0000232,09/20/2025,11:28:48,NS009,C00394,P0036,4,349,15,1186.6,Wallet
TXN0002064,18/10/2025,13:20:04,NS012,C00405,P0032,4,799,20,2556.8,Cash
TXN0000318,2025-03-12,20:44:08,NS005,C00281,P0031,1,1299,0,1299.0,Credit Card
TXN0005712,2025-09-26,20:43:57,NS001,C00473,P0039,3,179,15,456.45,UPI
TXN0000396,2025-10-04,12:52:18,NS015,C00258,P0025,3,49,0,147.0,
TXN0005186,2025-09-06,19:59:35,NS002,C00225,P0016,1,999,0,999.0,Cash
TXN0004455,2025-11-08,18:09:49,NS013,C00236,P0016,3,999,10,2697.3,Wallet
TXN0001660,2025-10-23,10:55:51,NS008,C00164,P0037,2,699,20,1118.4,Debit Card
TXN0006181,2025-06-09,10:43:36,NS006,C00192,P0011,1,599,5,569.05,Wallet
TXN0002179,05/05/2025,17:39:02,NS015,C00219,P0048,2,399,10,718.2,Cash
TXN0004762,2025-04-02,16:52:02,NS015,C00294,P0014,1,899,0,899.0,Debit Card
TXN0003621,2025-08-02,17:20:23,NS010,C00414,P0032,1,799,20,639.2,Cash
TXN0002060,2025-04-06,12:18:57,NS008,C00473,P0036,1,349,5,331.55,Credit Card
TXN0000975,2025-04-16,21:14:44,NS011,C00092,P0034,1,299,20,239.2,Cash
TXN0000718,10-10-2025,19:24:59,NS009,C00443,P0012,2,1499,0,2998.0,UPI
TXN0001690,2025-02-18,18:03:10,NS006,C00479,P0046,3,199,5,567.15,Debit Card
TXN0002006,26-03-2025,17:37:08,NS015,C00008,P0028,2,25,0,50.0,Credit Card
TXN0001691,2025-05-21,17:21:40,NS009,C00368,P0048,3,399,0,1197.0,Wallet
TXN0004071,2025-08-01,14:59:40,NS010,C00488,P0041,3,249,5,709.65,UPI
TXN0006310,2025-03-17,14:06:04,NS004,C00337,P0046,1,199,0,199.0,Credit Card
TXN0000292,2025-04-12,15:30:30,NS009,C00165,P0045,4,499,10,1796.4,Wallet
TXN0000364,2025-05-09,13:50:54,NS009,C00159,P0006,3,399,5,1137.15,UPI
TXN0000826,02/09/2025,10:36:10,NS004,C00424,P0041,2,249,0,498.0,Credit Card
TXN0002867,2025-02-11,10:51:21,NS001,C00244,P0047,3,449,15,1144.95,Credit Card
TXN0000216,2025-03-21,09:49:43,NS004,C00054,P0044,2,279,15,474.3,Wallet
TXN0005724,17-10-2025,18:29:14,NS003,C00182,P0042,3,299,0,897.0,Debit Card
TXN0005172,2025-03-15,14:03:20,NS007,C00054,P0036,2,349,0,698.0,Wallet
TXN0001458,01/10/2025,17:44:19,NS006,C00510,P0012,3,1499,0,4497.0,UPI
TXN0003710,2025-08-10,19:28:43,NS008,C00510,P0029,2,199,5,378.1,UPI
TXN0001562,07-11-2025,15:16:30,NS009,C00439,P0033,3,999,15,2547.45,UPI
TXN0000800,03-08-2025,17:34:02,NS009,C00107,P0037,1,699,5,664.05,Wallet
TXN0003282,13-02-2025,15:43:52,NS012,C00318,P0024,2,449,15,763.3,Debit Card
TXN0005990,01/05/2025,17:45:11,NS008,C00231,P0032,3,799,5,2277.15,Wallet
TXN0000398,24-12-2025,18:30:59,NS015,C00270,P0042,1,299,0,299.0,Credit Card
TXN0003960,07/08/2025,13:39:18,NS001,C00329,P0030,2,399,0,798.0,Credit Card
TXN0000895,2025-11-07,13:02:25,NS014,C00347,P0043,1,349,20,279.2,Debit Card
TXN0000854,2025-01-12,14:23:24,NS001,C00503,P0028,4,25,15,85.0,Cash
TXN0002680,2025-11-05,19:29:43,NS012,C00342,P0041,1,249,15,211.65,Credit Card
TXN0000209,2025-01-03,20:11:25,NS006,C00010,P0007,2,799,20,1278.4,UPI
TXN0002447,2025-01-05,21:11:34,NS009,C00519,P0001,4,2499,0,9996.0,Cash
TXN0002900,2025-07-09,16:47:31,NS014,C00303,P0003,1,4999,0,4999.0,Credit Card
TXN0005173,2025-02-19,15:03:16,NS012,C00363,P0048,3,399,15,1017.45,Credit Card
TXN0002944,22/06/2025,11:31:25,NS008,C00438,P0034,4,299,20,956.8,Debit Card
TXN0002949,09/27/2025,13:18:11,NS012,C00204,P0027,3,249,20,597.6,Wallet
TXN0004920,27-02-2025,09:51:18,NS003,C00349,P0040,3,599,0,1797.0,Cash
TXN0000105,07/19/2025,12:08:55,NS004,C00318,P0028,4,25,0,100.0,Wallet
TXN0004843,2025-08-25,21:52:14,NS001,C00464,P0043,2,349,20,558.4,Credit Card
TXN0000048,24/03/2025,18:04:19,NS002,C00405,P0045,1,499,0,499.0,Wallet
TXN0001766,2025-07-16,10:29:59,NS010,C00418,P0012,1,1499,10,1349.1,Debit Card
TXN0001682,2025-08-06,21:49:14,NS001,C00005,P0037,3,699,0,2097.0,Wallet
TXN0004098,03/17/2025,15:58:50,NS005,C00252,P0020,3,3999,5,11397.15,Debit Card
TXN0004696,2025-09-02,16:30:13,NS013,C00085,P0010,1,599,10,539.1,
TXN0006223,20/09/2025,13:09:29,NS014,C00114,P0048,4,399,15,1356.6,Credit Card
TXN0004664,2025-04-11,13:10:22,NS006,C00009,P0015,2,1799,0,3598.0,UPI
TXN0005973,2025-12-30,13:31:29,NS011,C00192,P0032,3,799,15,2037.45,Wallet
TXN0000788,2025-02-08,19:01:19,NS013,C00036,P0008,3,3499,0,10497.0,Credit Card
TXN0006100,18-09-2025,20:11:15,NS003,C00272,P0041,1,249,15,211.65,Wallet
TXN0004393,2025-07-14,15:03:27,NS008,C00243,P0032,2,799,0,1598.0,Cash
TXN0003026,10/22/2025,17:32:34,NS006,C00026,P0006,1,399,10,359.1,Credit Card
TXN0005089,2025-10-07,13:18:30,NS015,C00504,P0006,1,399,5,379.05,Cash
TXN0003494,11/12/2025,18:21:32,NS011,C00423,P0009,3,2199,0,6597.0,Wallet
TXN0000870,2025-03-14,12:57:28,NS005,C00499,P0026,2,299,20,478.4,Credit Card
TXN0002410,22/05/2025,11:55:53,NS015,C00238,P0013,2,1299,0,2598.0,Wallet
TXN0001997,2025-07-07,15:55:00,NS008,C00024,P0043,1,349,0,349.0,Credit Card
TXN0005325,2025-03-07,21:34:13,NS009,C00359,P0006,2,399,0,798.0,Credit Card
TXN0001082,2025-07-21,14:18:29,NS002,C00335,P0021,1,599,0,599.0,UPI
TXN0000139,2025-06-20,16:12:09,NS015,C00195,P0001,1,2499,10,2249.1,Debit Card
TXN0002612,2025-08-26,17:35:34,NS003,C00412,P0003,1,4999,0,4999.0,Debit Card
TXN0000548,10/15/2025,10:13:47,NS009,C00379,P0020,2,3999,10,7198.2,Debit Card
TXN0001181,2025-09-11,10:39:06,NS007,C00326,P0042,1,299,0,299.0,Credit Card
TXN0004279,15/05/2025,09:59:51,NS009,C00469,P0014,2,899,0,1798.0,Cash
TXN0002856,2025-05-27,16:52:15,NS012,C00279,P0027,2,249,5,473.1,Credit Card
TXN0003631,2025-09-01,12:44:01,NS005,C00063,P0011,2,599,15,1018.3,Cash
TXN0001001,25/01/2025,12:15:37,NS002,C00203,P0032,2,799,0,1598.0,Debit Card
TXN0005645,12/02/2025,13:37:38,NS008,C00352,P0014,3 pcs,899,0,2697.0,Cash
TXN0003069,29-01-2025,18:18:12,NS003,C00111,P0046,3,199,0,597.0,Cash
TXN0006435,2025-03-16,09:40:04,NS008,C00088,P0039,3,179,10,483.3,Debit Card
TXN0004486,03-01-2025,20:44:24,NS008,C00472,P0019,1,799,15,679.15,Cash
TXN0004933,06/03/2025,16:53:23,NS007,C00237,P0037,2,699,0,1398.0,Credit Card
TXN0004270,04/22/2025,17:16:12,NS005,C00077,P0013,2,1299,20,2078.4,Cash
TXN0003718,2025-09-08,20:00:30,NS009,C00096,P0048,1,399,20,319.2,UPI
TXN0000050,2025-05-20,14:21:13,NS008,C00337,P0002,3,3299,0,9897.0,Cash
TXN0001694,2025-07-11,18:25:10,NS009,C00163,P0012,1,1499,10,1349.1,Cash
TXN0000875,21-06-2025,16:22:39,NS006,C00292,P0024,1,449,0,449.0,Debit Card
TXN0004108,22/02/2025,09:26:28,NS011,C00077,P0002,1,3299,20,2639.2,Wallet
TXN0000787,2025-08-16,18:10:06,NS001,C00377,P0014,2,899,15,1528.3,Credit Card
TXN0000006,05/13/2025,21:22:49,NS001,C00274,P0010,3,599,0,1797.0,Cash
TXN0000662,2025-07-01,15:06:54,NS012,C00301,P0040,3,599,0,1797.0,Credit Card
TXN0000468,2025-01-18,10:52:50,NS007,C00411,P0009,3,2199,0,6597.0,Cash
TXN0000650,2025-10-30,13:06:49,NS014,C00500,P0036,3,349,15,889.95,Wallet
TXN0000595,2025-05-08,18:37:24,NS001,C00104,P0004,3,1499,10,4047.3,Credit Card
TXN0001212,02/12/2025,21:54:04,NS010,C00397,P0016,1,999,5,949.05,Credit Card
TXN0006471,2025-07-28,10:19:51,NS007,C00177,P0044,1,279,0,279.0,Cash
TXN0004500,2025-12-25,12:06:29,NS005,C00035,P0009,3,2199,0,6597.0,Cash
TXN0002049,03-09-2025,17:45:16,NS002,C00503,P0043,3,349,0,1047.0,Debit Card
TXN0001308,08/03/2025,15:21:56,NS001,C00417,P0017,4,1199,0,4796.0,Cash
TXN0000547,2025-09-13,20:10:43,NS007,C00262,P0026,1,299,0,299.0,Debit Card
TXN0004626,2025-11-30,20:19:09,NS015,C00359,P0002,4,3299,5,12536.2,UPI
TXN0003524,04-03-2025,18:50:29,NS013,C00014,P0003,1,4999,0,4999.0,Wallet
TXN0002732,2025-09-07,19:35:38,NS006,C00212,P0004,1,1499,0,1499.0,Cash
TXN0003488,05/07/2025,12:51:24,NS001,C00431,P0010,2,599,0,1198.0,Cash
TXN0001486,2025-11-24,16:31:10,NS007,C00278,P0035,3,449,0,1347.0,Wallet
TXN0005306,06/22/2025,16:33:38,NS001,C00517,P0022,1,189,15,160.65,Wallet
TXN0003179,22/08/2025,21:10:02,NS005,C00519,P0031,1,1299,0,1299.0,Credit Card
TXN0004499,2025-04-17,21:18:38,NS003,C00527,P0027,1,249,0,249.0,Debit Card
TXN0006339,02-03-2025,20:36:35,NS014,C00369,P0013,2,1299,20,2078.4,UPI
TXN0006153,2025-04-02,12:31:12,NS002,C00423,P0034,1,299,5,284.05,UPI
TXN0000988,11/22/2025,17:11:08,NS002,C00063,P0018,1,2499,0,2499.0,Debit Card
TXN0002554,28/04/2025,10:30:49,NS011,C00028,P0014,3,899,0,2697.0,Credit Card
TXN0004751,21-03-2025,20:17:13,NS008,C00316,P0010,3,599,0,1797.0,UPI
TXN0005579,02/10/2025,12:59:57,NS004,C00088,P0026,2,299,0,598.0,Debit Card
TXN0000400,2025-05-01,21:36:57,NS010,C00037,P0023,1,159,15,135.15,Wallet
TXN0006253,2025-07-04,21:04:10,NS004,C00299,P0002,1,3299,0,3299.0,Credit Card
TXN0005754,2025-05-30,18:25:42,NS007,C00442,P0043,2,349,0,698.0,Cash
TXN0005470,2025-10-12,18:08:55,NS002,C00018,P0031,3,1299,15,3312.45,Credit Card
TXN0001870,06-09-2025,18:56:31,NS003,C00280,P0022,2,189,5,359.1,Cash
TXN0001256,2025-01-23,10:51:27,NS010,C00322,P0044,1,279,0,279.0,
TXN0003080,2025-10-08,20:41:04,NS008,C00217,P0025,2,49,20,78.4,Cash
TXN0001780,04/09/2025,14:54:25,NS002,C00014,P0004,2 pcs,1499,20,2398.4,
TXN0001846,2025-10-21,14:38:31,NS011,C00214,P0007,3,799,0,2397.0,Wallet
TXN0000119,13-07-2025,12:23:58,NS004,C00205,P0006,1,399,15,339.15,Cash
TXN0005985,2025-08-01,19:45:58,NS013,C00455,P0012,1,1499,0,1499.0,UPI
TXN0003922,2025-08-01,17:37:08,NS015,C00053,P0001,2,2499,10,4498.2,Wallet
TXN0005689,24/01/2025,18:57:41,NS001,C00206,P0033,3,999,10,2697.3,Debit Card
TXN0004321,22/09/2025,13:06:18,NS011,C00021,P0013,2,1299,0,2598.0,Credit Card
TXN0002564,2025-07-04,12:38:45,NS004,C00257,P0043,1,349,20,279.2,Cash
TXN0003357,27-11-2025,12:31:31,NS010,C00254,P0041,3,249,0,747.0,Cash
TXN0002538,01/06/2025,17:29:33,NS004,C00071,P0002,2,3299,0,6598.0,Credit Card
TXN0005787,2025-01-21,19:25:40,NS005,C00206,P0011,1,599,20,479.2,Credit Card
TXN0000801,12/07/2025,20:14:43,NS012,C00343,P0032,1,799,10,719.1,Credit Card
TXN0003967,2025-08-26,13:16:34,NS003,C00293,P0013,3,1299,10,3507.3,Cash
TXN0000472,04/24/2025,17:17:30,NS005,C00519,P0016,2,999,0,1998.0,Debit Card
TXN0003020,04-05-2025,14:22:39,NS006,C00373,P0028,2,25,0,50.0,Debit Card
TXN0003935,2025-01-26,13:02:01,NS005,C00423,P0017,3,1199,5,3417.15,Wallet
TXN0001892,12-01-2025,09:43:30,NS007,C00082,P0010,2,599,15,1018.3,Cash
TXN0006426,2025-12-30,16:48:07,NS011,C00167,P0024,1,449,15,381.65,Wallet
TXN0001770,13/04/2025,20:12:48,NS010,C00087,P0010,2,599,15,1018.3,Cash
TXN0004980,2025-09-29,16:20:25,NS009,C00262,P0038,2,149,10,268.2,Cash
TXN0005809,2025-11-20,12:53:47,NS011,C00440,P0002,2,3299,0,6598.0,Cash
TXN0000471,2025-05-21,10:16:41,NS010,C00483,P0025,2,49,15,83.3,Cash
TXN0000777,13/01/2025,20:26:35,NS002,C00042,P0013,3,1299,0,3897.0,UPI
TXN0002995,03-07-2025,15:22:16,NS001,C00251,P0002,2,3299,0,6598.0,Credit Card
TXN0006320,2025-02-11,21:18:56,NS014,C00101,P0036,3,349,0,1047.0,Credit Card
TXN0003629,31-01-2025,14:12:37,NS012,C00147,P0023,3,159,0,477.0,Debit Card
TXN0004795,2025-04-02,11:06:51,NS006,C00357,P0016,1,999,10,899.1,Cash
TXN0000375,2025-09-11,19:40:54,NS003,C00309,P0041,2,249,0,498.0,Debit Card
TXN0001703,2025-09-28,16:42:02,NS006,C00410,P0018,4,2499,0,9996.0,Debit Card
TXN0002902,2025-06-24,20:24:53,NS001,C00001,P0034,2,299,5,568.1,Wallet
TXN0005195,07/28/2025,15:53:09,NS015,C00406,P0026,2,299,10,538.2,Credit Card
TXN0002488,2025-06-27,10:25:03,NS003,C00255,P0009,2,2199,0,4398.0,Cash
TXN0002271,2025-01-25,12:53:07,NS015,C00458,P0020,3,3999,10,10797.3,Debit Card
TXN0002511,2025-09-15,19:41:28,NS004,C00151,P0002,3,3299,0,9897.0,UPI
TXN0001104,2025-03-31,19:13:12,NS008,C00223,P0037,3,699,0,2097.0,Cash
TXN0001796,11/06/2025,13:16:54,NS001,C00516,P0033,1,999,15,849.15,Debit Card
TXN0003018,2025-07-04,10:18:52,NS006,C00116,P0045,3,499,0,1497.0,Credit Card
TXN0000236,2025-03-01,14:40:38,NS006,C00333,P0006,5,399,5,1895.25,
TXN0005485,2025-03-24,19:40:35,NS014,C00080,P0038,1,149,20,119.2,Debit Card
TXN0002164,05/01/2025,18:21:04,NS007,C00506,P0004,2,1499,10,2698.2,Cash
TXN0005166,2025-01-27,10:20:27,NS010,C00335,P0038,1,149,20,119.2,Cash
TXN0003992,2025-06-12,18:13:23,NS004,C00065,P0043,1,349,0,349.0,Cash
TXN0005677,09/08/2025,13:31:35,NS003,C00323,P0027,2,249,5,473.1,UPI
TXN0001652,2025-12-28,19:09:30,NS002,C00109,P0049,1,199,20,159.2,Credit Card
TXN0003501,2025-12-19,16:53:06,NS010,C00351,P0004,3,1499,0,4497.0,Cash
TXN0004007,13-10-2025,10:24:03,NS006,C00022,P0005,3,1899,20,4557.6,Credit Card
TXN0005687,01/05/2025,20:59:33,NS011,C00449,P0002,3,3299,15,8412.45,UPI
TXN0002056,2025-11-17,09:26:37,NS003,C00429,P0021,2,599,10,1078.2,Cash
TXN0004177,06-06-2025,11:27:32,NS003,C00241,P0040,3,599,10,1617.3,Credit Card
TXN0005376,08/14/2025,11:13:26,NS011,C00167,P0031,1,1299,0,1299.0,Cash
TXN0003583,2025-02-11,18:48:20,NS006,C00262,P0048,1,399,0,399.0,Wallet
TXN0001232,07/26/2025,09:23:52,NS014,C00286,P0022,5,189,15,803.25,Debit Card
TXN0005415,2025-08-31,19:12:29,NS001,C00148,P0017,3,1199,15,3057.45,Wallet
TXN0006309,2025-09-30,12:27:51,NS012,C00422,P0025,1,49,0,49.0,UPI
TXN0000601,22-07-2025,21:03:53,NS009,C00062,P0033,2,999,0,1998.0,Wallet
TXN0002155,2025-10-22,11:25:22,NS003,C00472,P0017,1,1199,15,1019.15,Debit Card
TXN0002036,2025-11-04,20:28:37,NS010,C00147,P0015,1,1799,5,1709.05,Credit Card
TXN0001234,01/07/2025,15:58:23,NS005,C00089,P0046,1,199,0,199.0,Credit Card
TXN0001320,02/12/2025,14:17:43,NS003,C00104,P0044,3,279,0,837.0,Wallet
TXN0001781,11/04/2025,10:31:22,NS001,C00232,P0027,1,249,0,249.0,Cash
TXN0003428,2025-06-24,16:36:30,NS011,C00214,P0025,2,49,15,83.3,Cash
TXN0004967,2025-11-05,14:22:57,NS010,C00055,P0014,2,899,10,1618.2,UPI
TXN0005730,2025-06-15,16:14:00,NS012,C00105,P0033,1,999,20,799.2,UPI
TXN0004939,2025-07-05,11:10:16,NS002,C00169,P0021,1,599,0,599.0,Wallet
TXN0005180,2025-11-13,17:54:23,NS011,C00382,P0045,2,499,15,848.3,Credit Card
TXN0000063,31-10-2025,14:53:16,NS004,C00111,P0031,1,1299,10,1169.1,
TXN0006069,2025-05-04,09:41:09,NS008,C00526,P0028,2,25,5,47.5,Wallet
TXN0005374,03-12-2025,13:13:35,NS015,C00179,P0035,3 pcs,449,0,1347.0,Credit Card
TXN0005375,2025-01-09,11:19:30,NS009,C00448,P0044,3,279,0,837.0,Credit Card
TXN0005749,2025-04-22,20:50:35,NS002,C00375,P0028,2,25,0,50.0,Cash
TXN0006400,2025-11-15,16:22:07,NS009,C00031,P0044,1,279,20,223.2,Credit Card
TXN0001456,2025-09-25,19:52:17,NS004,C00077,P0040,1,599,20,479.2,Wallet
TXN0004370,30/08/2025,12:00:56,NS014,C00351,P0044,2,279,0,558.0,Cash
TXN0001462,24-10-2025,09:28:17,NS011,C00487,P0010,3,599,15,1527.45,Debit Card
TXN0002393,2025-04-20,16:12:32,NS001,C00347,P0010,1,599,0,599.0,Wallet
TXN0005700,12/18/2025,11:11:32,NS012,C00309,P0028,2,25,0,50.0,Wallet
TXN0002334,01-01-2025,10:33:13,NS003,C00252,P0024,1,449,0,449.0,Debit Card
TXN0001636,2025-03-20,13:27:48,NS012,C00379,P0050,2,1499,15,2548.3,Debit Card
TXN0003106,11-07-2025,19:41:03,NS006,C00334,P0031,3,1299,20,3117.6,Debit Card
TXN0000628,18/06/2025,16:42:37,NS009,C00530,P0037,2,699,0,1398.0,Credit Card
TXN0001049,2025-10-24,11:55:25,NS005,C00523,P0003,1,4999,15,4249.15,Credit Card
TXN0001987,01-09-2025,14:31:24,NS005,C00439,P0013,3,1299,0,3897.0,UPI
TXN0004805,2025-07-13,13:36:45,NS010,C00356,P0044,1,279,5,265.05,UPI
TXN0003552,2025-10-23,13:39:56,NS006,C00142,P0018,2,2499,20,3998.4,Cash
TXN0001472,24/02/2025,15:55:15,NS001,C00153,P0029,2,199,0,398.0,
TXN0001459,2025-12-26,14:44:52,NS007,C00394,P0049,1,199,10,179.1,Wallet
TXN0006327,06/08/2025,09:12:35,NS015,C00377,P0010,3,599,10,1617.3,Debit Card
TXN0000715,2025-12-07,20:33:13,NS004,C00223,P0046,2,199,0,398.0,Wallet
TXN0001548,22/12/2025,09:59:59,NS003,C00036,P0003,3,4999,10,13497.3,UPI
TXN0004703,2025-05-20,11:42:45,NS013,C00457,P0004,1,1499,0,1499.0,Wallet
TXN0005077,2025-09-19,21:53:25,NS014,C00447,P0022,3,189,0,567.0,Debit Card
TXN0004460,02-11-2025,17:39:43,NS012,C00099,P0018,3,2499,5,7122.15,Wallet
TXN0000084,2025-05-07,21:17:55,NS003,C00521,P0038,2,149,0,298.0,Cash
TXN0003082,03/18/2025,14:36:12,NS015,C00378,P0030,1,399,20,319.2,Debit Card
TXN0000068,14/11/2025,14:41:43,NS013,C00027,P0030,3,399,10,1077.3,Wallet
TXN0004715,18/09/2025,20:56:05,NS006,C00348,P0022,1,189,5,179.55,Wallet
TXN0002041,14-01-2025,11:35:05,NS014,C00329,P0031,3,1299,0,3897.0,Debit Card
TXN0002510,2025-08-09,19:38:50,NS006,C00412,P0014,3,899,0,2697.0,Cash
TXN0004062,20/02/2025,15:08:06,NS001,C00520,P0043,3,349,15,889.95,UPI
TXN0001191,10/07/2025,15:31:00,NS001,C00026,P0039,3,179,5,510.15,
TXN0004970,2025-02-07,19:28:37,NS001,C00285,P0023,2,159,0,318.0,UPI
TXN0002726,19-08-2025,16:41:02,NS005,C00107,P0007,2,799,20,1278.4,
TXN0000738,2025-12-07,10:03:45,NS003,C00205,P0048,1,399,0,399.0,Cash
TXN0006358,2025-10-11,20:26:03,NS008,C00407,P0012,1,1499,0,1499.0,Wallet
TXN0005773,19/09/2025,12:26:39,NS004,C00048,P0023,3,159,5,453.15,Debit Card
TXN0000707,2025-06-12,19:04:26,NS009,C00018,P0040,3,599,0,1797.0,Credit Card
TXN0001607,24-03-2025,14:19:12,NS011,C00286,P0006,3,399,0,1197.0,UPI
TXN0006192,13/02/2025,12:30:03,NS003,C00442,P0047,1,449,15,381.65,Debit Card
TXN0003353,2025-03-28,13:38:57,NS005,C00020,P0049,1,199,10,179.1,Cash
TXN0002579,2025-11-11,13:16:19,NS011,C00533,P0018,1,2499,15,2124.15,Wallet
TXN0003206,2025-01-06,12:47:25,NS011,C00209,P0004,1,1499,10,1349.1,UPI
TXN0005080,05/07/2025,15:42:23,NS002,C00096,P0034,1,299,10,269.1,Debit Card
TXN0003608,2025-02-13,21:38:31,NS014,C00312,P0030,2,399,5,758.1,Debit Card
TXN0000270,2025-02-25,14:38:49,NS014,C00344,P0002,1,3299,5,3134.05,UPI
TXN0001307,2025-09-12,11:44:56,NS002,C00250,P0024,3,449,0,1347.0,Cash
TXN0006216,2025-03-24,15:53:58,NS015,C00476,P0008,3,3499,0,10497.0,Cash
TXN0000526,2025-07-08,17:52:00,NS010,C00408,P0005,3,1899,0,5697.0,UPI
TXN0002753,26/03/2025,20:45:13,NS009,C00086,P0015,1,1799,0,1799.0,Credit Card
TXN0000177,11/04/2025,09:23:46,NS014,C00105,P0044,1,279,15,237.15,Debit Card
TXN0005721,12/11/2025,09:49:53,NS004,C00522,P0001,1,2499,10,2249.1,Credit Card
TXN0003365,2025-09-29,12:50:55,NS009,C00493,P0008,2,3499,0,6998.0,Credit Card
TXN0000710,18/12/2025,16:58:47,NS004,C00503,P0040,2,599,10,1078.2,Debit Card
TXN0001692,03/29/2025,14:44:27,NS012,C00490,P0009,4,2199,0,8796.0,Cash
TXN0002149,2025-01-27,13:11:58,NS013,C00201,P0037,1,699,20,559.2,Debit Card
TXN0000488,05/10/2025,12:04:37,NS003,C00106,P0047,2,449,5,853.1,UPI
TXN0003714,2025-11-02,13:25:25,NS015,C00423,P0039,4,179,5,680.2,Debit Card
TXN0000637,04-11-2025,18:55:33,NS009,C00049,P0035,2,449,0,898.0,Wallet
TXN0002253,09/22/2025,15:28:37,NS009,C00265,P0030,1,399,15,339.15,Cash
TXN0004185,2025-09-25,13:50:33,NS003,C00300,P0003,2,4999,0,9998.0,Wallet
TXN0005542,2025-12-20,21:22:13,NS003,C00253,P0041,2,249,5,473.1,Credit Card
TXN0004308,2025-04-20,10:40:10,NS007,C00010,P0033,4,999,10,3596.4,Credit Card
TXN0004362,30/09/2025,15:51:47,NS011,C00003,P0032,3,799,0,2397.0,UPI
TXN0001546,2025-08-03,17:53:39,NS001,C00037,P0013,3,1299,15,3312.45,Wallet
TXN0000594,2025-05-05,20:30:46,NS010,C00482,P0003,3,4999,15,12747.45,Debit Card
TXN0005642,20/07/2025,14:06:43,NS002,C00272,P0027,2,249,20,398.4,Wallet
TXN0004136,2025-06-16,12:46:06,NS005,C00307,P0017,3,1199,5,3417.15,Cash
TXN0001306,2025-03-07,12:03:17,NS015,C00153,P0015,1,1799,0,1799.0,Debit Card
TXN0001831,10/17/2025,15:18:16,NS001,C00191,P0036,1,349,10,314.1,UPI
TXN0005443,2025-12-18,09:02:34,NS014,C00144,P0012,1,1499,0,1499.0,Credit Card
TXN0003778,2025-02-13,10:30:15,NS001,C00437,P0045,1,499,0,499.0,Wallet
TXN0006172,27/02/2025,16:52:23,NS007,C00440,P0025,1,49,15,41.65,UPI
TXN0002347,05-01-2025,12:58:19,NS009,C00006,P0005,3,1899,0,5697.0,Debit Card
TXN0006019,2025-09-25,09:02:39,NS005,C00460,P0040,3,599,5,1707.15,Debit Card
TXN0004395,14-11-2025,17:46:02,NS012,C00108,P0042,1,299,20,239.2,Cash
TXN0000457,05/09/2025,11:56:19,NS014,C00238,P0019,3,799,20,1917.6,Debit Card
TXN0005482,2025-06-13,13:06:30,NS011,C00068,P0033,2,999,0,1998.0,
TXN0003332,30/07/2025,14:07:29,NS006,C00507,P0014,2,899,0,1798.0,Wallet
TXN0001380,2025-06-14,20:23:37,NS008,C00009,P0012,3,1499,10,4047.3,Cash
TXN0003894,23-09-2025,21:57:27,NS002,C00435,P0012,3,1499,20,3597.6,Cash
TXN0003247,2025-04-18,14:51:39,NS015,C00529,P0047,2,449,10,808.2,Cash
TXN0004502,24/05/2025,09:11:41,NS015,C00385,P0014,2,899,10,1618.2,Debit Card
TXN0003437,17/08/2025,15:58:43,NS015,C00372,P0050,3,1499,20,3597.6,UPI
TXN0005586,30/07/2025,17:46:07,NS001,C00481,P0041,3,249,15,634.95,UPI
TXN0004441,28/11/2025,14:12:52,NS014,C00005,P0038,1,149,20,119.2,Credit Card
TXN0006373,22/04/2025,10:52:32,NS001,C00093,P0009,3,2199,0,6597.0,
TXN0002241,10/08/2025,15:38:11,NS013,C00172,P0037,3,699,0,2097.0,UPI
TXN0005890,2025-01-02,17:05:06,NS007,C00260,P0017,1,1199,0,1199.0,Debit Card
TXN0003934,2025-10-20,13:50:50,NS005,C00444,P0023,2,159,5,302.1,Cash
TXN0000608,01-07-2025,20:55:36,NS003,C00194,P0050,1,1499,0,1499.0,Credit Card
TXN0004122,11/06/2025,16:31:42,NS006,C00167,P0045,3,499,0,1497.0,Wallet
TXN0004811,17/09/2025,12:10:30,NS002,C00025,P0020,2,3999,0,7998.0,Credit Card
TXN0003185,11/02/2025,14:16:01,NS007,C00234,P0034,2,299,15,508.3,Debit Card
TXN0002727,03-10-2025,10:23:50,NS010,C00432,P0041,2,249,15,423.3,Debit Card
TXN0002607,28/07/2025,20:26:06,NS012,C00200,P0008,2,3499,0,6998.0,Credit Card
TXN0004953,2025-03-27,18:51:34,NS010,C00443,P0039,1,179,0,179.0,UPI
TXN0005366,16/08/2025,16:56:04,NS008,C00469,P0021,2,599,15,1018.3,Wallet
TXN0006162,17/09/2025,09:13:58,NS005,C00148,P0001,3,2499,15,6372.45,Wallet
TXN0005835,2025-08-28,13:58:30,NS008,C00443,P0014,1,899,15,764.15,Credit Card
TXN0003616,2025-02-05,13:34:54,NS006,C00451,P0036,3,349,15,889.95,Debit Card
TXN0005535,2025-10-09,19:39:34,NS003,C00080,P0035,3,449,0,1347.0,Credit Card
TXN0005170,2025-03-16,14:08:34,NS008,C00532,P0038,5,149,15,633.25,UPI
TXN0004884,2025-06-22,14:37:41,NS001,C00321,P0040,2,599,10,1078.2,Debit Card
TXN0001618,08/29/2025,11:08:57,NS004,C00394,P0017,2,1199,20,1918.4,Cash
TXN0005766,13-06-2025,15:12:34,NS001,C00411,P0028,1,25,15,21.25,Debit Card
TXN0002050,2025-07-31,10:56:21,NS015,C00216,P0034,1,299,0,299.0,Cash
TXN0001370,08/24/2025,20:36:33,NS009,C00487,P0042,5,299,15,1270.75,Credit Card
TXN0005153,2025-01-05,18:51:37,NS015,C00524,P0028,4,25,0,100.0,
TXN0002027,13/03/2025,12:02:17,NS001,C00144,P0039,2,179,15,304.3,UPI
TXN0003791,07/06/2025,14:27:41,NS006,C00519,P0003,2,4999,15,8498.3,UPI
TXN0005019,2025-11-28,20:01:46,NS001,C00160,P0042,1,299,5,284.05,UPI
TXN0001296,20/02/2025,18:46:42,NS003,C00070,P0023,3,159,0,477.0,Wallet
TXN0002751,2025-12-30,10:12:13,NS010,C00443,P0045,1 pcs,499,20,399.2,Debit Card
TXN0002368,18-06-2025,14:29:13,NS010,C00322,P0010,1,599,0,599.0,Wallet
TXN0000225,2025-02-27,09:43:35,NS013,C00134,P0022,2,189,10,340.2,Wallet
TXN0005572,2025-02-15,16:57:16,NS001,C00001,P0045,1,499,0,499.0,Cash
TXN0001681,08-12-2025,19:58:25,NS005,C00393,P0007,1,799,0,799.0,
TXN0004391,20/01/2025,09:51:18,NS003,C00241,P0007,2,799,20,1278.4,UPI
TXN0005507,11-07-2025,20:54:03,NS010,C00257,P0007,2,799,0,1598.0,Debit Card
TXN0005459,2025-01-29,18:41:43,NS007,C00231,P0006,2,399,10,718.2,Credit Card
TXN0002424,21/08/2025,18:57:23,NS014,C00307,P0031,2,1299,0,2598.0,Cash
TXN0003451,16-09-2025,13:18:05,NS009,C00309,P0016,2,999,15,1698.3,Cash
TXN0006051,10/12/2025,16:21:04,NS012,C00520,P0045,3,499,10,1347.3,UPI
TXN0005433,2025-08-29,18:28:04,NS002,C00237,P0008,2,3499,15,5948.3,Wallet
TXN0001557,03/14/2025,19:46:01,NS010,C00279,P0020,3,3999,20,9597.6,Debit Card
TXN0003033,2025-05-30,11:46:52,NS007,C00315,P0018,1,2499,5,2374.05,Debit Card
TXN0004154,2025-11-12,10:55:09,NS003,C00524,P0015,1,1799,20,1439.2,Wallet
TXN0000415,05/04/2025,17:03:42,NS005,C00033,P0035,3,449,0,1347.0,Wallet
TXN0002305,20-06-2025,14:23:12,NS014,C00056,P0005,2,1899,0,3798.0,Cash
TXN0004973,22/12/2025,13:54:48,NS013,C00524,P0040,2,599,0,1198.0,Cash
TXN0002925,2025-08-28,09:48:02,NS012,C00211,P0041,2 pcs,249,0,498.0,Credit Card
TXN0003789,2025-01-22,13:21:35,NS005,C00035,P0042,3,299,0,897.0,UPI
TXN0005728,2025-01-21,15:44:39,NS009,C00417,P0017,2,1199,5,2278.1,Wallet
TXN0004072,2025-11-24,16:46:35,NS001,C00217,P0029,3,199,0,597.0,Credit Card
TXN0004360,2025-08-12,19:03:04,NS014,C00526,P0040,1,599,0,599.0,Credit Card
TXN0001194,2025-06-11,14:31:48,NS008,C00349,P0035,1,449,20,359.2,Credit Card
TXN0002606,2025-09-22,11:18:06,NS002,C00368,P0001,2,2499,0,4998.0,Wallet
TXN0001866,29-08-2025,20:04:28,NS001,C00252,P0027,1,249,0,249.0,Wallet
TXN0002562,2025-03-06,20:07:24,NS003,C00348,P0002,2 pcs,3299,0,6598.0,Credit Card
TXN0006519,2025-11-05,21:00:00,NS012,C00368,P9969,2 pcs,565,0,3934,UPI
TXN0000182,28/10/2025,18:30:17,NS012,C00097,P0038,1,149,15,126.65,Debit Card
TXN0006388,2025-10-07,19:30:49,NS001,C00210,P0009,3,2199,0,6597.0,UPI
TXN0001302,2025-12-03,17:08:10,NS012,C00489,P0011,1,599,0,599.0,UPI
TXN0004146,2025-06-22,17:20:39,NS001,C00156,P0016,2,999,0,1998.0,Wallet
TXN0004987,2025-04-03,20:15:24,NS002,C00227,P0044,3,279,0,837.0,Cash
TXN0001324,2025-05-01,13:12:52,NS001,C00247,P0005,1,1899,10,1709.1,
TXN0003728,02/15/2025,20:37:58,NS010,C00394,P0039,5,179,0,895.0,Credit Card
TXN0006297,2025-01-15,15:56:08,NS006,C00380,P0049,2,199,20,318.4,Credit Card
TXN0003371,2025-03-24,19:55:02,NS015,C00168,P0006,1,399,0,399.0,Cash
TXN0005288,2025-02-08,15:40:21,NS004,C00389,P0028,4,25,0,100.0,UPI
TXN0004019,04-09-2025,15:27:31,NS003,C00095,P0039,3,179,0,537.0,UPI
TXN0002217,08/04/2025,21:53:15,NS002,C00482,P0040,3,599,10,1617.3,Credit Card
TXN0003193,11/02/2025,13:17:09,NS007,C00130,P0050,2,1499,5,2848.1,Debit Card
TXN0001072,2025-10-05,20:21:54,NS006,C00275,P0017,2,1199,15,2038.3,Debit Card
TXN0000999,04/17/2025,14:12:53,NS009,C00264,P0038,2,149,0,298.0,Debit Card
TXN0004230,04/07/2025,19:46:45,NS005,C00398,P0048,2,399,0,798.0,Cash
TXN0003370,16/05/2025,17:14:08,NS011,C00359,P0012,3,1499,20,3597.6,Debit Card
TXN0004275,23/11/2025,09:34:55,NS011,C00275,P0015,5,1799,0,8995.0,Cash
TXN0000338,16-05-2025,20:05:22,NS009,C00249,P0043,3,349,0,1047.0,Cash
TXN0001686,25/08/2025,13:29:38,NS003,C00384,P0045,3,499,5,1422.15,UPI
TXN0006387,08/11/2025,10:27:25,NS006,C00331,P0014,4,899,0,3596.0,Cash
TXN0005549,10/03/2025,17:54:03,NS009,C00180,P0002,3,3299,20,7917.6,Wallet
TXN0006522,2025-04-09,16:00:00,NS007,C00269,P9598,2,1521,0,752,Cash
TXN0001409,2025-04-21,21:08:02,NS003,C00304,P0030,1,399,0,399.0,Cash
TXN0005693,2025-03-27,19:01:53,NS013,C00442,P0002,3,3299,0,9897.0,UPI
TXN0001044,26/09/2025,13:04:12,NS004,C00208,P0030,1,399,0,399.0,UPI
TXN0003195,2025-08-26,09:14:15,NS003,C00335,P0030,1,399,5,379.05,Credit Card
TXN0001193,2025-11-11,16:26:03,NS006,C00447,P0017,1,1199,0,1199.0,Credit Card
TXN0003418,02/02/2025,16:38:44,NS011,C00038,P0025,3,49,0,147.0,Debit Card
TXN0003445,2025-06-24,12:43:38,NS014,C00494,P0025,3,49,0,147.0,Credit Card
TXN0005437,2025-07-13,11:44:51,NS008,C00359,P0003,2,4999,20,7998.4,Cash
TXN0005037,26/05/2025,13:15:35,NS013,C00300,P0032,2,799,0,1598.0,Wallet
TXN0000035,2025-02-13,18:34:36,NS013,C00055,P0037,3,699,0,2097.0,Debit Card
TXN0006106,05/22/2025,19:48:33,NS011,C00073,P0010,2,599,0,1198.0,UPI
TXN0002196,04/23/2025,14:23:31,NS004,C00470,P0007,1,799,20,639.2,Credit Card
TXN0002449,17/03/2025,20:45:41,NS013,C00004,P0006,3,399,20,957.6,Credit Card
TXN0002894,2025-11-30,15:11:20,NS014,C00196,P0044,5,279,5,1325.25,Debit Card
TXN0006225,2025-05-17,18:25:19,NS012,C00380,P0045,3,499,5,1422.15,Cash
TXN0000351,2025-12-15,11:21:57,NS008,C00146,P0001,3,2499,20,5997.6,Debit Card
TXN0004969,2025-08-06,15:47:54,NS003,C00172,P0027,3,249,20,597.6,Debit Card
TXN0000651,23-09-2025,19:24:02,NS010,C00111,P0038,3,149,0,447.0,Wallet
TXN0006346,03/10/2025,11:13:37,NS008,C00500,P0001,3,2499,20,5997.6,Debit Card
TXN0004272,2025-03-29,12:16:29,NS009,C00494,P0049,2,199,10,358.2,Credit Card
TXN0001333,03/22/2025,10:19:49,NS006,C00317,P0014,1,899,20,719.2,Wallet
TXN0005838,2025-12-31,17:59:20,NS009,C00106,P0018,3,2499,5,7122.15,UPI
TXN0004097,12/09/2025,09:40:09,NS006,C00035,P0002,2,3299,5,6268.1,UPI
TXN0005158,13/07/2025,10:48:20,NS015,C00248,P0016,1,999,0,999.0,UPI
TXN0002994,11/07/2025,19:39:25,NS007,C00201,P0015,1,1799,0,1799.0,UPI
TXN0005329,08/07/2025,10:52:03,NS002,C00293,P0025,1,49,0,49.0,UPI
TXN0001009,2025-09-02,09:37:08,NS013,C00418,P0013,1,1299,0,1299.0,UPI
TXN0003857,2025-04-04,12:41:01,NS003,C00191,P0034,2,299,20,478.4,Cash
TXN0002366,2025-12-04,17:30:08,NS003,C00361,P0024,2,449,10,808.2,Debit Card
TXN0003203,2025-03-21,15:51:43,NS008,C00304,P0002,3,3299,10,8907.3,UPI
TXN0004437,2025-09-07,14:19:26,NS002,C00269,P0007,1,799,0,799.0,Cash
TXN0004512,29-09-2025,18:35:02,NS001,C00354,P0046,2,199,20,318.4,UPI
TXN0001316,2025-07-05,18:18:49,NS013,C00261,P0020,1,3999,20,3199.2,Debit Card
TXN0001558,2025-04-03,09:13:43,NS003,C00431,P0042,3,299,10,807.3,Credit Card
TXN0005477,29/05/2025,20:54:55,NS001,C00520,P0034,2,299,0,598.0,Credit Card
TXN0002020,2025-09-20,16:46:25,NS010,C00165,P0041,5,249,15,1058.25,Credit Card
TXN0001470,01-10-2025,14:33:06,NS013,C00227,P0001,3,2499,0,7497.0,Cash
TXN0002980,01/12/2025,14:42:48,NS013,C00188,P0027,1,249,0,249.0,Debit Card
TXN0004757,2025-09-24,19:22:08,NS004,C00407,P0017,3,1199,5,3417.15,Cash
TXN0001775,30/12/2025,09:33:11,NS004,C00345,P0015,1,1799,20,1439.2,Debit Card
TXN0004919,27/02/2025,17:49:56,NS013,C00101,P0027,2,249,10,448.2,Debit Card
TXN0005933,16/02/2025,21:19:17,NS002,C00007,P0033,5,999,0,4995.0,Credit Card
TXN0003432,2025-08-03,13:43:29,NS015,C00403,P0002,4,3299,10,11876.4,Cash
TXN0006301,2025-08-12,15:33:18,NS013,C00516,P0041,3,249,0,747.0,UPI
TXN0002976,2025-11-18,09:30:51,NS009,C00113,P0044,3,279,10,753.3,Cash
TXN0006453,15/02/2025,11:35:46,NS005,C00023,P0045,1 pcs,499,5,474.05,Credit Card
TXN0005027,2025-02-07,17:29:56,NS012,C00415,P0022,1,189,0,189.0,Debit Card
TXN0004598,2025-10-12,14:56:25,NS008,C00377,P0014,3 pcs,899,0,2697.0,Credit Card
TXN0005105,02/18/2025,12:13:21,NS003,C00290,P0039,2,179,20,286.4,Debit Card
TXN0003726,2025-11-06,11:30:59,NS011,C00168,P0049,3,199,10,537.3,Wallet
TXN0001263,2025-03-19,09:25:55,NS005,C00446,P0003,3,4999,15,12747.45,Debit Card
TXN0002870,2025-01-01,12:32:20,NS006,C00001,P0050,1,1499,0,1499.0,Wallet
TXN0000071,2025-10-27,19:48:22,NS005,C00150,P0010,2,599,5,1138.1,Wallet
TXN0001675,16/10/2025,17:41:14,NS002,C00130,P0018,2,2499,0,4998.0,UPI
TXN0000906,20-07-2025,18:39:59,NS010,C00202,P0028,1,25,20,20.0,Wallet
TXN0004450,2025-10-05,21:27:36,NS012,C00175,P0011,2,599,20,958.4,Debit Card
TXN0005262,11/08/2025,21:56:59,NS009,C00378,P0035,3,449,5,1279.65,UPI
TXN0000729,31-12-2025,21:05:22,NS010,C00507,P0002,3,3299,15,8412.45,UPI
TXN0003758,2025-10-29,13:22:47,NS002,C00449,P0015,2,1799,10,3238.2,Wallet
TXN0003681,2025-09-12,09:26:08,NS010,C00304,P0024,1,449,0,449.0,Debit Card
TXN0004875,2025-11-01,16:20:22,NS015,C00118,P0010,4,599,0,2396.0,Debit Card
TXN0005582,2025-07-12,09:36:06,NS008,C00385,P0024,1,449,0,449.0,Credit Card
TXN0005541,2025-06-09,13:04:00,NS006,C00470,P0038,2,149,0,298.0,Debit Card
TXN0001155,2025-11-28,16:37:28,NS011,C00124,P0027,2,249,5,473.1,Cash
TXN0005086,13/10/2025,10:48:08,NS015,C00338,P0021,3,599,20,1437.6,Debit Card
TXN0003333,2025-07-07,20:53:31,NS007,C00396,P0023,3,159,10,429.3,Wallet
TXN0000319,29/12/2025,13:29:47,NS013,C00508,P0028,3,25,15,63.75,UPI
TXN0002504,2025-01-18,11:45:31,NS003,C00002,P0047,5,449,0,2245.0,Credit Card
TXN0004867,2025-04-23,17:11:28,NS007,C00328,P0014,2,899,0,1798.0,UPI
TXN0002022,04/05/2025,13:11:13,NS005,C00525,P0001,1,2499,5,2374.05,Cash
TXN0001850,04/24/2025,13:57:24,NS002,C00134,P0007,1,799,0,799.0,Cash
TXN0000312,2025-05-21,11:40:01,NS011,C00106,P0008,2,3499,0,6998.0,Cash
TXN0000181,20/11/2025,14:00:07,NS002,C00085,P0008,2,3499,0,6998.0,Cash
TXN0001321,09/10/2025,18:43:39,NS002,C00418,P0010,3,599,0,1797.0,Credit Card
TXN0005020,2025-07-16,21:54:57,NS010,C00301,P0023,1,159,0,159.0,UPI
TXN0003407,2025-10-18,19:18:10,NS013,C00083,P0041,5,249,5,1182.75,UPI
TXN0005630,27/12/2025,10:04:25,NS001,C00522,P0017,4,1199,0,4796.0,Wallet
TXN0000047,09-05-2025,15:22:53,NS011,C00218,P0038,3,149,5,424.65,Cash
TXN0000130,24-09-2025,15:41:52,NS005,C00025,P0015,3,1799,10,4857.3,Credit Card
TXN0003597,2025-01-16,13:22:25,NS009,C00517,P0045,2,499,15,848.3,Credit Card
TXN0003367,2025-08-20,16:09:34,NS003,C00034,P0017,1,1199,0,1199.0,Wallet
TXN0001910,27/12/2025,19:28:14,NS002,C00522,P0026,5,299,0,1495.0,Cash
TXN0001225,04/18/2025,17:55:32,NS015,C00051,P0046,3,199,0,597.0,UPI
TXN0005757,01/11/2025,16:36:39,NS014,C00103,P0036,3,349,10,942.3,Cash
TXN0001285,13-07-2025,11:21:20,NS001,C00224,P0011,3,599,0,1797.0,Cash
TXN0005301,11/25/2025,19:55:30,NS002,C00395,P0005,2,1899,5,3608.1,Wallet
TXN0001812,22/03/2025,21:29:48,NS006,C00479,P0045,5,499,10,2245.5,UPI
TXN0005274,2025-04-02,12:38:59,NS012,C00408,P0001,2,2499,0,4998.0,Credit Card
TXN0002090,03/27/2025,21:30:30,NS008,C00119,P0008,3,3499,5,9972.15,UPI
TXN0003719,25/09/2025,19:38:19,NS013,C00473,P0025,2,49,15,83.3,Cash
TXN0004556,31/07/2025,12:02:29,NS011,C00031,P0030,3,399,0,1197.0,Cash
TXN0001793,2025-09-21,17:35:25,NS011,C00286,P0041,1,249,20,199.2,Wallet
TXN0006065,08-02-2025,12:56:29,NS001,C00260,P0043,3,349,0,1047.0,UPI
TXN0005091,08-07-2025,11:39:46,NS012,C00457,P0027,2,249,10,448.2,Debit Card
TXN0003473,25-12-2025,09:43:15,NS002,C00424,P0007,1,799,5,759.05,Cash
TXN0004826,12/20/2025,15:44:16,NS008,C00265,P0001,1 pcs,2499,0,2499.0,Credit Card
TXN0001297,10/21/2025,20:00:43,NS006,C00097,P0028,1,25,0,25.0,Wallet
TXN0002804,26-09-2025,16:02:43,NS015,C00535,P0039,2,179,0,358.0,Cash
TXN0000699,05/12/2025,20:59:44,NS007,C00292,P0035,2,449,5,853.1,Wallet
TXN0006189,31/01/2025,15:23:36,NS013,C00384,P0038,1,149,10,134.1,Debit Card
TXN0000275,28-10-2025,16:37:55,NS014,C00039,P0019,1,799,0,799.0,Debit Card
TXN0001604,02-01-2025,15:14:19,NS004,C00346,P0044,3,279,5,795.15,Wallet
TXN0004219,2025-05-22,15:05:55,NS012,C00242,P0026,1,299,20,239.2,Debit Card
TXN0000684,2025-09-12,11:39:58,NS006,C00466,P0043,3,349,15,889.95,Debit Card
TXN0000711,09/03/2025,11:29:34,NS015,C00369,P0015,1,1799,5,1709.05,UPI
TXN0003824,2025-01-17,15:07:57,NS012,C00212,P0007,2,799,20,1278.4,Wallet
TXN0002734,2025-07-12,12:15:22,NS007,C00055,P0021,5,599,0,2995.0,Cash
TXN0006408,2025-09-19,14:56:26,NS006,C00392,P0001,2,2499,0,4998.0,UPI
TXN0003810,2025-04-09,18:25:59,NS006,C00169,P0020,1,3999,20,3199.2,Debit Card
TXN0000432,04-03-2025,17:51:03,NS010,C00484,P0043,3 pcs,349,20,837.6,Credit Card
TXN0002203,2025-04-23,18:58:41,NS004,C00412,P0047,1,449,0,449.0,Credit Card
TXN0004537,2025-01-18,11:44:39,NS012,C00194,P0013,4,1299,5,4936.2,Cash
TXN0001322,2025-12-31,18:36:43,NS007,C00270,P0015,1,1799,10,1619.1,UPI
TXN0003607,25/09/2025,14:12:11,NS010,C00480,P0016,2,999,0,1998.0,Cash
TXN0003963,23/06/2025,11:00:45,NS015,C00342,P0002,3,3299,10,8907.3,UPI
TXN0003003,2025-03-12,13:54:08,NS010,C00364,P0007,3,799,10,2157.3,UPI
TXN0000286,28/08/2025,16:06:05,NS003,C00111,P0026,2,299,0,598.0,Debit Card
TXN0004451,2025-11-28,10:23:17,NS002,C00357,P0045,1,499,0,499.0,Debit Card
TXN0002849,2025-12-10,19:47:10,NS006,C00400,P0043,2,349,0,698.0,UPI
TXN0004832,13/11/2025,15:31:32,NS004,C00317,P0013,2,1299,10,2338.2,Wallet
TXN0000536,2025-01-09,13:40:02,NS010,C00115,P0023,3,159,0,477.0,Wallet
TXN0005411,29/05/2025,12:09:35,NS003,C00235,P0039,1,179,0,179.0,UPI
TXN0005898,19/03/2025,14:16:42,NS011,C00469,P0012,2,1499,0,2998.0,Cash
TXN0001309,12/16/2025,09:22:45,NS013,C00237,P0029,2,199,20,318.4,Credit Card
TXN0002072,25-02-2025,13:25:07,NS008,C00354,P0034,3,299,0,897.0,Wallet
TXN0003572,01/02/2025,20:06:24,NS007,C00241,P0050,4,1499,15,5096.6,UPI
TXN0001559,2025-02-18,11:30:26,NS002,C00477,P0039,2,179,0,358.0,UPI
TXN0002197,2025-01-24,11:13:43,NS011,C00296,P0043,2,349,0,698.0,Credit Card
TXN0002542,2025-11-08,12:25:47,NS010,C00296,P0006,2,399,15,678.3,Credit Card
TXN0004725,11/15/2025,16:39:37,NS012,C00531,P0029,2,199,10,358.2,Debit Card
TXN0004243,19-03-2025,15:00:28,NS005,C00116,P0032,1,799,15,679.15,
TXN0000811,11/06/2025,09:20:19,NS009,C00463,P0014,3,899,15,2292.45,Cash
TXN0004984,27/11/2025,18:39:37,NS003,C00476,P0022,1,189,0,189.0,Debit Card
TXN0002951,16-07-2025,13:52:29,NS012,C00019,P0020,3,3999,0,11997.0,Credit Card
TXN0002558,11/09/2025,11:59:58,NS004,C00358,P0034,2,299,10,538.2,UPI
TXN0006242,2025-12-08,11:15:18,NS011,C00181,P0024,1,449,0,449.0,Cash
TXN0006023,2025-07-12,14:08:30,NS004,C00413,P0001,1,2499,20,1999.2,Credit Card
TXN0002910,17-10-2025,20:33:05,NS009,C00112,P0042,1,299,0,299.0,Wallet
TXN0000250,03/28/2025,12:06:18,NS006,C00079,P0040,2,599,0,1198.0,Credit Card
TXN0004434,2025-12-08,11:29:27,NS001,C00508,P0035,1,449,0,449.0,Credit Card
TXN0005503,26/10/2025,20:43:38,NS013,C00011,P0027,2,249,0,498.0,Cash
TXN0006510,2025-02-17,09:00:00,NS014,C00066,P9035,2,1505,0,633,UPI
TXN0005010,2025-05-01,17:26:28,NS007,C00474,P0018,2,2499,0,4998.0,UPI
TXN0001885,24/08/2025,12:41:30,NS002,C00462,P0040,5,599,0,2995.0,UPI
TXN0005839,18/10/2025,20:12:26,NS009,C00479,P0027,1,249,0,249.0,Debit Card
TXN0001139,2025-05-09,10:08:53,NS013,C00258,P0030,2,399,0,798.0,Cash
TXN0001711,21/02/2025,16:01:05,NS014,C00507,P0040,3,599,0,1797.0,UPI
TXN0005446,2025-02-17,17:11:16,NS013,C00477,P0023,3,159,0,477.0,Cash
TXN0000001,06/23/2025,20:42:29,NS003,C00301,P0047,3,449,15,1144.95,Debit Card
TXN0003186,2025-01-05,09:47:29,NS011,C00077,P0050,3,1499,0,4497.0,Debit Card
TXN0005869,04-04-2025,19:56:40,NS011,C00165,P0047,1,449,0,449.0,Credit Card
TXN0002790,28/09/2025,17:17:12,NS014,C00486,P0030,1,399,0,399.0,Debit Card
TXN0002812,2025-10-05,20:53:13,NS009,C00221,P0037,3,699,20,1677.6,Cash
TXN0000824,03-09-2025,12:42:30,NS008,C00491,P0014,1,899,0,899.0,Debit Card
TXN0000954,13/04/2025,19:53:38,NS010,C00366,P0007,4,799,20,2556.8,Wallet
TXN0002622,12/18/2025,16:17:24,NS015,C00109,P0048,1,399,0,399.0,Wallet
TXN0004476,04/07/2025,14:08:21,NS009,C00424,P0036,2,349,15,593.3,Wallet
TXN0003646,13-07-2025,16:54:35,NS013,C00395,P0019,3,799,10,2157.3,Credit Card
TXN0006141,30-05-2025,19:25:20,NS009,C00273,P0013,3,1299,15,3312.45,Wallet
TXN0001235,01-01-2025,17:20:06,NS007,C00276,P0050,3,1499,20,3597.6,Cash
TXN0004643,2025-10-24,09:21:16,NS015,C00267,P0032,2,799,10,1438.2,Wallet
TXN0003669,09-09-2025,17:40:06,NS004,C00024,P0019,3,799,10,2157.3,Cash
TXN0001008,27/09/2025,18:18:06,NS009,C00300,P0015,2,1799,15,3058.3,Wallet
TXN0005072,18/07/2025,17:56:35,NS002,C00221,P0046,3,199,0,597.0,Debit Card
TXN0001855,18/06/2025,13:04:24,NS009,C00051,P0025,3,49,0,147.0,UPI
TXN0000949,04/23/2025,17:32:41,NS015,C00149,P0008,2,3499,10,6298.2,Wallet
TXN0000128,2025-11-14,11:23:31,NS005,C00207,P0010,2,599,0,1198.0,Cash
TXN0005927,03/06/2025,09:18:31,NS011,C00424,P0005,3,1899,5,5412.15,Credit Card
TXN0005900,13-12-2025,20:37:22,NS014,C00460,P0039,1,179,0,179.0,Credit Card
TXN0005719,05/27/2025,18:54:08,NS004,C00002,P0001,3,2499,0,7497.0,UPI
TXN0003690,03/26/2025,19:51:33,NS009,C00353,P0012,1,1499,0,1499.0,Credit Card
TXN0003351,2025-01-24,13:38:46,NS012,C00396,P0006,3,399,0,1197.0,Debit Card
TXN0004701,2025-12-16,13:32:59,NS002,C00009,P0047,3,449,5,1279.65,Credit Card
TXN0004350,2025-07-01,15:20:01,NS005,C00364,P0026,3,299,15,762.45,Wallet
TXN0004010,14-05-2025,20:25:31,NS013,C00020,P0034,3,299,0,897.0,Credit Card
TXN0000625,2025-09-01,13:08:20,NS011,C00375,P0040,3,599,0,1797.0,Debit Card
TXN0004624,22-05-2025,10:11:38,NS009,C00153,P0039,3,179,5,510.15,Credit Card
TXN0001872,01-07-2025,15:48:44,NS008,C00307,P0033,1,999,10,899.1,Debit Card
TXN0002114,11/26/2025,12:21:44,NS005,C00067,P0022,3,189,0,567.0,
TXN0005854,2025-08-15,18:37:31,NS004,C00263,P0007,1,799,10,719.1,Cash
TXN0004647,2025-01-13,18:39:44,NS011,C00478,P0046,1,199,10,179.1,Credit Card
TXN0005782,10/10/2025,19:12:19,NS009,C00383,P0027,2,249,0,498.0,UPI
TXN0000251,13-02-2025,18:09:11,NS007,C00343,P0039,1,179,15,152.15,UPI
TXN0003739,21/08/2025,17:15:06,NS013,C00011,P0008,3,3499,10,9447.3,Cash
TXN0004259,2025-11-28,09:21:00,NS014,C00502,P0007,3,799,20,1917.6,Cash
TXN0000206,2025-03-29,10:21:58,NS011,C00256,P0035,1,449,5,426.55,Credit Card
TXN0004991,09-02-2025,09:48:15,NS012,C00497,P0002,5,3299,20,13196.0,Cash
TXN0001164,2025-03-03,14:33:32,NS012,C00239,P0037,2,699,10,1258.2,Debit Card
TXN0002223,04-08-2025,10:52:45,NS003,C00193,P0026,1,299,0,299.0,Wallet
TXN0006033,08/16/2025,13:10:28,NS004,C00323,P0037,5,699,5,3320.25,Cash
TXN0004332,2025-10-29,18:17:07,NS004,C00398,P0025,2,49,5,93.1,
TXN0000615,2025-01-09,21:26:25,NS014,C00103,P0023,2,159,5,302.1,Cash
TXN0001464,2025-11-01,19:43:31,NS005,C00361,P0044,5,279,5,1325.25,Debit Card
TXN0000070,2025-08-04,18:28:11,NS004,C00141,P0003,1,4999,0,4999.0,Credit Card
TXN0005834,2025-07-12,12:04:58,NS008,C00347,P0041,3,249,0,747.0,UPI
TXN0004371,03-05-2025,19:46:48,NS011,C00215,P0012,5,1499,0,7495.0,Debit Card
TXN0004860,23/10/2025,09:49:43,NS003,C00365,P0029,3,199,10,537.3,UPI
TXN0002238,2025-11-22,14:05:43,NS011,C00058,P0033,2,999,15,1698.3,Cash
TXN0005860,19/02/2025,09:27:48,NS007,C00497,P0009,2,2199,0,4398.0,Debit Card
TXN0001233,2025-02-08,20:02:27,NS007,C00400,P0028,3,25,0,75.0,Cash
TXN0002178,2025-04-11,13:20:03,NS001,C00182,P0001,1,2499,15,2124.15,Wallet
TXN0004216,2025-10-22,10:59:02,NS001,C00072,P0030,3,399,0,1197.0,Credit Card
TXN0004109,2025-05-30,11:39:32,NS003,C00254,P0005,2,1899,5,3608.1,UPI
TXN0003354,09/24/2025,18:45:20,NS007,C00089,P0015,3,1799,5,5127.15,Credit Card
TXN0002222,04/11/2025,11:20:35,NS015,C00069,P0041,3,249,5,709.65,Debit Card
TXN0002940,19/07/2025,16:35:43,NS002,C00486,P0049,1,199,5,189.05,Wallet
TXN0005231,08/11/2025,10:44:12,NS007,C00376,P0027,3,249,0,747.0,UPI
TXN0001918,15/04/2025,21:28:18,NS001,C00132,P0038,3,149,0,447.0,Wallet
TXN0000823,2025-01-07,19:17:37,NS009,C00010,P0020,1,3999,10,3599.1,UPI
TXN0001980,14/11/2025,12:18:09,NS002,C00206,P0017,3,1199,10,3237.3,Credit Card
TXN0004079,07-01-2025,14:28:28,NS005,C00417,P0025,1,49,0,49.0,Wallet
TXN0003384,2025-05-11,12:54:24,NS009,C00032,P0005,5,1899,0,9495.0,Credit Card
TXN0002672,24-07-2025,10:36:38,NS002,C00268,P0036,1,349,20,279.2,Cash
TXN0005976,20/05/2025,14:57:36,NS009,C00524,P0010,3,599,15,1527.45,Wallet
TXN0000395,2025-10-19,21:33:19,NS002,C00121,P0032,2,799,0,1598.0,Wallet
TXN0004577,09/30/2025,15:40:38,NS014,C00404,P0028,2,25,0,50.0,Cash
TXN0004326,2025-10-13,12:03:24,NS011,C00215,P0027,2,249,20,398.4,
TXN0005043,2025-01-05,19:40:57,NS003,C00355,P0048,3,399,0,1197.0,Wallet
TXN0000794,2025-11-29,18:53:54,NS007,C00501,P0015,1,1799,5,1709.05,Credit Card
TXN0006384,04/18/2025,13:02:08,NS012,C00306,P0012,3,1499,0,4497.0,Cash
TXN0004686,2025-11-08,19:54:12,NS011,C00274,P0039,4,179,0,716.0,UPI
TXN0005217,2025-07-03,18:54:44,NS011,C00368,P0021,3,599,0,1797.0,Wallet
TXN0002458,2025-03-08,18:08:02,NS002,C00159,P0036,3,349,0,1047.0,UPI
TXN0003856,22-03-2025,12:23:38,NS006,C00090,P0031,4,1299,0,5196.0,Credit Card
TXN0003767,18/12/2025,13:23:42,NS001,C00455,P0046,1,199,15,169.15,UPI
TXN0004978,2025-05-14,19:35:28,NS006,C00460,P0037,3,699,20,1677.6,Credit Card
TXN0002533,07/13/2025,19:38:09,NS015,C00312,P0047,4,449,15,1526.6,Wallet
TXN0001991,2025-07-18,17:16:52,NS006,C00346,P0011,2,599,0,1198.0,Debit Card
TXN0004557,05/02/2025,10:08:18,NS014,C00297,P0034,1,299,10,269.1,Debit Card
TXN0004205,06-05-2025,15:32:01,NS009,C00342,P0036,3,349,5,994.65,Credit Card
TXN0001013,23/09/2025,10:47:08,NS007,C00019,P0003,1,4999,0,4999.0,Wallet
TXN0000253,31-12-2025,21:00:55,NS015,C00153,P0050,3,1499,0,4497.0,Credit Card
TXN0001931,2025-06-21,20:46:13,NS014,C00278,P0050,3,1499,5,4272.15,Wallet
TXN0004640,03/04/2025,19:24:30,NS006,C00398,P0012,2,1499,10,2698.2,Credit Card
TXN0005380,2025-11-14,20:36:39,NS011,C00513,P0018,2,2499,20,3998.4,Debit Card
TXN0003683,2025-11-25,12:39:04,NS001,C00223,P0012,1,1499,0,1499.0,Wallet
TXN0000499,2025-11-17,18:52:01,NS014,C00483,P0039,3,179,20,429.6,Debit Card
TXN0004203,28/03/2025,17:39:37,NS011,C00002,P0044,3,279,15,711.45,
TXN0005888,2025-11-10,12:05:48,NS012,C00083,P0045,2,499,15,848.3,Debit Card
TXN0004877,2025-03-23,16:24:27,NS007,C00179,P0008,2,3499,20,5598.4,Credit Card
TXN0005334,09-02-2025,12:54:34,NS004,C00315,P0032,4,799,0,3196.0,Credit Card
TXN0005103,2025-01-10,11:24:51,NS006,C00062,P0042,1,299,0,299.0,Credit Card
TXN0005251,2025-04-02,13:11:12,NS015,C00180,P0046,3,199,15,507.45,UPI
TXN0006182,02/04/2025,13:16:50,NS014,C00270,P0002,3,3299,15,8412.45,Debit Card
TXN0003235,2025-08-04,21:17:11,NS004,C00216,P0021,3,599,5,1707.15,UPI
TXN0003590,25-01-2025,19:53:14,NS008,C00403,P0023,3,159,0,477.0,Wallet
TXN0003688,2025-03-14,12:37:14,NS010,C00133,P0009,2,2199,0,4398.0,Credit Card
TXN0003168,2025-12-13,09:08:04,NS009,C00157,P0020,1,3999,5,3799.05,Cash
TXN0000974,26/09/2025,13:16:21,NS009,C00140,P0012,1,1499,15,1274.15,Debit Card
TXN0005071,2025-01-04,10:35:42,NS011,C00160,P0001,5,2499,20,9996.0,Cash
TXN0005155,15-09-2025,20:14:22,NS012,C00500,P0024,2,449,0,898.0,Credit Card
TXN0003110,18/01/2025,12:24:37,NS012,C00383,P0029,3,199,15,507.45,UPI
TXN0004776,13/02/2025,09:58:25,NS006,C00403,P0047,1,449,0,449.0,
TXN0000449,08-09-2025,09:23:13,NS005,C00437,P0047,2,449,0,898.0,
TXN0002506,25/04/2025,20:49:01,NS009,C00228,P0004,2,1499,20,2398.4,Wallet
TXN0002404,08/11/2025,15:50:58,NS005,C00034,P0037,4,699,0,2796.0,UPI
TXN0005937,2025-02-17,19:15:47,NS010,C00456,P0050,3,1499,0,4497.0,UPI
TXN0001535,2025-04-14,12:37:32,NS013,C00067,P0033,2,999,0,1998.0,Wallet
TXN0005523,2025-12-31,20:25:23,NS002,C00210,P0010,2,599,0,1198.0,Cash
TXN0000645,2025-12-05,10:34:47,NS010,C00466,P0010,1,599,10,539.1,Credit Card
TXN0001611,2025-01-07,16:52:07,NS004,C00110,P0049,3,199,20,477.6,Cash
TXN0002720,26-04-2025,16:05:47,NS001,C00417,P0012,5 pcs,1499,0,7495.0,UPI
TXN0004758,02/22/2025,09:51:02,NS013,C00175,P0003,5,4999,15,21245.75,Debit Card
TXN0000183,27/11/2025,13:36:08,NS002,C00334,P0005,3,1899,0,5697.0,Debit Card
TXN0005707,24/07/2025,19:50:35,NS004,C00003,P0041,2,249,20,398.4,UPI
TXN0005500,2025-05-08,19:21:32,NS013,C00450,P0044,3,279,0,837.0,Wallet
TXN0005104,2025-03-13,10:17:48,NS003,C00041,P0047,2,449,15,763.3,Credit Card
TXN0005154,27-11-2025,14:44:01,NS015,C00335,P0005,2,1899,0,3798.0,Credit Card
TXN0004021,2025-07-05,11:47:23,NS010,C00497,P0035,2,449,0,898.0,Debit Card
TXN0002621,2025-08-23,20:04:08,NS011,C00520,P0041,5,249,0,1245.0,Cash
TXN0006203,2025-04-26,20:29:40,NS011,C00268,P0017,5,1199,10,5395.5,Cash
TXN0005996,2025-10-17,21:42:41,NS015,C00194,P0040,2,599,15,1018.3,Credit Card
TXN0003861,2025-03-25,10:20:33,NS008,C00119,P0026,3,299,0,897.0,Cash
TXN0002481,2025-11-25,15:39:31,NS010,C00148,P0047,3,449,0,1347.0,Debit Card
TXN0000902,2025-12-04,21:36:55,NS012,C00189,P0001,1,2499,5,2374.05,Debit Card
TXN0002434,27-01-2025,12:39:37,NS015,C00236,P0017,2,1199,15,2038.3,Cash
TXN0004786,14/04/2025,19:52:01,NS005,C00482,P0001,3,2499,0,7497.0,Wallet
TXN0001818,2025-03-05,16:03:20,NS012,C00418,P0025,1,49,0,49.0,Debit Card
TXN0004676,2025-09-19,18:39:32,NS004,C00042,P0007,2,799,0,1598.0,Credit Card
TXN0005021,03/11/2025,13:50:21,NS012,C00251,P0014,2,899,15,1528.3,Debit Card
TXN0004682,25/02/2025,18:51:42,NS001,C00069,P0016,2,999,5,1898.1,Cash
TXN0002139,2025-12-20,19:48:17,NS005,C00401,P0043,5,349,10,1570.5,Debit Card
TXN0005688,17-04-2025,13:48:46,NS005,C00359,P0015,3,1799,20,4317.6,Credit Card
TXN0006298,2025-06-02,11:46:32,NS005,C00514,P0019,1,799,0,799.0,Debit Card
TXN0004078,2025-08-11,17:19:52,NS001,C00452,P0034,2,299,15,508.3,Credit Card
TXN0005944,2025-02-19,15:35:10,NS014,C00333,P0008,2,3499,0,6998.0,Wallet
TXN0005406,2025-06-07,11:16:24,NS015,C00384,P0022,2,189,10,340.2,Debit Card
TXN0003602,07-05-2025,10:25:01,NS003,C00406,P0039,3,179,10,483.3,Debit Card
TXN0003258,2025-06-11,18:04:48,NS002,C00056,P0026,3,299,15,762.45,Debit Card
TXN0005571,2025-09-01,15:41:24,NS007,C00313,P0036,1,349,5,331.55,UPI
TXN0003095,08/03/2025,16:46:31,NS005,C00522,P0029,3,199,20,477.6,Debit Card
TXN0003927,08-10-2025,18:01:54,NS004,C00322,P0045,3,499,10,1347.3,Cash
TXN0004119,2025-11-23,11:24:42,NS004,C00190,P0029,4,199,0,796.0,Credit Card
TXN0000587,2025-08-30,13:59:39,NS004,C00159,P0021,2,599,0,1198.0,Debit Card
TXN0003474,07/09/2025,11:51:43,NS012,C00090,P0025,3,49,10,132.3,Debit Card
TXN0001063,08/10/2025,18:45:44,NS005,C00520,P0019,2,799,5,1518.1,Wallet
TXN0003480,2025-02-06,18:21:26,NS004,C00192,P0009,2,2199,10,3958.2,
TXN0004932,2025-08-13,13:29:53,NS003,C00057,P0019,2,799,5,1518.1,Credit Card
TXN0003271,2025-01-23,09:31:17,NS007,C00102,P0018,1,2499,0,2499.0,Debit Card
TXN0004232,2025-02-18,14:06:38,NS009,C00008,P0026,3,299,0,897.0,Wallet
TXN0001247,2025-07-10,09:20:27,NS013,C00518,P0009,1,2199,0,2199.0,UPI
TXN0004433,2025-01-23,15:19:34,NS008,C00531,P0020,1,3999,0,3999.0,Wallet
TXN0004228,2025-06-02,11:43:24,NS008,C00370,P0003,1,4999,5,4749.05,Debit Card
TXN0000094,2025-05-14,13:18:52,NS006,C00414,P0026,3,299,0,897.0,Debit Card
TXN0003786,2025-07-09,16:47:59,NS013,C00311,P0038,1,149,0,149.0,Debit Card
TXN0004181,08/01/2025,12:39:31,NS004,C00121,P0030,2,399,0,798.0,Credit Card
TXN0002620,2025-04-16,20:33:38,NS013,C00385,P0004,1,1499,0,1499.0,Credit Card
TXN0003350,09-04-2025,19:15:16,NS011,C00258,P0028,2,25,15,42.5,Cash
TXN0003002,27-09-2025,14:54:05,NS009,C00161,P0032,2,799,0,1598.0,Wallet
TXN0000752,2025-02-18,16:09:17,NS006,C00203,P0002,2,3299,15,5608.3,UPI
TXN0000829,04/05/2025,13:31:49,NS002,C00444,P0039,1,179,15,152.15,Cash
TXN0005403,14/09/2025,16:39:03,NS009,C00441,P0043,5,349,15,1483.25,Credit Card
TXN0006016,25/02/2025,16:35:57,NS013,C00106,P0048,2,399,0,798.0,Debit Card
TXN0002444,31-10-2025,19:08:34,NS013,C00484,P0037,3,699,20,1677.6,UPI
TXN0001378,11/06/2025,16:12:02,NS010,C00396,P0018,3,2499,15,6372.45,Wallet
TXN0000918,02-07-2025,14:11:24,NS013,C00194,P0035,2,449,0,898.0,Wallet
TXN0001873,24/11/2025,12:36:16,NS011,C00020,P0022,3,189,0,567.0,UPI
TXN0005657,2025-06-27,12:10:06,NS007,C00333,P0023,2,159,0,318.0,UPI
TXN0004468,20/05/2025,13:39:41,NS011,C00293,P0031,3,1299,0,3897.0,Cash
TXN0006348,2025-05-08,11:39:36,NS004,C00147,P0007,1,799,0,799.0,Debit Card
TXN0003700,2025-05-24,16:31:36,NS007,C00141,P0026,2,299,15,508.3,Credit Card
TXN0000404,13/07/2025,15:44:27,NS009,C00142,P0008,4,3499,0,13996.0,Wallet
TXN0000556,14/11/2025,10:38:36,NS012,C00419,P0002,2,3299,0,6598.0,UPI
TXN0004105,27-04-2025,11:37:44,NS005,C00354,P0044,4,279,15,948.6,Debit Card
TXN0003246,2025-04-03,19:44:20,NS010,C00424,P0050,1,1499,0,1499.0,UPI
TXN0003697,07-12-2025,17:48:36,NS009,C00445,P0014,4,899,0,3596.0,UPI
TXN0001564,19/09/2025,16:52:42,NS009,C00091,P0037,1,699,0,699.0,Debit Card
TXN0002207,2025-09-23,10:34:07,NS008,C00411,P0042,1,299,20,239.2,Credit Card
TXN0000632,15/05/2025,10:47:17,NS011,C00527,P0022,2,189,0,378.0,Credit Card
TXN0004497,17/06/2025,11:12:11,NS013,C00379,P0045,3,499,0,1497.0,
TXN0000202,26/03/2025,10:47:18,NS009,C00505,P0001,2,2499,0,4998.0,Debit Card
TXN0000423,09/11/2025,10:28:11,NS005,C00283,P0017,4,1199,0,4796.0,UPI
TXN0000658,2025-11-24,18:31:40,NS003,C00392,P0013,2,1299,20,2078.4,Credit Card
TXN0003613,26/02/2025,16:56:20,NS007,C00285,P0014,1,899,20,719.2,UPI
TXN0002581,13/01/2025,17:01:20,NS009,C00512,P0031,1,1299,10,1169.1,Credit Card
TXN0003509,29-07-2025,10:46:56,NS004,C00448,P0022,3,189,10,510.3,Cash
TXN0003024,2025-12-15,14:49:10,NS002,C00468,P0038,1,149,0,149.0,Debit Card
TXN0000910,2025-04-28,16:15:25,NS001,C00441,P0004,1,1499,5,1424.05,Wallet
TXN0002914,01/06/2025,11:40:20,NS004,C00335,P0008,1,3499,20,2799.2,Wallet
TXN0003130,23/03/2025,18:17:32,NS002,C00298,P0008,3,3499,0,10497.0,
TXN0002394,28/11/2025,10:44:37,NS004,C00456,P0047,2,449,5,853.1,Cash
TXN0005225,15-05-2025,11:58:41,NS007,C00046,P0022,3,189,0,567.0,Credit Card
TXN0001368,18/10/2025,15:02:36,NS009,C00486,P0014,1,899,0,899.0,Debit Card
TXN0002387,04/03/2025,19:26:15,NS015,C00483,P0038,2,149,0,298.0,UPI
TXN0005272,03/09/2025,20:10:38,NS012,C00412,P0015,2,1799,5,3418.1,Cash
TXN0003784,13-06-2025,17:28:09,NS004,C00351,P0032,3,799,5,2277.15,Credit Card
TXN0004962,2025-02-24,21:04:34,NS003,C00197,P0027,1,249,20,199.2,UPI
TXN0000639,2025-11-09,12:17:03,NS007,C00304,P0025,5,49,15,208.25,Debit Card
TXN0000646,2025-01-21,13:07:40,NS008,C00437,P0038,1 pcs,149,20,119.2,Credit Card
TXN0000310,13/11/2025,10:36:24,NS001,C00134,P0030,3,399,10,1077.3,UPI
TXN0002582,2025-12-26,19:42:50,NS012,C00058,P0050,3,1499,15,3822.45,
TXN0001454,2025-04-06,18:46:54,NS002,C00489,P0021,1,599,15,509.15,Debit Card
TXN0002421,04/08/2025,20:46:28,NS006,C00512,P0017,2,1199,0,2398.0,Cash
TXN0003794,20/05/2025,21:39:40,NS014,C00417,P0026,3,299,0,897.0,Wallet
TXN0004110,2025-03-04,11:27:22,NS009,C00358,P0039,2,179,0,358.0,UPI
TXN0002660,23/03/2025,17:53:44,NS012,C00027,P0006,2,399,15,678.3,Wallet
TXN0001278,2025-05-23,09:56:13,NS007,C00047,P0033,3,999,5,2847.15,Cash
TXN0005444,2025-05-01,11:02:34,NS010,C00241,P0037,3,699,10,1887.3,Debit Card
TXN0003506,2025-06-30,14:08:32,NS015,C00171,P0009,3,2199,15,5607.45,Cash
TXN0001273,22-03-2025,21:51:44,NS015,C00052,P0006,3,399,0,1197.0,Credit Card
TXN0002916,28/04/2025,17:11:32,NS008,C00163,P0001,2,2499,20,3998.4,Debit Card
TXN0003654,2025-12-19,12:17:26,NS013,C00092,P0026,2,299,15,508.3,Cash
TXN0006257,2025-03-12,10:43:38,NS009,C00369,P0030,2,399,20,638.4,UPI
TXN0005099,14/09/2025,20:31:39,NS012,C00365,P0030,5,399,20,1596.0,Cash
TXN0001260,09/21/2025,16:12:51,NS005,C00085,P0014,1,899,0,899.0,Credit Card
TXN0004049,2025-07-07,15:51:02,NS008,C00083,P0010,2,599,0,1198.0,UPI
TXN0006107,13-06-2025,11:05:38,NS008,C00277,P0031,2,1299,0,2598.0,Credit Card
TXN0000764,2025-10-02,21:41:12,NS015,C00124,P0019,3,799,0,2397.0,UPI
TXN0002930,2025-04-06,18:20:16,NS009,C00042,P0029,1,199,5,189.05,Debit Card
TXN0000967,2025-07-11,11:43:53,NS015,C00431,P0007,1,799,0,799.0,UPI
TXN0005727,21-01-2025,17:04:54,NS007,C00070,P0037,2,699,15,1188.3,Debit Card
TXN0003651,2025-12-07,14:05:30,NS013,C00458,P0045,3,499,0,1497.0,Wallet
TXN0002085,2025-12-15,13:59:27,NS007,C00497,P0039,1,179,0,179.0,UPI
TXN0003056,13/11/2025,14:54:08,NS008,C00020,P0046,1,199,10,179.1,Wallet
TXN0002896,2025-05-27,17:40:25,NS002,C00481,P0019,3,799,15,2037.45,Wallet
TXN0000327,2025-12-10,19:26:43,NS013,C00446,P0021,2,599,0,1198.0,UPI
TXN0002088,2025-06-13,17:23:19,NS007,C00110,P0016,1 pcs,999,20,799.2,UPI
TXN0005774,2025-01-18,19:50:54,NS005,C00235,P0022,1,189,20,151.2,Credit Card
TXN0002295,06/08/2025,16:30:19,NS002,C00209,P0006,2,399,10,718.2,Cash
TXN0003304,30/06/2025,15:10:52,NS005,C00278,P0027,3,249,0,747.0,UPI
TXN0003705,2025-12-25,10:40:44,NS013,C00015,P0043,3,349,0,1047.0,Cash
TXN0001282,08/08/2025,17:03:04,NS009,C00397,P0046,2,199,20,318.4,Credit Card
TXN0005562,05/11/2025,17:17:33,NS012,C00209,P0018,1,2499,0,2499.0,Wallet
TXN0002349,2025-05-20,09:22:15,NS010,C00158,P0026,1,299,15,254.15,Debit Card
TXN0000991,2025-05-05,10:09:44,NS007,C00303,P0047,1,449,5,426.55,Debit Card
TXN0002517,02/05/2025,16:08:19,NS007,C00100,P0026,1,299,0,299.0,UPI
TXN0000283,20-09-2025,14:23:05,NS011,C00424,P0033,4,999,5,3796.2,Cash
TXN0000030,04-04-2025,16:00:07,NS009,C00358,P0005,1,1899,15,1614.15,Debit Card
TXN0005767,11/15/2025,09:38:44,NS010,C00040,P0030,2,399,20,638.4,UPI
TXN0002766,2025-05-07,16:03:01,NS008,C00111,P0048,3,399,10,1077.3,
TXN0002789,2025-10-06,12:26:51,NS012,C00266,P0049,1,199,0,199.0,Credit Card
TXN0003288,01-08-2025,11:38:52,NS009,C00479,P0044,1,279,15,237.15,Credit Card
TXN0003036,2025-10-18,15:33:28,NS011,C00091,P0020,3,3999,15,10197.45,Wallet
TXN0005003,03/11/2025,18:59:21,NS009,C00396,P0008,2,3499,20,5598.4,UPI
TXN0000088,2025-07-22,15:56:24,NS010,C00161,P0024,2,449,0,898.0,UPI
TXN0002383,08/28/2025,13:10:31,NS011,C00318,P0040,1,599,15,509.15,Debit Card
TXN0002346,18/11/2025,13:27:41,NS012,C00051,P0006,3,399,0,1197.0,Credit Card
TXN0001344,23/07/2025,19:44:05,NS008,C00169,P0003,1,4999,0,4999.0,UPI
TXN0000753,05-06-2025,17:17:14,NS004,C00499,P0039,3,179,20,429.6,Debit Card
TXN0002933,2025-06-30,09:43:28,NS007,C00143,P0011,3,599,0,1797.0,Cash
TXN0003113,2025-01-09,16:49:47,NS010,C00486,P0017,3,1199,0,3597.0,Credit Card
TXN0001067,2025-12-03,18:28:17,NS007,C00080,P0040,1,599,20,479.2,Debit Card
TXN0004274,2025-11-30,15:32:34,NS006,C00181,P0026,4,299,0,1196.0,Debit Card
TXN0004720,09/09/2025,10:15:06,NS005,C00372,P0049,2,199,0,398.0,Credit Card
TXN0002816,2025-04-26,16:51:53,NS013,C00036,P0037,5,699,0,3495.0,Credit Card
TXN0003994,2025-12-22,20:45:04,NS011,C00473,P0018,3,2499,0,7497.0,Cash
TXN0000779,19/03/2025,19:47:39,NS005,C00273,P0036,2 pcs,349,15,593.3,UPI
TXN0004312,2025-06-13,17:24:13,NS011,C00153,P0036,1,349,0,349.0,Debit Card
TXN0003387,08/12/2025,17:25:12,NS011,C00092,P0011,2,599,0,1198.0,Debit Card
TXN0003806,19-01-2025,13:49:06,NS006,C00190,P0028,3,25,5,71.25,Credit Card
TXN0001668,23/01/2025,19:45:59,NS002,C00176,P0039,1,179,0,179.0,UPI
TXN0002975,17-03-2025,20:48:36,NS005,C00072,P0004,1,1499,0,1499.0,UPI
TXN0002762,2025-04-26,15:48:47,NS004,C00121,P0026,1,299,0,299.0,Debit Card
TXN0004543,2025-05-26,19:48:22,NS003,C00101,P0018,3,2499,0,7497.0,Credit Card
TXN0000613,09/17/2025,20:33:07,NS003,C00215,P0008,2,3499,10,6298.2,Credit Card
TXN0004381,2025-01-18,19:58:08,NS001,C00259,P0026,5,299,0,1495.0,Debit Card
TXN0006397,2025-05-30,10:44:08,NS001,C00352,P0046,3,199,5,567.15,Wallet
TXN0006402,2025-07-12,12:57:43,NS006,C00534,P0032,5,799,0,3995.0,Credit Card
TXN0000948,2025-07-19,16:14:28,NS015,C00137,P0002,2,3299,20,5278.4,Debit Card
TXN0003677,2025-11-10,14:42:58,NS010,C00425,P0010,2,599,15,1018.3,UPI
TXN0005577,05/11/2025,17:38:13,NS001,C00291,P0040,2,599,0,1198.0,Wallet
TXN0006142,01-06-2025,12:44:35,NS001,C00402,P0034,3,299,0,897.0,Credit Card
TXN0001455,2025-09-10,19:02:27,NS013,C00380,P0038,1,149,0,149.0,Wallet
TXN0005358,2025-04-15,11:10:37,NS010,C00508,P0035,2,449,0,898.0,UPI
TXN0001575,2025-07-18,09:01:58,NS010,C00528,P0018,3,2499,0,7497.0,
TXN0002869,2025-06-04,17:38:14,NS004,C00222,P0024,1,449,15,381.65,Debit Card
TXN0006179,2025-04-27,21:35:28,NS015,C00404,P0023,4,159,20,508.8,UPI
TXN0005738,25-07-2025,18:08:36,NS002,C00510,P0031,1,1299,15,1104.15,Cash
TXN0002338,2025-09-02,14:43:50,NS012,C00338,P0039,3,179,0,537.0,Wallet
TXN0002783,02/15/2025,21:01:12,NS005,C00280,P0041,3,249,5,709.65,Credit Card
TXN0004356,2025-06-14,15:05:26,NS014,C00180,P0037,3,699,0,2097.0,Debit Card
TXN0006433,08/20/2025,21:55:50,NS010,C00114,P0012,3,1499,15,3822.45,Debit Card
TXN0006031,2025-10-20,19:46:33,NS005,C00026,P0040,3,599,0,1797.0,UPI
TXN0000766,2025-04-15,09:01:41,NS011,C00432,P0006,2,399,20,638.4,UPI
TXN0005350,24/12/2025,14:50:35,NS010,C00221,P0023,3,159,5,453.15,Cash
TXN0003050,2025-09-28,19:01:51,NS006,C00419,P0024,1,449,0,449.0,UPI
TXN0005134,19/03/2025,15:27:11,NS003,C00260,P0032,2,799,15,1358.3,Cash
TXN0003171,18/04/2025,09:17:12,NS011,C00319,P0043,2,349,5,663.1,UPI
TXN0000402,26/04/2025,15:30:19,NS013,C00234,P0002,1,3299,0,3299.0,UPI
TXN0006214,01/03/2025,15:18:53,NS010,C00186,P0016,1,999,15,849.15,Debit Card
TXN0001598,2025-05-31,10:42:10,NS010,C00062,P0041,2,249,10,448.2,Cash
TXN0001849,26-12-2025,12:09:52,NS007,C00447,P0019,1,799,0,799.0,UPI
TXN0003274,06-04-2025,14:57:30,NS012,C00502,P0020,1,3999,10,3599.1,Credit Card
TXN0005715,21-12-2025,09:04:07,NS008,C00329,P0041,3,249,10,672.3,Debit Card
TXN0000896,07/03/2025,13:18:41,NS012,C00411,P0027,1,249,5,236.55,Credit Card
TXN0004836,2025-08-12,12:40:21,NS010,C00341,P0023,1,159,5,151.05,Credit Card
TXN0002133,2025-11-24,09:40:14,NS011,C00018,P0050,1,1499,0,1499.0,
TXN0001809,2025-07-09,20:33:56,NS011,C00090,P0042,3,299,15,762.45,Credit Card
TXN0003009,30/06/2025,21:49:59,NS004,C00378,P0022,3,189,0,567.0,Cash
TXN0000260,2025-08-24,17:59:58,NS007,C00249,P0014,2,899,0,1798.0,UPI
TXN0001129,10/04/2025,14:22:46,NS007,C00068,P0048,3,399,0,1197.0,UPI
TXN0004718,18/10/2025,19:10:01,NS015,C00159,P0040,1,599,20,479.2,UPI
TXN0004481,27-05-2025,20:44:19,NS006,C00037,P0022,3,189,15,481.95,UPI
TXN0004196,10/05/2025,19:13:50,NS005,C00418,P0017,3,1199,0,3597.0,Wallet
TXN0001354,2025-05-15,12:13:44,NS003,C00146,P0011,3,599,0,1797.0,Cash
TXN0000754,08/11/2025,11:31:42,NS001,C00362,P0007,1,799,10,719.1,Debit Card
TXN0004413,24/04/2025,18:23:05,NS007,C00396,P0003,1,4999,0,4999.0,UPI
TXN0006337,2025-08-27,09:17:00,NS010,C00406,P0045,1,499,15,424.15,UPI
TXN0004539,11/26/2025,14:50:39,NS002,C00023,P0022,1,189,0,189.0,Wallet
TXN0002674,2025-01-21,19:06:46,NS001,C00483,P0019,1,799,5,759.05,UPI
TXN0001315,08/24/2025,09:24:14,NS012,C00404,P0010,1,599,15,509.15,Credit Card
TXN0002220,15/12/2025,18:35:48,NS014,C00127,P0010,2,599,5,1138.1,UPI
TXN0002817,2025-09-16,11:43:44,NS012,C00446,P0032,3,799,5,2277.15,Wallet
TXN0005601,16-04-2025,18:41:14,NS006,C00185,P0027,1,249,0,249.0,Debit Card
TXN0000780,14-04-2025,13:21:12,NS006,C00267,P0026,1,299,5,284.05,Debit Card
TXN0002746,2025-12-26,12:49:27,NS004,C00297,P0042,1,299,5,284.05,Cash
TXN0001520,2025-12-20,20:38:25,NS010,C00252,P0014,3,899,0,2697.0,Wallet
TXN0000861,2025-10-01,16:35:48,NS006,C00184,P0010,3,599,0,1797.0,UPI
TXN0002183,08-02-2025,17:42:08,NS008,C00177,P0005,1,1899,10,1709.1,Cash
TXN0006444,29/10/2025,19:47:44,NS010,C00456,P0017,2,1199,0,2398.0,Cash
TXN0006493,2025-02-01,16:37:01,NS005,C00452,P0018,2,2499,0,4998.0,UPI
TXN0005341,2025-12-08,19:02:13,NS001,C00454,P0050,2,1499,15,2548.3,Cash
TXN0004606,2025-02-23,13:49:41,NS013,C00039,P0011,4,599,0,2396.0,UPI
TXN0000026,2025-09-16,20:29:08,NS012,C00526,P0034,1,299,0,299.0,Debit Card
TXN0001447,2025-02-19,19:02:20,NS013,C00184,P0018,1,2499,0,2499.0,Wallet
TXN0000288,2025-10-07,16:09:40,NS004,C00328,P0037,1,699,15,594.15,Cash
TXN0006018,30-06-2025,21:51:40,NS010,C00474,P0014,2,899,5,1708.1,Debit Card
TXN0003484,2025-01-30,16:40:03,NS005,C00210,P0025,3,49,0,147.0,UPI
TXN0001449,2025-08-19,20:27:10,NS014,C00469,P0049,2,199,0,398.0,UPI
TXN0000362,13/10/2025,13:31:18,NS002,C00302,P0001,2,2499,0,4998.0,UPI
TXN0004358,2025-11-23,11:13:16,NS011,C00439,P0024,3,449,5,1279.65,Debit Card
TXN0003618,2025-03-02,16:48:35,NS010,C00522,P0024,2,449,5,853.1,Wallet
TXN0006243,06/03/2025,21:40:51,NS002,C00296,P0001,1,2499,0,2499.0,Cash
TXN0000840,2025-09-11,17:37:52,NS005,C00524,P0037,2,699,0,1398.0,Credit Card
TXN0003895,2025-05-14,13:50:11,NS008,C00507,P0013,1,1299,0,1299.0,Credit Card
TXN0000230,2025-02-04,17:59:32,NS013,C00023,P0011,3 pcs,599,5,1707.15,UPI
TXN0002655,18-12-2025,18:47:40,NS014,C00075,P0048,3,399,0,1197.0,Wallet
TXN0001224,18-10-2025,11:07:41,NS011,C00512,P0002,4 pcs,3299,0,13196.0,Wallet
TXN0002950,22-03-2025,13:37:38,NS001,C00090,P0001,5,2499,15,10620.75,Cash
TXN0005427,06-12-2025,21:16:15,NS008,C00446,P0031,2,1299,0,2598.0,Credit Card
TXN0005969,12/02/2025,14:02:40,NS001,C00190,P0010,3,599,20,1437.6,Credit Card
TXN0002147,08/09/2025,20:21:55,NS009,C00033,P0023,1,159,5,151.05,Credit Card
TXN0000892,2025-02-14,13:21:06,NS001,C00085,P0003,3,4999,0,14997.0,UPI
TXN0000010,2025-08-31,17:10:05,NS005,C00382,P0046,4,199,10,716.4,UPI
TXN0000034,2025-11-27,11:45:01,NS010,C00317,P0036,3,349,0,1047.0,Wallet
TXN0001467,30-05-2025,17:01:16,NS005,C00324,P0001,3,2499,0,7497.0,Wallet
TXN0002025,2025-07-13,13:10:23,NS008,C00063,P0016,2,999,0,1998.0,UPI
TXN0003061,2025-05-26,18:08:28,NS005,C00255,P0006,1,399,15,339.15,Debit Card
TXN0004245,11/05/2025,16:26:11,NS003,C00029,P0037,3,699,5,1992.15,Cash
TXN0004444,12/10/2025,09:09:44,NS010,C00251,P0030,4,399,5,1516.2,Credit Card
TXN0002324,06/08/2025,18:39:53,NS004,C00076,P0014,2,899,0,1798.0,Debit Card
TXN0000269,01/12/2025,15:10:03,NS013,C00381,P0042,2,299,0,598.0,Credit Card
TXN0003070,2025-03-17,15:43:16,NS007,C00343,P0041,3,249,10,672.3,Cash
TXN0001768,12/10/2025,20:31:28,NS010,C00192,P0024,4,449,0,1796.0,Credit Card
TXN0003920,2025-04-23,12:31:13,NS012,C00117,P0013,2,1299,0,2598.0,UPI
TXN0002618,2025-05-09,19:06:05,NS007,C00001,P0036,3,349,10,942.3,Wallet
TXN0003334,2025-07-29,15:00:02,NS013,C00235,P0046,1,199,20,159.2,Credit Card
TXN0003502,2025-07-09,16:35:03,NS008,C00069,P0009,3,2199,15,5607.45,Credit Card
TXN0001907,2025-07-02,13:16:26,NS008,C00301,P0002,1,3299,15,2804.15,Debit Card
TXN0001642,2025-08-19,17:53:19,NS001,C00460,P0027,2,249,5,473.1,UPI
TXN0005799,2025-04-24,17:58:24,NS005,C00120,P0032,3,799,10,2157.3,Cash
TXN0003200,2025-01-31,15:49:18,NS004,C00140,P0016,1,999,5,949.05,Credit Card
TXN0004607,25/09/2025,21:26:22,NS012,C00340,P0038,1,149,0,149.0,Wallet
TXN0004892,09/03/2025,14:17:23,NS013,C00247,P0047,5,449,10,2020.5,UPI
TXN0003166,2025-05-04,15:46:49,NS006,C00266,P0044,1,279,0,279.0,
TXN0002054,17/07/2025,15:16:33,NS008,C00524,P0019,3,799,15,2037.45,UPI
TXN0001271,2025-11-21,20:39:23,NS015,C00240,P0021,2,599,0,1198.0,UPI
TXN0001800,23/06/2025,14:10:51,NS007,C00247,P0012,3,1499,0,4497.0,Cash
TXN0001450,01-04-2025,12:56:55,NS009,C00395,P0044,1,279,0,279.0,Debit Card
TXN0001540,2025-11-09,19:22:28,NS008,C00138,P0001,3,2499,5,7122.15,Cash
TXN0003837,2025-01-22,12:30:12,NS001,C00465,P0006,2,399,0,798.0,Wallet
TXN0002308,28/07/2025,20:27:15,NS012,C00313,P0021,2,599,0,1198.0,Wallet
TXN0002082,2025-04-08,19:34:04,NS010,C00357,P0028,2,25,20,40.0,UPI
TXN0005206,08/01/2025,13:28:17,NS001,C00463,P0013,3,1299,20,3117.6,UPI
TXN0004942,2025-12-12,15:15:10,NS004,C00502,P0030,1,399,0,399.0,Credit Card
TXN0004401,2025-01-13,21:29:22,NS006,C00269,P0029,2,199,0,398.0,Wallet
TXN0004276,2025-03-05,19:23:30,NS009,C00107,P0026,2,299,15,508.3,Cash
TXN0000872,08/27/2025,19:55:27,NS002,C00302,P0023,3,159,20,381.6,Cash
TXN0004580,23/08/2025,09:31:00,NS009,C00138,P0017,1,1199,0,1199.0,Credit Card
TXN0005709,17/02/2025,20:20:29,NS014,C00240,P0015,1,1799,10,1619.1,UPI
TXN0005125,2025-05-22,11:28:32,NS014,C00298,P0013,1,1299,0,1299.0,UPI
TXN0000162,06/12/2025,12:13:10,NS013,C00092,P0007,4,799,0,3196.0,UPI
TXN0004022,08/26/2025,13:50:44,NS001,C00105,P0011,3,599,0,1797.0,Credit Card
TXN0000537,2025-07-22,10:34:06,NS003,C00149,P0041,2,249,15,423.3,Credit Card
TXN0004409,2025-06-20,15:30:12,NS014,C00463,P0008,1,3499,0,3499.0,Debit Card
TXN0003750,28/02/2025,10:28:48,NS005,C00497,P0047,1,449,15,381.65,Debit Card
TXN0000864,2025-05-06,20:07:45,NS004,C00166,P0041,3,249,0,747.0,Cash
TXN0005073,11/02/2025,17:37:36,NS013,C00226,P0036,1,349,20,279.2,Wallet
TXN0004175,08/02/2025,09:05:00,NS003,C00414,P0015,2,1799,5,3418.1,Wallet
TXN0001042,2025-03-12,17:51:05,NS012,C00504,P0047,3,449,20,1077.6,Debit Card
TXN0004814,2025-05-14,10:44:22,NS014,C00267,P0014,1,899,0,899.0,Credit Card
TXN0002099,05/05/2025,20:00:29,NS001,C00371,P0045,2,499,20,798.4,UPI
TXN0000041,2025-03-14,14:16:24,NS014,C00124,P0004,1,1499,0,1499.0,Wallet
TXN0003497,20/07/2025,18:19:30,NS003,C00520,P0005,2,1899,0,3798.0,Debit Card
TXN0000778,28/04/2025,09:22:44,NS002,C00377,P0033,1,999,15,849.15,UPI
TXN0000504,08/12/2025,10:12:52,NS013,C00514,P0010,3,599,5,1707.15,Cash
TXN0001932,2025-07-24,11:34:58,NS009,C00235,P0037,1,699,5,664.05,Debit Card
TXN0002067,2025-05-18,13:49:55,NS009,C00209,P0014,2,899,15,1528.3,Debit Card
TXN0003202,11-02-2025,16:03:01,NS004,C00278,P0016,2,999,5,1898.1,UPI
TXN0004721,2025-04-27,09:56:08,NS005,C00067,P0015,1,1799,0,1799.0,Cash
TXN0005449,2025-01-28,13:57:55,NS006,C00016,P0026,1,299,0,299.0,Debit Card
TXN0005023,11/06/2025,11:42:00,NS013,C00227,P0045,3,499,0,1497.0,Cash
TXN0006086,2025-09-06,11:06:08,NS011,C00115,P0006,3,399,5,1137.15,Credit Card
TXN0006017,11/26/2025,18:33:30,NS008,C00226,P0022,3,189,0,567.0,Cash
TXN0001995,2025-08-20,19:58:25,NS004,C00375,P0024,3,449,5,1279.65,UPI
TXN0001664,02-03-2025,12:22:41,NS001,C00306,P0050,5,1499,15,6370.75,Cash
TXN0002033,2025-04-19,12:31:38,NS008,C00087,P0039,1,179,0,179.0,Cash
TXN0005875,2025-12-23,15:31:31,NS004,C00504,P0021,3,599,5,1707.15,UPI
TXN0006059,20-06-2025,10:29:59,NS004,C00089,P0012,2,1499,0,2998.0,UPI
TXN0003390,2025-08-26,10:37:55,NS006,C00133,P0018,3,2499,15,6372.45,Cash
TXN0003157,2025-11-10,13:06:37,NS007,C00214,P0043,3,349,10,942.3,Cash
TXN0003546,13/03/2025,19:53:38,NS010,C00050,P0046,1,199,10,179.1,Cash
TXN0004767,2025-03-26,16:31:21,NS001,C00277,P0019,3,799,0,2397.0,Debit Card
TXN0001645,2025-09-28,17:53:30,NS010,C00054,P0027,1,249,5,236.55,Wallet
TXN0002527,2025-08-02,11:30:25,NS010,C00331,P0036,3,349,5,994.65,Credit Card
TXN0006427,2025-04-05,11:00:59,NS015,C00225,P0024,5,449,0,2245.0,UPI
TXN0000190,2025-07-03,20:39:27,NS002,C00262,P0017,2,1199,0,2398.0,Debit Card
TXN0000622,2025-06-19,16:02:47,NS014,C00148,P0027,1,249,15,211.65,Wallet
TXN0001820,2025-11-24,15:57:58,NS007,C00017,P0009,1,2199,10,1979.1,
TXN0003822,27/06/2025,16:10:55,NS014,C00413,P0027,3 pcs,249,5,709.65,Wallet
TXN0003434,2025-12-02,10:33:01,NS015,C00134,P0018,2,2499,5,4748.1,Cash
TXN0002580,11/08/2025,10:04:19,NS013,C00228,P0015,1,1799,15,1529.15,Credit Card
TXN0003496,06-09-2025,09:51:13,NS011,C00401,P0028,4,25,15,85.0,UPI
TXN0002227,24/10/2025,11:40:17,NS015,C00033,P0036,3,349,0,1047.0,Cash
TXN0005297,08/26/2025,20:04:11,NS015,C00416,P0017,3,1199,10,3237.3,Credit Card
TXN0005913,07-04-2025,17:12:28,NS012,C00009,P0044,1,279,20,223.2,Cash
TXN0004534,2025-03-16,09:49:37,NS014,C00299,P0003,1,4999,5,4749.05,Credit Card
TXN0004239,2025-06-01,14:22:00,NS009,C00053,P0004,2,1499,0,2998.0,Debit Card
TXN0002613,22/05/2025,09:15:01,NS005,C00368,P0035,3,449,0,1347.0,Wallet
TXN0003091,14/04/2025,18:23:24,NS012,C00115,P0038,1,149,0,149.0,Cash
TXN0000541,09/04/2025,13:39:32,NS009,C00250,P0045,1,499,10,449.1,Wallet
TXN0002508,25-08-2025,13:24:30,NS005,C00037,P0028,2,25,15,42.5,Debit Card
TXN0001365,2025-04-05,21:00:51,NS003,C00019,P0017,2,1199,15,2038.3,UPI
TXN0000153,2025-02-01,09:42:37,NS013,C00043,P0007,2,799,0,1598.0,
TXN0005629,27-03-2025,21:18:21,NS011,C00243,P0017,2,1199,5,2278.1,Wallet
TXN0001905,25/07/2025,16:07:20,NS011,C00403,P0050,3,1499,0,4497.0,Cash
TXN0006072,19/01/2025,18:48:21,NS004,C00081,P0026,1,299,10,269.1,Debit Card
TXN0002035,2025-06-24,20:43:17,NS012,C00505,P0005,3,1899,10,5127.3,Credit Card
TXN0004603,27/12/2025,21:50:22,NS002,C00411,P0026,1,299,0,299.0,Debit Card
TXN0005479,15/08/2025,12:18:03,NS008,C00193,P0009,3,2199,0,6597.0,Wallet
TXN0001298,2025-08-12,14:21:35,NS009,C00084,P0047,3,449,10,1212.3,Wallet
TXN0005734,2025-10-05,16:28:48,NS006,C00450,P0009,4,2199,20,7036.8,Debit Card
TXN0006485,2025-08-22,11:07:25,NS014,C00447,P0012,3,1499,15,3822.45,Debit Card
TXN0001532,02-10-2025,13:39:32,NS008,C00277,P0021,2,599,0,1198.0,
TXN0004241,2025-05-11,19:05:02,NS013,C00026,P0037,5,699,0,3495.0,Credit Card
TXN0006299,03/31/2025,16:16:49,NS015,C00153,P0005,3,1899,5,5412.15,Cash
TXN0000680,2025-01-07,15:19:01,NS013,C00384,P0005,1,1899,0,1899.0,Wallet
TXN0002897,13/06/2025,09:08:50,NS011,C00397,P0009,3,2199,20,5277.6,Debit Card
TXN0002585,2025-04-21,14:32:19,NS002,C00007,P0012,3,1499,10,4047.3,Credit Card
TXN0002264,06-05-2025,15:55:35,NS014,C00054,P0043,2,349,0,698.0,Credit Card
TXN0000859,2025-09-24,10:39:03,NS010,C00181,P0019,3,799,20,1917.6,Debit Card
TXN0006101,10-08-2025,20:19:45,NS011,C00459,P0044,4,279,0,1116.0,UPI
TXN0002800,2025-05-25,13:11:40,NS012,C00252,P0021,3,599,0,1797.0,Wallet
TXN0000605,2025-11-30,11:41:36,NS006,C00465,P0034,4,299,0,1196.0,Debit Card
TXN0006392,2025-09-10,09:11:07,NS006,C00214,P0035,2,449,10,808.2,Cash
TXN0003169,2025-10-06,09:08:33,NS005,C00433,P0005,2,1899,20,3038.4,Wallet
TXN0000636,2025-04-10,19:14:49,NS001,C00204,P0047,3,449,10,1212.3,
TXN0005747,2025-08-20,17:08:20,NS012,C00210,P0002,3,3299,20,7917.6,Wallet
TXN0006421,17/12/2025,15:07:30,NS011,C00147,P0023,3,159,0,477.0,Wallet
TXN0000959,24/05/2025,16:57:13,NS002,C00349,P0016,5,999,0,4995.0,Cash
TXN0003671,2025-05-19,17:24:09,NS015,C00331,P0013,1,1299,0,1299.0,UPI
TXN0000905,2025-01-02,21:52:32,NS004,C00217,P0010,2,599,5,1138.1,
TXN0004724,09/02/2025,09:42:08,NS007,C00055,P0048,2,399,20,638.4,Debit Card
TXN0001751,2025-02-15,17:00:27,NS015,C00116,P0047,5,449,15,1908.25,Cash
TXN0002512,28/06/2025,14:27:21,NS013,C00220,P0016,4,999,20,3196.8,Debit Card
TXN0004445,06-03-2025,19:20:35,NS008,C00133,P0034,1,299,0,299.0,UPI
TXN0003774,13/11/2025,11:27:33,NS004,C00380,P0003,2,4999,0,9998.0,Credit Card
TXN0005981,06/04/2025,21:40:57,NS008,C00345,P0023,1,159,0,159.0,UPI
TXN0001727,05/09/2025,19:13:01,NS014,C00415,P0031,3,1299,0,3897.0,Wallet
TXN0002576,2025-05-05,21:36:42,NS002,C00234,P0043,1,349,10,314.1,UPI
TXN0000046,08/26/2025,18:18:41,NS003,C00001,P0004,2,1499,5,2848.1,Wallet
TXN0002466,15-11-2025,17:31:10,NS010,C00386,P0024,4,449,0,1796.0,Credit Card
TXN0006184,25/12/2025,17:24:04,NS009,C00193,P0048,3,399,0,1197.0,Credit Card
TXN0003704,2025-04-04,14:31:20,NS010,C00349,P0007,2,799,0,1598.0,Wallet
TXN0001053,09/23/2025,15:10:36,NS009,C00349,P0048,2,399,20,638.4,UPI
TXN0005746,03/01/2025,15:07:13,NS008,C00440,P0039,3,179,0,537.0,UPI
TXN0002752,2025-10-07,11:31:15,NS005,C00132,P0008,1,3499,0,3499.0,Cash
TXN0004394,2025-05-11,10:02:03,NS008,C00165,P0039,1,179,5,170.05,Debit Card
TXN0002627,2025-08-29,18:18:39,NS010,C00305,P0018,2,2499,20,3998.4,Credit Card
TXN0005151,15/04/2025,14:30:48,NS003,C00407,P0043,3,349,10,942.3,Cash
TXN0002134,2025-03-05,11:21:40,NS001,C00066,P0042,3,299,15,762.45,Cash
TXN0002515,03/12/2025,13:21:20,NS001,C00060,P0022,2,189,0,378.0,Wallet
TXN0006255,26/03/2025,21:17:10,NS001,C00101,P0010,3,599,0,1797.0,Debit Card
TXN0006053,2025-04-14,17:00:55,NS001,C00259,P0006,2,399,0,798.0,UPI
TXN0003901,2025-04-18,14:29:09,NS004,C00534,P0047,3,449,0,1347.0,Debit Card
TXN0005486,2025-03-17,12:41:28,NS012,C00431,P0019,2,799,15,1358.3,Cash
TXN0002467,27-07-2025,13:14:57,NS009,C00045,P0011,5,599,0,2995.0,UPI
TXN0006008,18/03/2025,15:08:53,NS007,C00466,P0006,3,399,0,1197.0,Debit Card
TXN0002096,21/01/2025,20:43:24,NS009,C00241,P0013,2,1299,5,2468.1,Cash
TXN0003702,18/11/2025,21:55:50,NS003,C00021,P0003,3,4999,0,14997.0,Cash
TXN0004294,2025-10-10,19:36:17,NS007,C00504,P0003,1,4999,5,4749.05,Cash
TXN0004988,2025-05-28,15:17:50,NS002,C00494,P0011,3,599,5,1707.15,Cash
TXN0005107,26-03-2025,18:30:03,NS005,C00325,P0014,3,899,15,2292.45,Wallet
TXN0004249,2025-02-25,09:50:53,NS007,C00292,P0025,2,49,15,83.3,Debit Card
TXN0002273,2025-10-03,09:32:39,NS015,C00501,P0032,2,799,20,1278.4,Credit Card
TXN0005354,2025-09-11,17:44:42,NS001,C00346,P0041,3,249,0,747.0,Credit Card
TXN0006513,2025-06-03,14:00:00,NS001,C00079,P9566,1,1249,0,4028,UPI
TXN0004054,09/10/2025,15:49:14,NS004,C00048,P0009,1,2199,0,2199.0,Credit Card
TXN0000565,2025-12-03,12:50:30,NS004,C00271,P0007,2,799,0,1598.0,Debit Card
TXN0005836,2025-10-02,11:29:56,NS013,C00442,P0023,2,159,15,270.3,Wallet
TXN0004958,2025-08-13,10:42:55,NS003,C00228,P0007,2,799,0,1598.0,Credit Card
TXN0006369,2025-05-16,16:03:26,NS011,C00305,P0043,3,349,0,1047.0,UPI
TXN0005997,11/03/2025,14:44:06,NS011,C00266,P0007,3,799,0,2397.0,Wallet
TXN0001143,16-01-2025,10:21:45,NS001,C00475,P0006,1,399,0,399.0,Debit Card
TXN0000478,2025-09-13,19:15:20,NS008,C00495,P0033,5,999,0,4995.0,
TXN0005211,2025-05-09,15:54:49,NS002,C00463,P0004,3,1499,15,3822.45,
TXN0004292,2025-03-31,11:40:19,NS014,C00524,P0027,1,249,0,249.0,Credit Card
TXN0006503,2025-12-24,20:00:00,NS012,C00486,P9143,1,238,0,3680,UPI
TXN0000219,28-12-2025,10:44:46,NS009,C00186,P0013,5,1299,0,6495.0,UPI
TXN0006167,2025-12-10,17:52:43,NS002,C00231,P0028,2,25,0,50.0,UPI
TXN0005665,2025-08-15,17:32:54,NS002,C00049,P0017,3,1199,10,3237.3,Wallet
TXN0000234,2025-04-23,13:35:07,NS003,C00230,P0003,3,4999,0,14997.0,Credit Card
TXN0003852,2025-07-17,12:14:07,NS007,C00097,P0019,1 pcs,799,0,799.0,UPI
TXN0003277,06/11/2025,16:11:26,NS004,C00265,P0044,3,279,0,837.0,Cash
TXN0004631,17-02-2025,20:14:09,NS010,C00324,P0028,2,25,0,50.0,Credit Card
TXN0002279,23/05/2025,21:26:23,NS007,C00366,P0047,3,449,0,1347.0,UPI
TXN0000924,2025-08-26,10:38:33,NS009,C00120,P0038,1,149,20,119.2,Debit Card
TXN0003510,18/01/2025,18:54:05,NS012,C00377,P0039,3,179,15,456.45,Debit Card
TXN0005260,2025-07-05,16:54:58,NS006,C00533,P0049,4,199,0,796.0,Debit Card
TXN0005786,24/01/2025,13:25:15,NS014,C00105,P0028,3,25,5,71.25,Debit Card
TXN0004076,2025-03-12,18:38:17,NS012,C00259,P0016,1,999,0,999.0,Debit Card
TXN0005282,2025-07-19,19:15:29,NS013,C00491,P0023,5,159,20,636.0,UPI
TXN0006432,14-10-2025,14:53:18,NS003,C00162,P0003,2,4999,5,9498.1,Wallet
TXN0001777,25/07/2025,09:05:30,NS011,C00374,P0016,3,999,0,2997.0,Debit Card
TXN0002704,03/09/2025,15:46:50,NS011,C00358,P0027,1,249,0,249.0,Credit Card
TXN0005012,2025-11-10,09:44:37,NS015,C00396,P0027,2,249,20,398.4,Debit Card
TXN0000463,2025-04-23,09:19:28,NS007,C00227,P0037,1,699,0,699.0,Cash
TXN0001915,18/05/2025,18:07:27,NS002,C00453,P0001,3,2499,0,7497.0,UPI
TXN0002073,2025-01-25,17:46:32,NS010,C00037,P0019,3,799,0,2397.0,Cash
TXN0005320,2025-03-29,18:10:36,NS009,C00007,P0010,5,599,5,2845.25,Credit Card
TXN0002108,2025-01-02,09:44:56,NS012,C00145,P0002,3,3299,15,8412.45,Cash
TXN0001077,25/06/2025,21:43:23,NS002,C00229,P0033,1,999,15,849.15,Credit Card
TXN0006239,23/10/2025,20:28:25,NS009,C00345,P0047,2,449,0,898.0,Credit Card
TXN0000020,25-01-2025,10:28:19,NS010,C00006,P0030,3,399,0,1197.0,Wallet
TXN0001046,2025-01-06,11:43:06,NS002,C00168,P0001,2,2499,0,4998.0,UPI
TXN0000510,2025-04-13,13:16:44,NS008,C00271,P0006,4,399,10,1436.4,Wallet
TXN0001651,2025-04-03,15:47:53,NS003,C00467,P0047,1,449,0,449.0,Cash
TXN0005739,2025-06-16,18:00:58,NS015,C00066,P0006,1,399,0,399.0,Cash
TXN0001891,27-07-2025,12:32:16,NS009,C00525,P0029,4,199,0,796.0,Wallet
TXN0000115,2025-03-13,13:53:10,NS003,C00019,P0039,1,179,0,179.0,Credit Card
TXN0001442,2025-04-04,20:04:02,NS005,C00168,P0040,2,599,0,1198.0,Cash
TXN0004700,11-09-2025,09:02:17,NS009,C00367,P0020,3,3999,0,11997.0,UPI
TXN0005283,2025-07-08,10:31:08,NS001,C00118,P0021,1,599,0,599.0,UPI
TXN0003021,10/13/2025,19:13:13,NS006,C00496,P0045,2,499,15,848.3,Wallet
TXN0002590,07/06/2025,13:46:54,NS003,C00211,P0014,1,899,0,899.0,Wallet
TXN0002442,2025-07-23,11:02:14,NS012,C00134,P0011,1,599,0,599.0,Cash
TXN0005924,2025-11-06,11:12:55,NS007,C00433,P0048,2,399,0,798.0,Wallet
TXN0000011,19-03-2025,17:26:50,NS004,C00142,P0028,2 pcs,25,15,42.5,Debit Card
TXN0000441,07/02/2025,14:28:58,NS007,C00461,P0048,2,399,5,758.1,Debit Card
TXN0000884,03-06-2025,13:06:52,NS003,C00229,P0015,1,1799,20,1439.2,UPI
TXN0005654,2025-06-23,19:12:27,NS012,C00265,P0025,2,49,0,98.0,Debit Card
TXN0000043,2025-10-11,16:01:26,NS011,C00240,P0002,3,3299,0,9897.0,UPI
TXN0004475,08/10/2025,21:41:48,NS003,C00514,P0031,4,1299,10,4676.4,Debit Card
TXN0003742,2025-11-01,13:16:31,NS007,C00082,P0038,2,149,20,238.4,Wallet
TXN0000355,09/09/2025,17:16:42,NS008,C00260,P0024,2,449,0,898.0,Credit Card
TXN0006060,01/03/2025,16:36:09,NS005,C00486,P0045,4 pcs,499,0,1996.0,Debit Card
TXN0002189,2025-01-22,11:05:16,NS012,C00103,P0050,1,1499,20,1199.2,
TXN0000856,27/10/2025,18:33:51,NS004,C00038,P0025,2,49,0,98.0,UPI
TXN0003115,15/11/2025,12:09:48,NS014,C00252,P0024,4,449,10,1616.4,UPI
TXN0005812,2025-03-31,14:45:27,NS012,C00530,P0025,1,49,0,49.0,UPI
TXN0001157,2025-05-17,11:48:20,NS007,C00188,P0014,5,899,5,4270.25,Wallet
TXN0000184,2025-12-25,17:52:34,NS013,C00501,P0005,3,1899,0,5697.0,UPI
TXN0004390,2025-09-10,21:47:24,NS015,C00387,P0046,3,199,5,567.15,UPI
TXN0002100,2025-08-04,10:21:31,NS013,C00118,P0006,2,399,0,798.0,Cash
TXN0002461,19-04-2025,19:28:05,NS005,C00169,P0002,4,3299,10,11876.4,Debit Card
TXN0005529,2025-01-14,12:48:34,NS002,C00525,P0014,3,899,0,2697.0,Credit Card
TXN0001962,09/12/2025,15:50:06,NS007,C00151,P0019,3,799,20,1917.6,Wallet
TXN0002029,2025-01-14,15:29:34,NS015,C00182,P0008,2,3499,0,6998.0,Wallet
TXN0000411,06/27/2025,20:39:31,NS005,C00081,P0014,1,899,0,899.0,Credit Card
TXN0003131,21-04-2025,14:44:45,NS007,C00195,P0038,1,149,5,141.55,UPI
TXN0001571,03/05/2025,18:00:00,NS009,C00534,P0037,5,699,0,3495.0,Cash
TXN0003926,16/11/2025,11:01:52,NS008,C00163,P0048,1,399,10,359.1,Debit Card
TXN0004943,2025-03-23,09:33:21,NS015,C00194,P0041,4,249,10,896.4,Credit Card
TXN0004005,15/05/2025,20:32:26,NS013,C00113,P0050,3,1499,20,3597.6,Credit Card
TXN0002193,2025-11-12,14:24:52,NS002,C00191,P0030,2,399,20,638.4,Cash
TXN0001005,07-03-2025,17:59:00,NS004,C00387,P0022,2,189,20,302.4,Credit Card
TXN0005814,2025-01-10,15:31:13,NS010,C00148,P0040,1,599,15,509.15,
TXN0004619,2025-11-17,20:14:56,NS010,C00409,P0013,3,1299,0,3897.0,Credit Card
TXN0004708,2025-12-30,20:01:07,NS007,C00466,P0038,2,149,10,268.2,Credit Card
TXN0001608,2025-01-16,15:03:19,NS010,C00435,P0001,1,2499,20,1999.2,UPI
TXN0000593,13/10/2025,12:51:13,NS010,C00516,P0029,2,199,0,398.0,Cash
TXN0001407,09/11/2025,21:52:20,NS004,C00059,P0012,3,1499,10,4047.3,UPI
TXN0004056,05/12/2025,09:49:09,NS006,C00028,P0040,3,599,0,1797.0,Debit Card
TXN0005387,2025-04-10,10:47:14,NS011,C00490,P0046,2,199,0,398.0,Debit Card
TXN0004917,2025-11-27,17:46:04,NS004,C00177,P0012,3,1499,0,4497.0,Wallet
TXN0005430,14/09/2025,12:47:39,NS003,C00211,P0002,4,3299,0,13196.0,Credit Card
TXN0006063,2025-05-15,21:11:24,NS004,C00006,P0043,1,349,10,314.1,Cash
TXN0000742,04/01/2025,13:09:56,NS009,C00194,P0045,1,499,0,499.0,UPI
TXN0002658,16/08/2025,11:29:49,NS001,C00324,P0019,5,799,10,3595.5,
TXN0005353,2025-07-22,16:06:21,NS008,C00115,P0006,1,399,0,399.0,Cash
TXN0001295,26-06-2025,12:45:48,NS009,C00007,P0012,1 pcs,1499,15,1274.15,UPI
TXN0005338,15/07/2025,17:40:37,NS005,C00151,P0021,3,599,15,1527.45,UPI
TXN0003436,22-03-2025,19:15:30,NS013,C00465,P0049,5,199,10,895.5,Cash
TXN0002236,08/02/2025,09:39:51,NS010,C00292,P0007,3,799,20,1917.6,Credit Card
TXN0006259,2025-06-11,19:13:24,NS012,C00071,P0033,2,999,20,1598.4,Credit Card
TXN0004657,11/30/2025,17:27:28,NS001,C00467,P0007,4,799,20,2556.8,Cash
TXN0003122,26-01-2025,12:59:36,NS009,C00079,P0004,4,1499,10,5396.4,Cash
TXN0004768,2025-12-01,11:16:17,NS009,C00409,P0036,2,349,15,593.3,
TXN0006500,04/02/2025,20:24:22,NS002,C00448,P0032,3,799,0,2397.0,Cash
TXN0004507,2025-03-28,14:59:46,NS015,C00369,P0016,1,999,15,849.15,Cash
TXN0001217,18-04-2025,14:44:04,NS008,C00223,P0029,3 pcs,199,0,597.0,Cash
TXN0001088,2025-10-03,13:55:10,NS003,C00505,P0046,2,199,10,358.2,Credit Card
TXN0001259,2025-06-26,13:17:30,NS013,C00119,P0027,3,249,0,747.0,Wallet
TXN0006110,2025-01-14,13:29:57,NS007,C00397,P0045,1,499,10,449.1,UPI
TXN0005075,04/08/2025,10:32:02,NS009,C00442,P0046,2,199,10,358.2,UPI
TXN0001382,2025-11-11,17:39:54,NS009,C00344,P0040,2,599,10,1078.2,Credit Card
TXN0004683,08/09/2025,14:44:36,NS003,C00019,P0024,3,449,5,1279.65,Wallet
TXN0004353,2025-12-20,21:09:29,NS007,C00530,P0027,1,249,0,249.0,Debit Card
TXN0005918,2025-02-19,16:38:47,NS010,C00191,P0002,2,3299,20,5278.4,Wallet
TXN0002284,2025-02-11,10:43:56,NS006,C00515,P0014,3,899,20,2157.6,Credit Card
TXN0006068,15/08/2025,11:34:46,NS006,C00342,P0035,2,449,20,718.4,Wallet
TXN0005230,2025-12-25,13:41:44,NS004,C00118,P0025,2,49,0,98.0,Cash
TXN0001151,06/09/2025,10:58:16,NS001,C00021,P0048,3,399,0,1197.0,Wallet
TXN0004427,22-02-2025,11:21:33,NS002,C00134,P0043,5,349,20,1396.0,Debit Card
TXN0005434,2025-09-07,19:02:08,NS005,C00162,P0025,3,49,10,132.3,Wallet
TXN0005367,2025-12-28,19:50:11,NS012,C00394,P0040,1,599,10,539.1,Credit Card
TXN0001697,2025-03-25,13:05:18,NS010,C00180,P0039,1,179,0,179.0,Wallet
TXN0005499,2025-07-26,20:48:23,NS003,C00084,P0030,2,399,0,798.0,Cash
TXN0000634,2025-07-07,09:34:08,NS002,C00233,P0030,1,399,0,399.0,Wallet
TXN0004012,2025-09-19,18:28:02,NS005,C00147,P0017,1,1199,15,1019.15,Wallet
TXN0001410,21/08/2025,11:42:51,NS003,C00300,P0004,2,1499,0,2998.0,Debit Card
TXN0000179,08/11/2025,19:46:25,NS004,C00035,P0008,1,3499,15,2974.15,Debit Card
TXN0000091,2025-08-15,19:04:22,NS015,C00085,P0019,3,799,0,2397.0,Credit Card
TXN0001605,15-09-2025,20:04:33,NS009,C00284,P0038,2,149,0,298.0,Debit Card
TXN0000629,2025-08-05,11:37:47,NS015,C00036,P0048,2,399,0,798.0,UPI
TXN0003035,15/08/2025,19:20:33,NS002,C00486,P0029,2 pcs,199,5,378.1,Wallet
TXN0002400,2025-09-05,16:44:53,NS002,C00427,P0012,1,1499,20,1199.2,UPI
TXN0001570,2025-01-02,09:35:33,NS007,C00255,P0019,3,799,15,2037.45,Debit Card
TXN0000051,2025-11-08,09:43:11,NS007,C00501,P0049,4,199,0,796.0,Cash
TXN0001192,02/06/2025,18:16:11,NS001,C00301,P0025,2,49,5,93.1,Wallet
TXN0000356,04/06/2025,17:49:42,NS014,C00496,P0008,2,3499,0,6998.0,UPI
TXN0002657,2025-03-23,15:02:55,NS001,C00129,P0010,5,599,0,2995.0,Debit Card
TXN0002931,16/04/2025,13:46:56,NS012,C00224,P0026,3,299,20,717.6,Credit Card
TXN0003455,2025-06-09,13:21:39,NS015,C00060,P0014,2,899,0,1798.0,Wallet
TXN0001744,30/08/2025,09:24:40,NS007,C00278,P0043,2,349,0,698.0,Credit Card
TXN0001803,03/09/2025,21:03:55,NS009,C00141,P0041,1,249,0,249.0,Debit Card
TXN0001971,15/05/2025,19:05:42,NS002,C00186,P0042,2,299,15,508.3,Credit Card
TXN0005674,04-05-2025,13:58:26,NS012,C00385,P0049,4,199,10,716.4,Debit Card
TXN0005819,2025-06-25,11:29:53,NS012,C00315,P0014,3,899,0,2697.0,UPI
TXN0005935,11/09/2025,17:16:30,NS012,C00512,P0003,1,4999,0,4999.0,Wallet
TXN0000122,2025-03-03,10:22:20,NS003,C00016,P0026,3,299,10,807.3,
TXN0005664,29/11/2025,21:50:00,NS015,C00454,P0037,5,699,0,3495.0,Wallet
TXN0003916,04/09/2025,17:48:10,NS006,C00528,P0032,3,799,10,2157.3,UPI
TXN0002448,2025-06-15,09:11:33,NS008,C00320,P0022,1,189,0,189.0,Cash
TXN0000025,2025-10-27,15:28:44,NS015,C00502,P0047,2,449,0,898.0,UPI
TXN0003470,03/11/2025,21:02:07,NS015,C00309,P0025,2,49,0,98.0,Wallet
TXN0001158,10/19/2025,18:28:51,NS001,C00069,P0046,3,199,0,597.0,Debit Card
TXN0001055,12/15/2025,15:01:21,NS004,C00461,P0048,1,399,20,319.2,Wallet
TXN0001756,2025-06-02,14:13:26,NS010,C00020,P0038,1,149,0,149.0,UPI
TXN0003197,10/17/2025,16:42:57,NS005,C00062,P0049,1,199,0,199.0,
TXN0005040,2025-02-27,18:39:25,NS002,C00113,P0049,2,199,20,318.4,Wallet
TXN0006399,01/06/2025,12:54:43,NS004,C00379,P0016,2,999,0,1998.0,Debit Card
TXN0006005,2025-01-24,17:37:29,NS013,C00287,P0050,1,1499,0,1499.0,Wallet
TXN0005174,15/05/2025,17:04:35,NS005,C00279,P0001,3,2499,0,7497.0,Wallet
TXN0002524,10/02/2025,17:36:47,NS001,C00269,P0007,3,799,0,2397.0,Wallet
TXN0004675,24/10/2025,17:30:08,NS014,C00122,P0007,1,799,0,799.0,UPI
TXN0005141,2025-01-20,19:38:53,NS012,C00242,P0031,3,1299,20,3117.6,UPI
TXN0002934,03-04-2025,19:34:08,NS002,C00218,P0033,2,999,0,1998.0,Debit Card
TXN0001372,2025-06-18,09:32:43,NS012,C00343,P0012,1,1499,0,1499.0,UPI
TXN0002103,2025-04-15,13:32:32,NS012,C00212,P0023,2,159,0,318.0,Wallet
TXN0000291,20/04/2025,13:11:53,NS001,C00095,P0028,3,25,5,71.25,UPI
TXN0005564,18/10/2025,14:43:39,NS015,C00332,P0032,1,799,5,759.05,Debit Card
TXN0000474,2025-04-29,16:36:06,NS011,C00319,P0022,1,189,0,189.0,Cash
TXN0002496,08/02/2025,17:42:23,NS015,C00443,P0016,3,999,0,2997.0,Cash
TXN0002408,08/05/2025,15:46:08,NS013,C00350,P0011,2,599,0,1198.0,UPI
TXN0001945,13/06/2025,18:09:01,NS002,C00412,P0028,1,25,0,25.0,Wallet
TXN0005633,2025-06-08,14:05:44,NS005,C00182,P0008,3,3499,20,8397.6,UPI
TXN0000925,10/11/2025,20:48:21,NS002,C00034,P0041,3,249,0,747.0,Credit Card
TXN0005344,2025-09-29,17:58:53,NS015,C00073,P0033,1,999,15,849.15,Wallet
TXN0005085,2025-12-25,20:16:34,NS003,C00118,P0033,2,999,0,1998.0,Wallet
TXN0000164,01/10/2025,16:05:50,NS012,C00341,P0015,3,1799,0,5397.0,Credit Card
TXN0000980,14/07/2025,21:58:32,NS011,C00297,P0049,2,199,5,378.1,UPI
TXN0000075,21-08-2025,09:31:14,NS015,C00004,P0041,1,249,0,249.0,Debit Card
TXN0000367,12/08/2025,14:51:37,NS003,C00205,P0017,1,1199,15,1019.15,Wallet
TXN0002923,2025-04-15,18:50:39,NS014,C00491,P0007,1,799,10,719.1,UPI
TXN0002487,12/01/2025,17:23:12,NS012,C00470,P0011,1,599,0,599.0,UPI
TXN0001942,2025-01-07,09:11:12,NS001,C00190,P0033,2,999,10,1798.2,Credit Card
TXN0004489,2025-09-03,17:34:37,NS004,C00518,P0027,1,249,15,211.65,Cash
TXN0003476,15-10-2025,16:43:57,NS009,C00347,P0006,2,399,0,798.0,Debit Card
TXN0001144,2025-08-20,09:29:45,NS004,C00341,P0006,1,399,5,379.05,Credit Card
TXN0000081,2025-06-06,14:51:23,NS011,C00176,P0034,3,299,15,762.45,Cash
TXN0004123,29/10/2025,12:24:36,NS013,C00112,P0034,2,299,10,538.2,Credit Card
TXN0004130,2025-09-28,19:39:49,NS010,C00366,P0034,4,299,0,1196.0,Cash
TXN0002686,15-02-2025,16:19:38,NS011,C00048,P0024,5,449,5,2132.75,Wallet
TXN0003950,14/10/2025,21:32:31,NS009,C00019,P0042,2,299,0,598.0,
TXN0004163,01-12-2025,10:23:06,NS009,C00077,P0046,1,199,15,169.15,Wallet
TXN0003283,12/08/2025,21:52:25,NS015,C00382,P0031,3,1299,15,3312.45,Debit Card
TXN0003675,19/01/2025,14:17:40,NS014,C00286,P0010,4,599,10,2156.4,Wallet
TXN0000839,2025-11-07,10:24:52,NS009,C00403,P0001,1,2499,0,2499.0,Credit Card
TXN0003799,2025-01-10,19:34:18,NS007,C00112,P0044,1,279,0,279.0,Credit Card
TXN0003233,2025-06-29,11:45:55,NS013,C00135,P0035,5,449,0,2245.0,Cash
TXN0002165,2025-12-31,18:52:37,NS009,C00147,P0009,3,2199,15,5607.45,Debit Card
TXN0004426,2025-06-09,17:50:09,NS007,C00144,P0029,2,199,0,398.0,UPI
TXN0006334,02/18/2025,19:40:39,NS014,C00362,P0030,1,399,0,399.0,
TXN0001967,2025-03-13,13:36:13,NS002,C00135,P0008,2,3499,15,5948.3,UPI
TXN0005670,22/08/2025,18:02:40,NS002,C00408,P0036,3,349,5,994.65,Cash
TXN0006173,2025-02-14,12:37:59,NS003,C00383,P0001,1,2499,20,1999.2,Debit Card
TXN0004170,26/01/2025,09:21:47,NS009,C00353,P0036,2,349,5,663.1,Cash
TXN0003238,2025-07-14,16:48:10,NS002,C00264,P0013,3,1299,5,3702.15,Wallet
TXN0002953,2025-12-08,16:11:02,NS010,C00404,P0008,1,3499,0,3499.0,UPI
TXN0005736,19/06/2025,16:18:57,NS013,C00063,P0040,2,599,0,1198.0,Credit Card
TXN0005883,21/12/2025,11:45:56,NS004,C00054,P0039,3,179,20,429.6,Debit Card
TXN0003054,2025-07-25,20:51:32,NS010,C00080,P0048,2,399,0,798.0,Cash
TXN0002004,20/01/2025,17:17:28,NS010,C00119,P0015,2,1799,0,3598.0,Cash
TXN0003815,09-03-2025,19:23:49,NS003,C00493,P0022,1,189,10,170.1,Debit Card
TXN0002814,07/04/2025,20:30:00,NS014,C00022,P0029,1,199,0,199.0,Debit Card
TXN0005708,11/08/2025,15:30:48,NS006,C00520,P0023,3,159,20,381.6,Debit Card
TXN0002846,06/22/2025,13:00:12,NS009,C00357,P0021,3,599,15,1527.45,Credit Card
TXN0000378,01-05-2025,17:16:52,NS010,C00450,P0043,3,349,0,1047.0,Debit Card
TXN0000482,15/06/2025,14:36:41,NS003,C00145,P0019,5,799,0,3995.0,Wallet
TXN0003890,16/02/2025,13:02:51,NS012,C00391,P0012,4,1499,0,5996.0,Wallet
TXN0000998,2025-12-23,20:21:02,NS005,C00059,P0019,1,799,0,799.0,UPI
TXN0006375,2025-07-27,15:17:24,NS011,C00433,P0032,4,799,15,2716.6,Debit Card
TXN0004673,12/11/2025,11:48:04,NS002,C00180,P0018,2,2499,5,4748.1,UPI
TXN0006254,2025-03-10,09:56:18,NS001,C00092,P0023,1,159,20,127.2,Debit Card
TXN0005270,25/01/2025,20:46:46,NS014,C00119,P0021,1,599,5,569.05,Cash
TXN0006210,2025-04-08,16:33:05,NS013,C00115,P0001,3,2499,0,7497.0,Debit Card
TXN0001437,09/13/2025,13:57:00,NS002,C00113,P0034,3,299,5,852.15,Wallet
TXN0000957,2025-01-23,15:34:47,NS002,C00106,P0044,3,279,20,669.6,UPI
TXN0001683,2025-05-18,11:17:03,NS004,C00171,P0046,1,199,0,199.0,Credit Card
TXN0004562,2025-06-28,09:13:05,NS006,C00535,P0033,4,999,10,3596.4,Cash
TXN0003749,07/01/2025,16:28:15,NS007,C00387,P0002,3,3299,10,8907.3,Wallet
TXN0000827,2025-07-28,15:02:55,NS006,C00405,P0002,1,3299,10,2969.1,Debit Card
TXN0004031,2025-11-11,18:28:35,NS013,C00475,P0014,3,899,20,2157.6,Cash
TXN0003340,09/01/2025,12:23:40,NS013,C00153,P0020,3,3999,0,11997.0,Wallet
TXN0004977,14/01/2025,17:15:21,NS009,C00379,P0023,3,159,0,477.0,Debit Card
TXN0006140,2025-11-11,21:55:37,NS005,C00405,P0024,1,449,0,449.0,Debit Card
TXN0003320,2025-02-26,16:22:38,NS004,C00372,P0021,2,599,0,1198.0,Credit Card
TXN0005848,2025-12-23,12:08:21,NS008,C00375,P0040,1,599,0,599.0,UPI
TXN0006329,2025-01-10,21:37:35,NS006,C00092,P0007,3,799,0,2397.0,Cash
TXN0001926,2025-11-12,12:49:54,NS006,C00065,P0030,2,399,15,678.3,Credit Card
TXN0004688,2025-07-03,21:49:22,NS007,C00177,P0020,3,3999,0,11997.0,Credit Card
TXN0003928,2025-10-03,18:48:51,NS013,C00425,P0035,3,449,5,1279.65,Credit Card
TXN0002166,27/04/2025,10:11:48,NS004,C00288,P0015,5,1799,0,8995.0,Credit Card
TXN0000276,10-02-2025,10:45:14,NS015,C00221,P0044,3,279,0,837.0,
TXN0006439,07/08/2025,09:08:24,NS011,C00524,P0030,1,399,20,319.2,
TXN0004790,2025-11-09,20:48:15,NS007,C00524,P0014,2,899,5,1708.1,Cash
TXN0002289,22/10/2025,16:27:58,NS005,C00018,P0021,2,599,20,958.4,UPI
TXN0006073,2025-07-20,17:43:21,NS010,C00455,P0049,1,199,0,199.0,Credit Card
TXN0004642,2025-08-18,14:21:15,NS007,C00306,P0041,1,249,0,249.0,Cash
TXN0001268,06/20/2025,14:06:02,NS008,C00317,P0047,1,449,0,449.0,UPI
TXN0005295,2025-02-24,11:31:40,NS001,C00195,P0042,2,299,0,598.0,Credit Card
TXN0001999,2025-05-14,20:32:28,NS013,C00106,P0001,1,2499,15,2124.15,Debit Card
TXN0002957,2025-12-15,19:39:06,NS014,C00478,P0044,2,279,0,558.0,UPI
TXN0002703,2025-04-17,12:33:38,NS001,C00114,P0010,2,599,5,1138.1,Credit Card
TXN0005906,22-02-2025,15:10:53,NS010,C00520,P0018,4 pcs,2499,10,8996.4,Credit Card
TXN0003100,2025-07-09,09:13:40,NS002,C00252,P0049,3,199,20,477.6,Wallet
TXN0003352,2025-09-20,17:52:35,NS007,C00533,P0045,5,499,20,1996.0,Wallet
TXN0001582,03/19/2025,19:14:32,NS008,C00296,P0001,1,2499,15,2124.15,UPI
TXN0000934,2025-06-21,19:58:36,NS012,C00107,P0041,1,249,20,199.2,UPI
TXN0001435,02-02-2025,10:11:54,NS003,C00097,P0012,1,1499,10,1349.1,Credit Card
TXN0004791,2025-12-14,21:58:32,NS002,C00354,P0040,5,599,0,2995.0,Debit Card
TXN0000656,2025-03-24,21:55:35,NS011,C00330,P0048,2,399,10,718.2,UPI
TXN0003898,2025-08-22,20:39:18,NS003,C00351,P0004,3,1499,10,4047.3,Wallet
TXN0003812,02-01-2025,15:44:07,NS004,C00361,P0013,2,1299,0,2598.0,Credit Card
TXN0001699,2025-01-01,14:52:53,NS001,C00370,P0028,1,25,0,25.0,Cash
TXN0003062,2025-07-30,09:11:14,NS004,C00412,P0006,2,399,10,718.2,Credit Card
TXN0004829,2025-07-13,13:22:28,NS007,C00059,P0038,3,149,0,447.0,Credit Card
TXN0000022,2025-12-11,15:33:47,NS004,C00108,P0021,3,599,0,1797.0,Credit Card
TXN0001586,2025-10-09,15:04:40,NS003,C00336,P0023,3,159,0,477.0,Credit Card
TXN0002355,04/22/2025,14:25:30,NS011,C00525,P0018,2,2499,15,4248.3,Cash
TXN0004726,10/12/2025,19:49:19,NS002,C00066,P0014,2,899,0,1798.0,Debit Card
TXN0005296,22-02-2025,19:22:08,NS007,C00407,P0013,4,1299,5,4936.2,UPI
TXN0003111,2025-11-10,12:36:06,NS007,C00387,P0030,1,399,10,359.1,Credit Card
TXN0001165,06/01/2025,09:51:01,NS005,C00048,P0027,2,249,10,448.2,Debit Card
TXN0005263,2025-02-05,11:58:04,NS001,C00415,P0023,1,159,5,151.05,Wallet
TXN0002652,23-08-2025,09:27:41,NS015,C00474,P0002,1,3299,10,2969.1,Cash
TXN0001385,05-05-2025,13:17:37,NS008,C00292,P0015,3,1799,5,5127.15,Debit Card
TXN0002722,2025-03-30,19:08:54,NS013,C00464,P0032,1,799,0,799.0,Credit Card
TXN0002604,2025-08-12,18:29:00,NS001,C00295,P0019,3,799,10,2157.3,Wallet
TXN0001581,2025-10-09,19:46:01,NS013,C00143,P0046,3,199,0,597.0,Wallet
TXN0002741,09/03/2025,19:57:23,NS003,C00064,P0030,5,399,0,1995.0,Cash
TXN0001117,05/23/2025,12:59:24,NS011,C00084,P0037,3,699,10,1887.3,Cash
TXN0001633,2025-06-22,21:58:55,NS002,C00141,P0035,1,449,20,359.2,Debit Card
TXN0005781,2025-08-25,16:59:43,NS008,C00024,P0026,1,299,10,269.1,Credit Card
TXN0005942,2025-06-04,18:31:23,NS013,C00091,P0004,1,1499,5,1424.05,Cash
TXN0002275,01-07-2025,16:47:29,NS013,C00260,P0002,1,3299,20,2639.2,Debit Card
TXN0001732,11-06-2025,19:20:54,NS001,C00310,P0037,1,699,0,699.0,Cash
TXN0000987,2025-01-28,12:26:38,NS014,C00472,P0040,2,599,0,1198.0,Wallet
TXN0004808,2025-03-16,11:43:19,NS003,C00111,P0046,5,199,20,796.0,UPI
TXN0004881,12/30/2025,11:22:26,NS015,C00300,P0050,3,1499,10,4047.3,Wallet
TXN0005775,2025-11-07,16:10:27,NS015,C00068,P0003,3,4999,5,14247.15,Credit Card
TXN0005235,2025-10-17,14:04:41,NS008,C00286,P0032,2,799,0,1598.0,Wallet
TXN0002848,2025-01-17,20:54:05,NS001,C00150,P0048,2,399,0,798.0,Debit Card
TXN0001648,17/06/2025,16:27:16,NS013,C00010,P0021,1,599,10,539.1,Debit Card
TXN0003982,02-04-2025,16:50:08,NS011,C00082,P0030,3,399,0,1197.0,
TXN0005465,29-08-2025,16:15:14,NS014,C00499,P0043,1,349,0,349.0,Cash
TXN0003661,2025-03-03,12:13:18,NS012,C00026,P0022,1,189,0,189.0,Cash
TXN0001414,16-09-2025,10:11:09,NS006,C00042,P0038,3,149,10,402.3,Debit Card
TXN0005302,18-02-2025,14:07:19,NS012,C00471,P0023,2,159,0,318.0,Debit Card
TXN0002954,2025-08-23,13:14:43,NS003,C00059,P0024,5,449,15,1908.25,Wallet
TXN0001707,2025-05-13,10:27:19,NS003,C00205,P0046,1,199,15,169.15,Credit Card
TXN0003337,2025-11-21,20:12:29,NS011,C00134,P0015,2,1799,15,3058.3,Debit Card
TXN0005820,23-12-2025,21:51:10,NS014,C00131,P0022,1,189,15,160.65,UPI
TXN0004033,2025-08-12,17:18:32,NS005,C00247,P0046,3,199,0,597.0,Cash
TXN0005255,2025-08-29,21:10:40,NS007,C00007,P0012,1,1499,10,1349.1,Debit Card
TXN0004491,2025-12-12,13:12:05,NS013,C00425,P0041,2,249,0,498.0,Cash
TXN0002007,08/09/2025,09:38:48,NS008,C00247,P0002,1,3299,0,3299.0,Cash
TXN0003395,18/05/2025,17:30:50,NS004,C00370,P0046,5,199,20,796.0,UPI
TXN0006122,2025-03-06,09:25:23,NS013,C00250,P0044,3,279,0,837.0,UPI
TXN0003092,01-07-2025,10:13:23,NS007,C00246,P0047,3,449,20,1077.6,Credit Card
TXN0003341,2025-03-20,19:23:02,NS002,C00313,P0037,2,699,0,1398.0,Wallet
TXN0002490,2025-05-20,19:52:43,NS011,C00307,P0022,2,189,5,359.1,Cash
TXN0004264,2025-04-27,16:13:10,NS005,C00234,P0032,1,799,0,799.0,Wallet
TXN0005893,03/02/2025,21:37:37,NS005,C00327,P0043,1,349,0,349.0,Debit Card
TXN0000379,16/03/2025,11:09:52,NS012,C00247,P0011,5,599,0,2995.0,Debit Card
TXN0000480,2025-04-12,10:02:56,NS007,C00508,P0011,5,599,20,2396.0,UPI
TXN0005925,17-03-2025,17:14:05,NS004,C00015,P0045,1,499,0,499.0,UPI
TXN0005219,09-02-2025,17:03:34,NS005,C00248,P0034,5,299,0,1495.0,Debit Card
TXN0000373,19-05-2025,19:06:21,NS010,C00100,P0019,3,799,20,1917.6,Credit Card
TXN0000805,2025-01-13,13:07:13,NS003,C00074,P0005,2,1899,20,3038.4,Cash
TXN0001111,2025-06-19,18:29:48,NS009,C00510,P0047,1,449,0,449.0,Debit Card
TXN0002356,17/08/2025,21:53:01,NS014,C00493,P0022,1,189,0,189.0,
TXN0004302,2025-09-26,11:44:39,NS005,C00348,P0033,1,999,15,849.15,Cash
TXN0002634,30/11/2025,21:43:53,NS008,C00477,P0025,1,49,0,49.0,Credit Card
TXN0000142,18/09/2025,19:44:23,NS012,C00060,P0042,2,299,15,508.3,UPI
TXN0003176,09/02/2025,21:48:38,NS015,C00509,P0046,5,199,20,796.0,Debit Card
TXN0001822,2025-08-05,10:20:27,NS001,C00356,P0034,2,299,0,598.0,Credit Card
TXN0000641,10/11/2025,10:03:48,NS007,C00144,P0010,2,599,0,1198.0,UPI
TXN0005794,2025-07-31,11:55:46,NS010,C00303,P0049,1,199,10,179.1,Cash
TXN0003715,19-03-2025,20:05:29,NS002,C00175,P0019,1,799,10,719.1,Debit Card
TXN0004237,2025-12-11,13:31:24,NS013,C00303,P0006,2,399,5,758.1,UPI
TXN0006381,2025-12-08,12:30:26,NS006,C00210,P0040,2,599,0,1198.0,Cash
TXN0005033,2025-05-07,09:29:21,NS004,C00516,P0031,1,1299,5,1234.05,Cash
TXN0005565,10-12-2025,16:03:02,NS008,C00091,P0039,1,179,0,179.0,UPI
TXN0000156,01/30/2025,14:51:06,NS001,C00468,P0045,2,499,0,998.0,Cash
TXN0003443,2025-06-23,16:00:03,NS009,C00269,P0049,1,199,10,179.1,Wallet
TXN0000697,2025-09-07,09:40:44,NS007,C00043,P0045,4,499,0,1996.0,UPI
TXN0001972,2025-10-18,18:26:28,NS011,C00027,P0027,5,249,0,1245.0,UPI
TXN0006035,2025-11-14,13:54:55,NS007,C00336,P0010,3,599,15,1527.45,Debit Card
TXN0004716,02/07/2025,21:23:10,NS010,C00435,P0017,1,1199,10,1079.1,UPI
TXN0001933,05/04/2025,10:16:59,NS006,C00283,P0025,1,49,10,44.1,Debit Card
TXN0006218,2025-09-03,14:34:41,NS010,C00209,P0011,3,599,5,1707.15,UPI
TXN0000653,28-11-2025,16:36:55,NS009,C00039,P0026,3,299,15,762.45,Cash
TXN0000388,31/03/2025,15:48:26,NS015,C00066,P0004,3,1499,5,4272.15,Cash
TXN0005190,07/04/2025,18:42:22,NS015,C00221,P0035,1,449,10,404.1,Debit Card
TXN0002545,01/14/2025,18:25:41,NS006,C00303,P0027,1,249,0,249.0,Credit Card
TXN0004698,2025-09-24,17:04:51,NS004,C00263,P0002,3,3299,10,8907.3,Cash
TXN0001612,29-10-2025,21:41:35,NS007,C00047,P0050,3,1499,0,4497.0,Debit Card
TXN0004257,23-04-2025,20:42:34,NS004,C00055,P0015,3,1799,5,5127.15,Cash
TXN0003522,29-10-2025,15:53:56,NS007,C00131,P0021,2,599,20,958.4,Wallet
TXN0001288,2025-02-18,20:50:02,NS010,C00041,P0042,2,299,0,598.0,Credit Card
TXN0001179,2025-04-30,20:26:57,NS001,C00350,P0012,1,1499,0,1499.0,Credit Card
TXN0000667,13/06/2025,10:44:08,NS006,C00253,P0035,3,449,0,1347.0,Cash
TXN0001496,2025-09-01,13:52:35,NS007,C00189,P0021,3,599,0,1797.0,Credit Card
TXN0000148,01/04/2025,16:00:06,NS002,C00428,P0034,4,299,5,1136.2,Debit Card
TXN0004733,2025-10-26,16:07:07,NS010,C00339,P0005,1,1899,0,1899.0,Credit Card
TXN0001876,08-04-2025,11:02:14,NS002,C00451,P0043,2,349,20,558.4,Credit Card
TXN0000863,2025-03-11,16:09:54,NS003,C00248,P0039,2,179,5,340.1,Debit Card
TXN0000654,21/04/2025,09:40:21,NS002,C00300,P0027,1,249,20,199.2,Credit Card
TXN0006303,2025-06-06,21:22:00,NS010,C00477,P0016,1,999,0,999.0,Cash
TXN0003745,2025-03-17,20:27:58,NS015,C00175,P0033,1,999,0,999.0,
TXN0003765,25/01/2025,16:29:14,NS010,C00528,P0047,2,449,15,763.3,Debit Card
TXN0000570,12/05/2025,09:54:13,NS010,C00311,P0010,3,599,0,1797.0,Credit Card
TXN0002315,2025-10-19,19:51:40,NS011,C00361,P0032,2,799,0,1598.0,Wallet
TXN0001858,14/12/2025,09:54:39,NS014,C00456,P0010,2,599,15,1018.3,Cash
TXN0001493,2025-06-20,17:34:01,NS004,C00200,P0008,3,3499,0,10497.0,Debit Card
TXN0001419,2025-12-22,19:59:14,NS010,C00155,P0023,1,159,5,151.05,Credit Card
TXN0002560,2025-05-04,12:50:07,NS015,C00494,P0039,4,179,20,572.8,Cash
TXN0006212,2025-04-14,17:44:05,NS013,C00354,P0044,3,279,0,837.0,Debit Card
TXN0004722,2025-02-27,13:27:19,NS014,C00315,P0012,1,1499,5,1424.05,UPI
TXN0005884,2025-01-19,15:28:26,NS012,C00373,P0043,4,349,0,1396.0,UPI
TXN0004037,2025-05-15,11:31:41,NS009,C00025,P0011,2,599,15,1018.3,Credit Card
TXN0000876,2025-09-07,17:02:42,NS013,C00519,P0005,2 pcs,1899,15,3228.3,Credit Card
TXN0003242,2025-08-28,12:06:08,NS010,C00488,P0013,2,1299,0,2598.0,
TXN0001898,05/05/2025,09:26:31,NS006,C00472,P0033,3,999,15,2547.45,Wallet
TXN0001170,2025-08-07,17:41:15,NS003,C00500,P0019,3,799,0,2397.0,Credit Card
TXN0002388,17-09-2025,17:24:27,NS010,C00107,P0006,1,399,0,399.0,UPI
TXN0005983,25-10-2025,19:32:34,NS014,C00030,P0032,2,799,0,1598.0,Debit Card
TXN0004968,07/01/2025,13:10:53,NS015,C00209,P0029,1,199,5,189.05,Debit Card
TXN0002254,23/08/2025,19:01:55,NS014,C00444,P0038,1,149,0,149.0,Credit Card
TXN0005108,2025-08-16,11:44:48,NS010,C00460,P0027,4,249,15,846.6,UPI
TXN0003952,2025-09-29,12:17:54,NS003,C00360,P0008,3,3499,0,10497.0,Wallet
TXN0006340,13-08-2025,21:02:27,NS007,C00475,P0024,2,449,0,898.0,Credit Card
TXN0005473,18/02/2025,15:07:42,NS008,C00328,P0042,2,299,15,508.3,UPI
TXN0004608,2025-10-28,17:32:51,NS007,C00257,P0040,3,599,0,1797.0,UPI
TXN0000498,2025-05-20,13:41:30,NS007,C00045,P0045,3,499,5,1422.15,
TXN0006185,22/06/2025,10:18:14,NS003,C00077,P0008,4,3499,0,13996.0,Credit Card
TXN0004361,2025-12-14,14:13:21,NS015,C00269,P0012,3,1499,15,3822.45,UPI
TXN0005979,01/03/2025,09:31:22,NS006,C00480,P0035,4,449,0,1796.0,Cash
TXN0006080,2025-06-07,19:41:08,NS002,C00019,P0012,1,1499,20,1199.2,Debit Card
TXN0006224,2025-08-02,14:23:46,NS004,C00167,P0034,3,299,0,897.0,UPI
TXN0002322,07/20/2025,13:13:02,NS002,C00399,P0022,3,189,15,481.95,UPI
TXN0002316,2025-11-18,20:12:10,NS003,C00032,P0003,3,4999,20,11997.6,Credit Card
TXN0005606,2025-07-10,10:48:04,NS006,C00414,P0019,3,799,0,2397.0,Credit Card
TXN0001122,2025-03-22,19:59:44,NS008,C00420,P0030,2 pcs,399,0,798.0,Cash
TXN0002486,04/03/2025,15:19:06,NS014,C00184,P0010,2,599,20,958.4,Credit Card
TXN0002948,06-07-2025,09:06:04,NS002,C00230,P0040,1,599,10,539.1,Credit Card
TXN0000614,2025-08-01,10:51:32,NS006,C00490,P0017,3,1199,0,3597.0,Debit Card
TXN0002058,02/04/2025,12:47:20,NS012,C00023,P0040,2,599,0,1198.0,Credit Card
TXN0001584,27-04-2025,14:40:12,NS007,C00320,P0011,2,599,10,1078.2,
TXN0005044,21-06-2025,11:55:40,NS006,C00410,P0045,2,499,20,798.4,Debit Card
TXN0004345,2025-10-01,09:12:09,NS012,C00420,P0009,2,2199,15,3738.3,Credit Card
TXN0002857,10-09-2025,20:14:34,NS008,C00059,P0048,3,399,10,1077.3,UPI
TXN0000293,19-07-2025,17:50:57,NS010,C00204,P0005,5,1899,0,9495.0,Credit Card
TXN0001040,2025-11-23,09:57:31,NS008,C00454,P0039,3,179,15,456.45,UPI
TXN0005377,14/09/2025,09:15:19,NS006,C00304,P0020,4,3999,5,15196.2,UPI
TXN0000464,11/11/2025,11:38:34,NS001,C00022,P0025,1,49,10,44.1,Credit Card
TXN0000500,2025-03-30,19:48:34,NS013,C00107,P0003,3,4999,0,14997.0,Wallet
TXN0005453,2025-08-16,16:32:17,NS008,C00100,P0002,4,3299,0,13196.0,Wallet
TXN0001215,05/02/2025,15:28:30,NS009,C00294,P0033,1,999,15,849.15,Credit Card
TXN0001785,2025-04-26,10:59:56,NS001,C00482,P0027,3,249,0,747.0,Wallet
TXN0002507,03/11/2025,18:23:06,NS011,C00262,P0023,2,159,0,318.0,Debit Card
TXN0005885,20/05/2025,17:43:13,NS004,C00306,P0017,1,1199,5,1139.05,Debit Card
TXN0002057,15-03-2025,09:55:26,NS013,C00130,P0049,4,199,15,676.6,Debit Card
TXN0000961,27/03/2025,20:46:00,NS015,C00502,P0014,2,899,10,1618.2,Cash
TXN0002801,14/04/2025,16:10:43,NS009,C00484,P0046,2,199,15,338.3,Debit Card
TXN0002091,2025-06-13,20:30:41,NS009,C00400,P0013,1,1299,0,1299.0,Cash
TXN0002808,2025-05-04,20:42:30,NS005,C00508,P0030,1,399,0,399.0,Debit Card
TXN0004771,2025-12-10,20:24:39,NS014,C00036,P0020,2,3999,15,6798.3,Cash
TXN0002880,21/03/2025,13:34:00,NS007,C00410,P0007,1,799,0,799.0,Debit Card
TXN0000671,02/03/2025,13:36:16,NS015,C00029,P0046,3,199,20,477.6,Debit Card
TXN0001388,2025-05-08,09:57:48,NS010,C00457,P0009,1,2199,0,2199.0,Cash
TXN0002209,25/10/2025,18:38:03,NS006,C00166,P0009,1,2199,20,1759.2,Cash
TXN0000688,2025-04-12,19:27:25,NS007,C00387,P0006,4,399,0,1596.0,Debit Card
TXN0002340,2025-09-27,11:27:28,NS006,C00124,P0048,1,399,20,319.2,Debit Card
TXN0000598,29-09-2025,20:01:08,NS013,C00070,P0045,3,499,10,1347.3,Credit Card
TXN0006428,12/11/2025,16:39:42,NS006,C00085,P0040,3,599,15,1527.45,
TXN0001057,2025-09-12,15:33:49,NS013,C00151,P0001,2,2499,0,4998.0,Debit Card
TXN0005185,2025-02-11,19:37:03,NS003,C00448,P0042,2,299,0,598.0,UPI
TXN0002815,24-09-2025,17:40:32,NS013,C00427,P0046,3,199,15,507.45,Wallet
TXN0006161,02/09/2025,13:41:07,NS005,C00279,P0009,3,2199,0,6597.0,Cash
TXN0006416,2025-04-04,18:56:19,NS015,C00529,P0008,3,3499,0,10497.0,Wallet
TXN0002015,06-10-2025,11:36:57,NS012,C00001,P0027,3,249,15,634.95,Wallet
TXN0000730,06-07-2025,12:32:17,NS009,C00025,P0032,3,799,0,2397.0,Cash
TXN0002283,10/27/2025,19:23:52,NS007,C00080,P0006,3,399,15,1017.45,Credit Card
TXN0001488,15-12-2025,11:45:54,NS006,C00104,P0026,1,299,10,269.1,Debit Card
TXN0003348,2025-03-16,21:09:20,NS008,C00163,P0032,2,799,5,1518.1,Debit Card
TXN0002638,03/12/2025,19:51:25,NS006,C00201,P0011,2,599,0,1198.0,Credit Card
TXN0002519,2025-04-25,18:19:39,NS015,C00232,P0002,2,3299,5,6268.1,Cash
TXN0003946,07/12/2025,11:32:57,NS013,C00069,P0006,2,399,20,638.4,UPI
TXN0004483,21/07/2025,12:34:41,NS008,C00373,P0042,3,299,10,807.3,Credit Card
TXN0006322,10-01-2025,16:48:39,NS007,C00110,P0045,3,499,0,1497.0,Wallet
TXN0001443,25/05/2025,17:58:56,NS010,C00115,P0006,4,399,20,1276.8,UPI
TXN0000377,2025-02-23,17:28:25,NS001,C00125,P0020,4,3999,20,12796.8,UPI
TXN0001093,2025-06-24,17:13:40,NS011,C00436,P0036,3,349,0,1047.0,Cash
TXN0003210,2025-12-26,13:54:52,NS006,C00323,P0014,2,899,10,1618.2,Wallet
TXN0003958,24/01/2025,13:50:28,NS008,C00493,P0008,2,3499,0,6998.0,Credit Card
TXN0005363,12/16/2025,20:38:36,NS001,C00278,P0026,1,299,15,254.15,Wallet
TXN0002528,2025-03-21,11:51:16,NS012,C00153,P0017,3,1199,15,3057.45,UPI
TXN0003269,2025-05-18,12:52:40,NS007,C00347,P0042,2,299,0,598.0,Wallet
TXN0004509,06-07-2025,11:12:17,NS001,C00519,P0032,1,799,10,719.1,Debit Card
TXN0004752,2025-01-13,09:17:04,NS001,C00429,P0019,3,799,15,2037.45,Cash
TXN0000538,06/26/2025,20:39:15,NS015,C00470,P0003,1,4999,10,4499.1,Credit Card
TXN0005109,02/28/2025,12:21:19,NS011,C00329,P0026,1,299,5,284.05,UPI
TXN0001920,22/10/2025,18:24:45,NS014,C00192,P0008,3 pcs,3499,0,10497.0,Debit Card
TXN0000897,2025-04-18,11:45:09,NS001,C00082,P0004,3,1499,0,4497.0,UPI
TXN0003158,12/27/2025,10:01:38,NS007,C00510,P0020,3,3999,0,11997.0,UPI
TXN0001345,13/07/2025,14:45:09,NS009,C00401,P0012,1,1499,0,1499.0,Wallet
TXN0001735,25/03/2025,19:57:56,NS001,C00486,P0013,3,1299,0,3897.0,Wallet
TXN0003628,17/08/2025,14:32:57,NS014,C00473,P0036,2,349,20,558.4,Cash
TXN0004235,11/12/2025,17:40:18,NS004,C00442,P0023,2,159,20,254.4,UPI
TXN0001252,03/11/2025,10:24:59,NS009,C00383,P0001,2,2499,0,4998.0,Cash
TXN0003644,25/04/2025,17:47:27,NS015,C00076,P0030,3,399,0,1197.0,Credit Card
TXN0006498,05-08-2025,15:59:28,NS004,C00286,P0040,2,599,15,1018.3,Cash
TXN0004817,09/20/2025,14:29:07,NS011,C00428,P0037,1,699,0,699.0,Debit Card
TXN0005825,2025-01-19,09:37:34,NS001,C00248,P0017,1,1199,15,1019.15,Cash
TXN0001784,09/10/2025,21:17:31,NS007,C00027,P0029,3,199,15,507.45,UPI
TXN0005371,2025-05-16,17:05:34,NS012,C00395,P0029,3,199,10,537.3,Cash
TXN0003551,2025-11-17,20:57:22,NS007,C00208,P0045,1,499,0,499.0,Wallet
TXN0000149,2025-03-29,11:45:08,NS004,C00499,P0012,5,1499,0,7495.0,Debit Card
TXN0004918,2025-03-14,09:19:18,NS009,C00301,P0043,3,349,0,1047.0,Credit Card
TXN0000932,2025-08-04,14:17:47,NS001,C00141,P0005,1,1899,0,1899.0,Cash
TXN0002313,07/02/2025,15:10:41,NS013,C00391,P0040,3,599,15,1527.45,UPI
TXN0001073,2025-10-31,11:22:52,NS014,C00302,P0012,3,1499,0,4497.0,UPI
TXN0006398,2025-10-13,16:23:14,NS010,C00205,P0028,1,25,0,25.0,Debit Card
TXN0006321,18-05-2025,09:33:20,NS012,C00231,P0034,1,299,5,284.05,UPI
TXN0000901,26/08/2025,15:50:45,NS014,C00332,P0029,1,199,10,179.1,Debit Card
TXN0006024,2025-07-08,09:41:35,NS005,C00117,P0046,1,199,0,199.0,Wallet
TXN0002737,06/13/2025,14:38:27,NS011,C00377,P0030,3,399,5,1137.15,Credit Card
TXN0002864,01/05/2025,10:00:33,NS009,C00047,P0014,2,899,5,1708.1,Debit Card
TXN0003870,02/02/2025,19:59:47,NS015,C00325,P0019,2,799,15,1358.3,Cash
TXN0003686,01/01/2025,17:16:15,NS012,C00480,P0036,1,349,15,296.65,Cash
TXN0006404,2025-06-10,21:15:24,NS007,C00414,P0029,1,199,0,199.0,UPI
TXN0005641,2025-08-15,17:19:34,NS011,C00330,P0022,1,189,10,170.1,Cash
TXN0004799,01/03/2025,14:52:29,NS006,C00153,P0042,3,299,15,762.45,
TXN0003039,17-10-2025,13:49:37,NS007,C00400,P0027,3,249,0,747.0,Cash
TXN0003375,2025-03-28,12:49:01,NS003,C00176,P0003,3,4999,5,14247.15,Cash
TXN0003721,2025-10-21,16:21:25,NS012,C00306,P0017,1,1199,0,1199.0,Wallet
TXN0003523,25/01/2025,18:20:33,NS001,C00314,P0001,1,2499,5,2374.05,Debit Card
TXN0006354,2025-12-02,17:56:09,NS003,C00195,P0011,3,599,15,1527.45,Credit Card
TXN0005351,2025-06-06,21:55:59,NS006,C00468,P0006,1,399,15,339.15,Credit Card
TXN0005624,2025-10-27,15:57:26,NS009,C00411,P0046,2,199,0,398.0,Cash
TXN0004463,05/04/2025,21:33:25,NS006,C00023,P0032,2,799,0,1598.0,Cash
TXN0001176,23/12/2025,18:02:56,NS007,C00141,P0017,2,1199,20,1918.4,UPI
TXN0003633,03-09-2025,09:28:07,NS003,C00459,P0037,3,699,20,1677.6,Cash
TXN0005868,02-09-2025,14:33:56,NS008,C00503,P0047,2,449,0,898.0,UPI
TXN0004344,14/08/2025,17:26:04,NS007,C00239,P0015,3,1799,15,4587.45,UPI
TXN0000635,2025-12-31,14:19:28,NS007,C00085,P0033,1,999,15,849.15,Wallet
TXN0001182,2025-05-21,18:26:25,NS014,C00065,P0031,3,1299,20,3117.6,Cash
TXN0004574,2025-10-28,20:54:50,NS011,C00190,P0034,3,299,20,717.6,Credit Card
TXN0001299,26/08/2025,16:10:45,NS012,C00097,P0025,3,49,0,147.0,Cash
TXN0003884,18/02/2025,17:49:23,NS003,C00372,P0016,1,999,20,799.2,Credit Card
TXN0000982,31-03-2025,13:32:39,NS013,C00044,P0021,2,599,20,958.4,Cash
TXN0001485,2025-01-29,12:25:08,NS011,C00190,P0006,1,399,20,319.2,UPI
TXN0002046,2025-02-12,11:38:19,NS004,C00023,P0003,1,4999,0,4999.0,Debit Card
TXN0000675,04-11-2025,11:53:11,NS001,C00507,P0047,1,449,10,404.1,Cash
TXN0003478,2025-12-13,15:26:35,NS010,C00309,P0003,5,4999,0,24995.0,Debit Card
TXN0000485,09/06/2025,12:44:06,NS009,C00470,P0022,1,189,0,189.0,Wallet
TXN0003369,2025-04-15,15:42:43,NS001,C00026,P0024,3,449,0,1347.0,UPI
TXN0005617,06/26/2025,21:39:46,NS003,C00214,P0001,1,2499,0,2499.0,UPI
TXN0001430,2025-12-01,20:59:10,NS003,C00293,P0008,1,3499,10,3149.1,Debit Card
TXN0006213,28/05/2025,20:39:01,NS008,C00049,P0041,2,249,5,473.1,Credit Card
TXN0006335,05/08/2025,13:22:04,NS011,C00150,P0011,3,599,5,1707.15,Cash
TXN0000558,2025-08-23,12:11:30,NS015,C00205,P0021,2,599,5,1138.1,Cash
TXN0000604,11/29/2025,21:04:49,NS011,C00442,P0018,4,2499,20,7996.8,UPI
TXN0002148,2025-01-31,20:02:38,NS003,C00276,P0026,2,299,0,598.0,Cash
TXN0002695,25-03-2025,17:55:56,NS015,C00496,P0036,1,349,0,349.0,Cash
TXN0003174,06/20/2025,16:36:19,NS003,C00049,P0047,2 pcs,449,0,898.0,UPI
TXN0002547,2025-07-24,13:56:35,NS007,C00532,P0038,2,149,5,283.1,Wallet
TXN0002464,2025-04-02,18:50:58,NS008,C00461,P0016,3,999,15,2547.45,Debit Card
TXN0002332,2025-09-22,19:33:47,NS013,C00424,P0022,2,189,0,378.0,Wallet
TXN0000809,19/12/2025,14:43:31,NS001,C00390,P0003,2,4999,0,9998.0,Debit Card
TXN0005714,2025-06-17,16:45:15,NS015,C00458,P0010,1,599,0,599.0,Debit Card
TXN0006128,11/24/2025,17:05:21,NS009,C00524,P0016,1,999,0,999.0,Credit Card
TXN0004178,2025-05-16,13:16:34,NS013,C00187,P0006,1,399,0,399.0,Cash
TXN0003252,2025-02-19,09:18:39,NS014,C00449,P0012,1,1499,15,1274.15,Debit Card
TXN0004165,2025-05-15,14:43:51,NS009,C00067,P0022,1,189,0,189.0,Wallet
TXN0002924,27-04-2025,13:50:37,NS015,C00462,P0011,5,599,15,2545.75,Wallet
TXN0005032,04/12/2025,15:51:28,NS007,C00232,P0045,1,499,0,499.0,Credit Card
TXN0001593,2025-02-15,09:23:31,NS012,C00210,P0047,3,449,20,1077.6,UPI
TXN0001187,2025-06-17,13:20:51,NS011,C00051,P0008,1,3499,0,3499.0,Wallet
TXN0000435,2025-09-16,14:41:30,NS010,C00236,P0029,2,199,0,398.0,Wallet
TXN0004168,07-02-2025,13:19:55,NS002,C00440,P0041,2,249,15,423.3,Cash
TXN0002428,28-09-2025,20:26:00,NS014,C00445,P0025,5,49,0,245.0,Debit Card
TXN0003514,01/22/2025,16:08:00,NS011,C00144,P0002,1,3299,0,3299.0,Wallet
TXN0000212,03-12-2025,11:08:22,NS012,C00445,P0001,2 pcs,2499,0,4998.0,Cash
TXN0000882,2025-09-27,19:53:45,NS010,C00533,P0044,3,279,0,837.0,UPI
TXN0000533,06/22/2025,20:37:16,NS004,C00528,P0040,4,599,15,2036.6,
TXN0003666,2025-03-23,21:17:39,NS009,C00270,P0038,3,149,0,447.0,UPI
TXN0000192,21/11/2025,12:45:23,NS010,C00524,P0039,1,179,15,152.15,UPI
TXN0000448,16/04/2025,17:48:10,NS001,C00041,P0035,3,449,0,1347.0,Cash
TXN0005400,2025-01-05,20:01:42,NS014,C00333,P0031,5,1299,5,6170.25,Debit Card
TXN0004156,2025-08-22,15:33:47,NS007,C00442,P0012,2,1499,5,2848.1,
TXN0001258,27-04-2025,11:51:36,NS009,C00480,P0027,5,249,0,1245.0,Debit Card
TXN0000245,08-05-2025,13:09:40,NS010,C00014,P0001,1,2499,10,2249.1,Cash
TXN0003159,2025-08-08,21:22:46,NS010,C00011,P0022,3,189,0,567.0,Credit Card
TXN0006362,2025-12-26,11:36:51,NS007,C00127,P0046,2,199,0,398.0,Credit Card
TXN0000520,01/28/2025,13:50:49,NS003,C00355,P0030,2,399,0,798.0,Debit Card
TXN0000039,20/02/2025,13:09:11,NS005,C00092,P0010,2,599,15,1018.3,UPI
TXN0002518,2025-05-25,12:49:42,NS001,C00029,P0002,5,3299,0,16495.0,Credit Card
TXN0004009,2025-01-24,20:18:05,NS015,C00307,P0018,3,2499,0,7497.0,Wallet
TXN0003459,2025-06-11,21:01:29,NS001,C00147,P0025,2,49,0,98.0,Debit Card
TXN0000023,2025-08-21,20:27:53,NS007,C00084,P0006,1,399,15,339.15,UPI
TXN0004084,30/04/2025,19:34:33,NS004,C00243,P0040,1,599,0,599.0,Wallet
TXN0002382,26-06-2025,21:12:39,NS001,C00077,P0018,1,2499,0,2499.0,Wallet
TXN0002351,07/22/2025,21:19:39,NS010,C00065,P0007,3,799,0,2397.0,Wallet
TXN0004100,13-09-2025,19:54:16,NS002,C00084,P0027,1,249,0,249.0,Wallet
TXN0004693,12/14/2025,11:04:32,NS015,C00341,P0044,5,279,15,1185.75,Wallet
TXN0005321,27-02-2025,15:05:43,NS007,C00219,P0044,2,279,0,558.0,Credit Card
TXN0004779,05/30/2025,21:09:08,NS015,C00146,P0023,1,159,5,151.05,Cash
TXN0005867,2025-11-30,18:00:12,NS004,C00531,P0017,4,1199,0,4796.0,UPI
TXN0005038,2025-10-29,11:41:19,NS006,C00470,P0037,3,699,0,2097.0,UPI
TXN0001833,02/05/2025,20:10:14,NS012,C00347,P0042,1,299,0,299.0,UPI
TXN0003685,2025-08-29,19:08:48,NS001,C00100,P0006,3,399,0,1197.0,Credit Card
TXN0000808,2025-06-13,13:44:30,NS014,C00393,P0049,3,199,0,597.0,Debit Card
TXN0005753,2025-01-23,11:02:36,NS002,C00161,P0033,3,999,0,2997.0,UPI
TXN0002280,29/05/2025,14:15:33,NS013,C00342,P0042,3,299,15,762.45,Credit Card
TXN0002175,2025-09-15,18:09:10,NS002,C00253,P0026,3,299,0,897.0,
TXN0002895,27-07-2025,18:05:56,NS010,C00354,P0013,1,1299,0,1299.0,Debit Card
TXN0000352,2025-06-21,13:56:04,NS003,C00010,P0039,3,179,20,429.6,Wallet
TXN0003828,2025-02-06,13:49:56,NS011,C00247,P0037,2,699,0,1398.0,Credit Card
TXN0004728,22/04/2025,17:01:02,NS008,C00116,P0007,3,799,5,2277.15,Debit Card
TXN0003731,2025-03-22,15:48:34,NS014,C00295,P0005,3,1899,20,4557.6,Debit Card
TXN0002430,2025-08-22,14:29:02,NS013,C00211,P0037,3,699,15,1782.45,UPI
TXN0002299,03/29/2025,17:24:21,NS006,C00532,P0008,4,3499,20,11196.8,
TXN0003780,2025-08-15,17:25:27,NS006,C00424,P0003,2,4999,20,7998.4,
TXN0004440,2025-03-10,10:08:56,NS008,C00502,P0045,1,499,10,449.1,Debit Card
TXN0005331,05/19/2025,17:07:54,NS003,C00249,P0022,2,189,0,378.0,Cash
TXN0000689,2025-02-23,16:39:24,NS005,C00510,P0050,3,1499,0,4497.0,Wallet
TXN0004865,2025-11-26,12:39:43,NS006,C00491,P0009,3,2199,15,5607.45,Wallet
TXN0002769,27-05-2025,17:44:33,NS009,C00198,P0040,3,599,0,1797.0,UPI
TXN0001877,2025-09-30,14:39:23,NS002,C00317,P0005,3 pcs,1899,15,4842.45,Credit Card
TXN0004545,2025-12-05,11:21:52,NS003,C00378,P0041,3,249,5,709.65,Cash
TXN0003692,08/09/2025,17:55:19,NS003,C00017,P0049,3,199,5,567.15,Debit Card
TXN0004023,31/10/2025,13:51:18,NS012,C00477,P0041,2,249,0,498.0,Cash
TXN0002990,2025-05-12,10:27:31,NS012,C00532,P0021,3,599,5,1707.15,Credit Card
TXN0005752,2025-10-05,17:16:01,NS012,C00102,P0011,3,599,0,1797.0,Cash
TXN0004385,11-04-2025,16:58:11,NS010,C00074,P0048,2,399,5,758.1,UPI
TXN0004995,2025-05-30,18:44:29,NS001,C00065,P0033,1,999,0,999.0,Credit Card
TXN0006083,2025-10-16,11:22:14,NS009,C00315,P0007,3,799,0,2397.0,Debit Card
TXN0003513,2025-07-16,21:20:42,NS004,C00420,P0003,3,4999,20,11997.6,Wallet
TXN0001505,10/15/2025,14:52:49,NS015,C00503,P0022,3,189,10,510.3,Wallet
TXN0003545,2025-04-28,21:11:22,NS008,C00308,P0020,3,3999,0,11997.0,Credit Card
TXN0002353,13-02-2025,14:20:46,NS015,C00223,P0036,1,349,0,349.0,Debit Card
TXN0002215,09/29/2025,11:44:03,NS002,C00213,P0042,1,299,20,239.2,Cash
TXN0001171,2025-07-13,21:59:29,NS010,C00408,P0012,3,1499,0,4497.0,Wallet
TXN0004418,16-09-2025,10:25:08,NS015,C00018,P0028,1,25,0,25.0,Credit Card
TXN0003147,2025-04-02,15:48:46,NS013,C00240,P0038,3,149,10,402.3,UPI
TXN0001672,2025-01-31,20:14:21,NS005,C00337,P0046,3,199,0,597.0,UPI
TXN0006175,2025-08-24,19:30:43,NS001,C00340,P0043,1,349,0,349.0,Wallet
TXN0002806,15/07/2025,10:06:37,NS014,C00517,P0016,1,999,20,799.2,Credit Card
TXN0006118,2025-02-06,11:17:29,NS002,C00397,P0023,2,159,0,318.0,Wallet
TXN0000569,14/08/2025,11:47:51,NS012,C00132,P0010,3,599,5,1707.15,Debit Card
TXN0003487,25-02-2025,10:36:52,NS009,C00436,P0016,2,999,0,1998.0,Wallet
TXN0000371,11/11/2025,21:15:37,NS009,C00383,P0009,3,2199,5,6267.15,Cash
TXN0003374,30/07/2025,18:00:11,NS006,C00099,P0022,1,189,15,160.65,Credit Card
TXN0000567,2025-12-25,13:38:02,NS013,C00144,P0010,3,599,5,1707.15,Cash
TXN0005792,2025-01-21,11:47:26,NS007,C00420,P0006,2,399,0,798.0,Wallet
TXN0000072,2025-06-25,09:33:37,NS011,C00149,P0004,1,1499,0,1499.0,Debit Card
TXN0002172,13-02-2025,19:41:54,NS003,C00496,P0031,1,1299,0,1299.0,Credit Card
TXN0002972,20/08/2025,15:13:12,NS015,C00299,P0026,2,299,5,568.1,Debit Card
TXN0004907,26/08/2025,20:26:37,NS010,C00135,P0009,2,2199,0,4398.0,Credit Card
TXN0001349,2025-04-26,15:27:05,NS009,C00359,P0003,4,4999,15,16996.6,Cash
TXN0002290,16/11/2025,11:58:09,NS002,C00260,P0004,3,1499,0,4497.0,UPI
TXN0004234,2025-08-25,14:51:01,NS005,C00411,P0007,2,799,0,1598.0,UPI
TXN0000335,2025-01-23,13:04:16,NS006,C00389,P0018,3,2499,0,7497.0,UPI
TXN0004766,2025-04-16,14:11:43,NS015,C00155,P0014,3,899,0,2697.0,Credit Card
TXN0001958,2025-12-08,12:35:37,NS012,C00418,P0009,3,2199,10,5937.3,UPI
TXN0000123,2025-07-19,12:04:42,NS014,C00286,P0042,5,299,10,1345.5,Cash
TXN0003795,19-01-2025,20:02:16,NS006,C00217,P0038,5,149,0,745.0,Credit Card
TXN0006403,2025-01-03,12:02:44,NS012,C00064,P0031,1,1299,5,1234.05,Wallet
TXN0004615,05-02-2025,11:07:48,NS014,C00437,P0032,2,799,0,1598.0,Wallet
TXN0001110,17/08/2025,18:28:00,NS003,C00179,P0029,1,199,0,199.0,Cash
TXN0001543,2025-06-08,19:59:09,NS003,C00284,P0035,4,449,0,1796.0,Wallet
TXN0000259,2025-01-09,16:08:58,NS002,C00062,P0023,2,159,0,318.0,Credit Card
TXN0003908,2025-11-13,12:07:27,NS014,C00191,P0009,2,2199,0,4398.0,Wallet
TXN0002144,02-08-2025,12:27:25,NS014,C00307,P0034,3,299,0,897.0,UPI
TXN0003321,2025-04-03,20:05:26,NS011,C00192,P0012,1,1499,15,1274.15,Credit Card
TXN0004522,2025-11-01,13:15:01,NS003,C00237,P0045,2,499,0,998.0,Cash
TXN0003014,08/06/2025,20:26:29,NS015,C00272,P0047,1,449,15,381.65,Debit Card
TXN0005610,04/17/2025,11:06:27,NS013,C00526,P0003,2,4999,0,9998.0,Cash
TXN0006475,2025-09-10,16:26:55,NS015,C00074,P0038,3,149,0,447.0,UPI
TXN0002187,03/10/2025,19:43:05,NS011,C00491,P0016,3,999,15,2547.45,Wallet
TXN0003311,06/04/2025,12:05:01,NS015,C00013,P0030,2,399,0,798.0,Wallet
TXN0000743,06-04-2025,21:14:10,NS007,C00304,P0039,4,179,5,680.2,
TXN0002350,05/17/2025,15:40:44,NS003,C00508,P0009,1,2199,10,1979.1,UPI
TXN0000401,11/10/2025,17:30:08,NS005,C00043,P0007,1,799,20,639.2,Wallet
TXN0000419,2025-05-02,09:17:51,NS011,C00281,P0006,1,399,5,379.05,Credit Card
TXN0001245,2025-08-12,11:09:38,NS008,C00343,P0033,3,999,0,2997.0,Debit Card
TXN0000566,2025-12-30,12:48:16,NS006,C00303,P0045,2,499,10,898.2,Debit Card
TXN0001218,25/11/2025,21:58:51,NS012,C00329,P0016,3,999,0,2997.0,UPI
TXN0002750,10/11/2025,10:50:07,NS004,C00310,P0048,2,399,5,758.1,Wallet
TXN0001500,23/07/2025,10:19:14,NS004,C00406,P0009,3,2199,5,6267.15,Debit Card
TXN0000067,2025-07-15,18:48:26,NS004,C00011,P0030,2,399,20,638.4,Debit Card
TXN0006206,2025-08-16,09:57:33,NS011,C00464,P0018,5,2499,10,11245.5,UPI
TXN0001817,2025-04-19,13:48:21,NS007,C00416,P0011,2,599,10,1078.2,UPI
TXN0003372,2025-08-12,14:46:18,NS003,C00221,P0011,2,599,20,958.4,Cash
TXN0003006,22/02/2025,14:00:52,NS012,C00302,P0033,5,999,5,4745.25,Wallet
TXN0005028,14-04-2025,16:56:40,NS006,C00024,P0024,2,449,0,898.0,
TXN0004367,2025-08-21,16:09:21,NS004,C00002,P0015,1,1799,10,1619.1,Wallet
TXN0004618,22/04/2025,14:16:44,NS011,C00043,P0041,3,249,5,709.65,Credit Card
TXN0002310,07/06/2025,18:58:46,NS013,C00106,P0002,4,3299,0,13196.0,Debit Card
TXN0004389,2025-07-17,17:14:11,NS002,C00339,P0011,3,599,0,1797.0,Cash
TXN0001536,2025-08-29,20:22:32,NS004,C00240,P0014,2,899,5,1708.1,Debit Card
TXN0004955,30/11/2025,11:02:28,NS007,C00079,P0023,2,159,0,318.0,Cash
TXN0004215,2025-06-26,16:10:56,NS007,C00092,P0036,3,349,0,1047.0,Cash
TXN0006516,2025-09-27,18:00:00,NS011,C00082,P9133,2,229,0,2785,Cash
TXN0003785,30/08/2025,09:33:01,NS003,C00296,P0008,1,3499,5,3324.05,Cash
TXN0001656,16-01-2025,20:26:36,NS013,C00015,P0007,2,799,0,1598.0,Debit Card
TXN0001974,25-07-2025,12:36:38,NS005,C00035,P0049,1,199,0,199.0,UPI
TXN0005763,2025-03-28,13:43:49,NS010,C00375,P0021,3,599,0,1797.0,UPI
TXN0001326,19-06-2025,15:37:45,NS015,C00275,P0047,3,449,10,1212.3,UPI
TXN0002529,2025-02-06,16:15:29,NS002,C00308,P0024,1,449,0,449.0,Cash
TXN0003864,12/11/2025,16:04:59,NS012,C00482,P0046,2,199,0,398.0,Wallet
TXN0004327,2025-04-12,10:41:43,NS006,C00112,P0004,3,1499,0,4497.0,UPI
TXN0001922,03/13/2025,20:25:58,NS004,C00285,P0012,1,1499,0,1499.0,UPI
TXN0000833,25/06/2025,18:40:04,NS005,C00275,P0018,2,2499,0,4998.0,
TXN0005068,2025-01-25,18:26:23,NS006,C00215,P0009,4,2199,5,8356.2,Debit Card
TXN0004935,2025-09-22,13:47:20,NS003,C00325,P0009,3,2199,15,5607.45,Credit Card
TXN0005183,12/02/2025,21:49:36,NS012,C00397,P0002,3,3299,0,9897.0,
TXN0002034,2025-11-27,20:37:41,NS006,C00441,P0007,2,799,0,1598.0,UPI
TXN0002534,10/10/2025,12:18:04,NS001,C00226,P0017,1,1199,5,1139.05,Cash
TXN0000513,20-09-2025,13:13:29,NS005,C00033,P0008,5,3499,0,17495.0,Debit Card
TXN0002541,20-04-2025,16:16:16,NS010,C00461,P0001,5,2499,0,12495.0,UPI
TXN0004975,2025-02-17,20:40:46,NS011,C00326,P0018,1,2499,5,2374.05,Cash
TXN0006409,12/10/2025,13:19:29,NS008,C00020,P0025,3,49,0,147.0,UPI
TXN0004088,2025-10-24,11:30:14,NS011,C00375,P0001,3,2499,15,6372.45,Cash
TXN0004448,2025-01-01,12:29:34,NS003,C00407,P0034,3,299,20,717.6,UPI
TXN0000065,2025-03-05,09:58:02,NS007,C00321,P0045,1,499,0,499.0,Cash
TXN0001199,22/12/2025,13:25:08,NS013,C00324,P0040,1,599,15,509.15,Cash
TXN0002247,2025-05-26,17:11:24,NS010,C00137,P0036,2,349,10,628.2,Cash
TXN0004748,2025-02-23,11:22:37,NS003,C00112,P0041,2,249,10,448.2,Debit Card
TXN0005451,09-08-2025,15:34:26,NS007,C00479,P0026,3,299,15,762.45,Wallet
TXN0000727,01/11/2025,19:36:22,NS015,C00348,P0006,3,399,0,1197.0,UPI
TXN0002120,18/02/2025,10:47:19,NS003,C00433,P0039,1,179,20,143.2,Debit Card
TXN0004934,2025-07-16,13:19:16,NS005,C00431,P0045,2,499,20,798.4,Credit Card
TXN0003161,03-08-2025,16:53:32,NS013,C00478,P0003,2,4999,0,9998.0,UPI
TXN0003604,2025-08-07,16:33:04,NS008,C00323,P0010,2,599,0,1198.0,UPI
TXN0002001,2025-08-30,12:32:46,NS002,C00125,P0023,2,159,0,318.0,
TXN0003752,01/11/2025,14:57:41,NS014,C00371,P0029,1,199,0,199.0,Cash
TXN0001124,2025-01-22,20:02:28,NS003,C00352,P0043,3,349,20,837.6,UPI
TXN0002665,2025-05-20,16:29:29,NS013,C00055,P0028,1,25,0,25.0,Wallet
TXN0005655,2025-02-01,19:21:58,NS007,C00306,P0019,1,799,0,799.0,Cash
TXN0001879,13-06-2025,17:55:25,NS012,C00527,P0018,1,2499,15,2124.15,UPI
TXN0003129,2025-10-31,10:52:37,NS014,C00119,P0042,3,299,0,897.0,Credit Card
TXN0004016,2025-06-10,16:50:05,NS006,C00039,P0002,2,3299,15,5608.3,Cash
TXN0000287,2025-06-18,14:38:31,NS004,C00488,P0008,2,3499,20,5598.4,Cash
TXN0000118,25/11/2025,19:57:06,NS007,C00316,P0029,1,199,0,199.0,Cash
TXN0006440,2025-09-15,09:21:14,NS013,C00069,P0035,3,449,15,1144.95,Credit Card
TXN0003389,02/01/2025,10:48:54,NS005,C00344,P0045,4,499,20,1596.8,Debit Card
TXN0005458,13/09/2025,12:39:13,NS011,C00212,P0020,5,3999,0,19995.0,Credit Card
TXN0001083,2025-03-30,12:52:26,NS008,C00100,P0016,4,999,20,3196.8,Credit Card
TXN0003439,2025-03-29,14:52:47,NS009,C00298,P0027,4,249,0,996.0,Cash
TXN0002885,08-08-2025,12:07:50,NS005,C00350,P0039,2,179,0,358.0,Cash
TXN0001868,24-01-2025,14:46:03,NS009,C00229,P0002,3,3299,5,9402.15,Cash
TXN0002872,31-05-2025,16:06:34,NS002,C00384,P0036,1,349,15,296.65,Cash
TXN0005683,13/01/2025,09:37:11,NS008,C00530,P0042,2,299,20,478.4,Credit Card
TXN0002012,14/10/2025,09:43:14,NS008,C00119,P0043,1,349,0,349.0,
TXN0004043,13/08/2025,16:43:48,NS013,C00354,P0001,3,2499,10,6747.3,Cash
TXN0001893,2025-04-03,19:50:42,NS010,C00029,P0041,2,249,0,498.0,Wallet
TXN0004911,16/04/2025,18:16:56,NS004,C00355,P0041,3,249,15,634.95,UPI
TXN0002306,2025-04-08,13:18:00,NS008,C00452,P0035,1,449,0,449.0,Cash
TXN0003932,11/06/2025,18:43:15,NS001,C00025,P0005,1,1899,5,1804.05,Cash
TXN0004316,2025-08-14,09:51:44,NS003,C00301,P0019,3,799,10,2157.3,Debit Card
TXN0001981,2025-10-11,11:03:13,NS006,C00203,P0005,4,1899,0,7596.0,
TXN0002177,17/10/2025,16:31:00,NS008,C00300,P0023,3,159,0,477.0,Credit Card
TXN0000960,09-05-2025,17:47:40,NS013,C00247,P0003,2,4999,5,9498.1,Wallet
TXN0001826,03-06-2025,15:37:13,NS007,C00339,P0025,1,49,0,49.0,UPI
TXN0001328,2025-08-09,13:08:05,NS003,C00352,P0019,3 pcs,799,0,2397.0,Wallet
TXN0003565,17-03-2025,21:23:03,NS009,C00428,P0012,3,1499,15,3822.45,Wallet
TXN0000058,2025-11-11,17:56:29,NS001,C00438,P0042,3,299,0,897.0,Credit Card
TXN0003542,2025-08-02,16:31:33,NS008,C00114,P0039,2,179,5,340.1,Wallet
TXN0005882,2025-07-31,18:13:14,NS005,C00334,P0028,2,25,0,50.0,Credit Card
TXN0004644,29/12/2025,18:42:49,NS012,C00012,P0005,3,1899,20,4557.6,Debit Card
TXN0005006,15/05/2025,09:21:44,NS008,C00354,P0040,2,599,0,1198.0,UPI
TXN0003219,2025-12-10,21:23:51,NS004,C00509,P0030,3,399,0,1197.0,Wallet
TXN0002927,29/09/2025,10:53:59,NS008,C00525,P0026,1,299,0,299.0,Cash
TXN0005505,02/01/2025,13:34:47,NS007,C00500,P0008,1,3499,20,2799.2,UPI
TXN0001411,07/31/2025,13:42:56,NS009,C00474,P0047,1,449,20,359.2,Debit Card
TXN0000163,06/17/2025,21:17:14,NS012,C00264,P0043,2,349,0,698.0,UPI
TXN0000412,2025-10-11,14:46:52,NS013,C00146,P0003,2,4999,20,7998.4,
TXN0001255,23/01/2025,12:52:55,NS013,C00452,P0004,3,1499,0,4497.0,
TXN0004732,28-07-2025,10:27:25,NS012,C00483,P0020,3,3999,5,11397.15,Debit Card
TXN0003712,2025-01-05,19:37:28,NS010,C00095,P0017,1,1199,20,959.2,Debit Card
TXN0006379,2025-01-07,18:32:12,NS006,C00044,P0004,2,1499,0,2998.0,Wallet
TXN0006029,2025-08-10,20:26:20,NS002,C00485,P0045,3 pcs,499,15,1272.45,Debit Card
TXN0000217,2025-01-05,13:18:31,NS002,C00440,P0016,5,999,0,4995.0,Wallet
TXN0001497,2025-04-03,20:19:26,NS006,C00218,P0021,3,599,0,1797.0,Debit Card
TXN0004018,2025-05-09,13:23:23,NS008,C00448,P0007,3,799,15,2037.45,Debit Card
TXN0004127,04/07/2025,20:14:12,NS004,C00073,P0042,2,299,0,598.0,Cash
TXN0002771,2025-12-21,14:35:21,NS012,C00281,P0023,3,159,0,477.0,UPI
TXN0000015,05/06/2025,14:58:22,NS001,C00287,P0034,3,299,0,897.0,Debit Card
TXN0001629,2025-03-17,10:24:30,NS012,C00374,P0049,3,199,15,507.45,
TXN0001058,2025-10-04,19:53:10,NS003,C00230,P0041,3,249,10,672.3,UPI
TXN0005521,03/02/2025,14:13:22,NS015,C00026,P0037,1,699,5,664.05,UPI
TXN0001556,2025-03-15,15:00:09,NS006,C00186,P0014,5,899,5,4270.25,Cash
TXN0000012,22-09-2025,14:01:28,NS003,C00011,P0046,3,199,0,597.0,Cash
TXN0004834,20/07/2025,19:36:09,NS003,C00343,P0046,3,199,0,597.0,Debit Card
TXN0002711,2025-02-09,13:22:39,NS014,C00523,P0022,5,189,15,803.25,Debit Card
TXN0001357,05-05-2025,19:50:46,NS008,C00251,P0005,3,1899,0,5697.0,Wallet
TXN0004971,31/05/2025,11:44:02,NS006,C00438,P0017,2,1199,10,2158.2,Credit Card
TXN0000413,2025-02-28,09:17:17,NS010,C00394,P0020,1,3999,0,3999.0,Credit Card
TXN0000503,11-12-2025,14:57:45,NS003,C00376,P0034,1 pcs,299,15,254.15,Debit Card
TXN0000306,03/29/2025,15:15:35,NS007,C00198,P0040,4,599,0,2396.0,Wallet
TXN0001887,05/10/2025,16:03:42,NS015,C00288,P0030,4,399,10,1436.4,Credit Card
TXN0005971,2025-04-28,19:35:59,NS011,C00039,P0046,1,199,15,169.15,Credit Card
TXN0000765,26-09-2025,13:15:50,NS007,C00434,P0045,1,499,5,474.05,Credit Card
TXN0001047,2025-08-05,17:42:20,NS003,C00479,P0032,3,799,10,2157.3,Debit Card
TXN0006170,2025-10-09,13:33:35,NS002,C00273,P0026,1,299,0,299.0,Credit Card
TXN0001671,2025-03-30,11:15:22,NS002,C00042,P0010,3,599,10,1617.3,Credit Card
TXN0002396,01/15/2025,13:42:33,NS004,C00204,P0016,2,999,5,1898.1,Cash
TXN0004464,13/10/2025,09:22:29,NS013,C00022,P0006,3,399,20,957.6,Credit Card
TXN0001737,2025-12-26,21:13:49,NS013,C00239,P0030,1,399,20,319.2,Cash
TXN0000880,2025-01-20,16:50:04,NS004,C00480,P0011,3,599,20,1437.6,Cash
TXN0001366,2025-12-08,18:55:41,NS008,C00099,P0009,3,2199,0,6597.0,UPI
TXN0001424,2025-04-11,13:18:19,NS008,C00019,P0020,3,3999,20,9597.6,Wallet
TXN0004621,12/03/2025,15:50:21,NS004,C00188,P0044,3,279,0,837.0,Cash
TXN0002391,08/20/2025,19:40:17,NS007,C00382,P0045,1,499,0,499.0,Credit Card
TXN0001189,2025-02-28,10:27:43,NS012,C00064,P0015,3,1799,15,4587.45,UPI
TXN0005031,23/07/2025,11:28:41,NS007,C00194,P0036,1,349,0,349.0,Debit Card
TXN0004949,2025-11-17,09:53:59,NS014,C00221,P0012,2,1499,0,2998.0,Credit Card
TXN0000309,03/23/2025,12:05:05,NS001,C00448,P0001,5,2499,0,12495.0,Cash
TXN0006207,2025-02-11,19:50:50,NS014,C00444,P0019,3,799,15,2037.45,Cash
TXN0000525,2025-11-02,10:22:31,NS011,C00028,P0015,5,1799,0,8995.0,UPI
TXN0006157,2025-05-30,21:24:17,NS007,C00028,P0032,3,799,0,2397.0,Credit Card
TXN0000750,14/03/2025,15:26:01,NS014,C00143,P0021,2,599,0,1198.0,Debit Card
TXN0004293,10-08-2025,19:53:50,NS013,C00164,P0015,1,1799,15,1529.15,Debit Card
TXN0002908,15-12-2025,16:56:53,NS008,C00155,P0045,2,499,0,998.0,UPI
TXN0002250,2025-08-05,12:20:38,NS002,C00482,P0026,2,299,0,598.0,Credit Card
TXN0005045,09/12/2025,10:11:52,NS006,C00162,P0020,2,3999,20,6398.4,Cash
TXN0002936,01/06/2025,20:49:23,NS011,C00442,P0037,1,699,0,699.0,Debit Card
TXN0003833,01/23/2025,11:04:03,NS009,C00297,P0003,1,4999,10,4499.1,Debit Card
TXN0003425,2025-11-25,16:10:15,NS012,C00434,P0005,3,1899,10,5127.3,Wallet
TXN0002884,2025-01-31,14:37:55,NS012,C00521,P0050,2,1499,0,2998.0,Cash
TXN0003383,20/12/2025,12:08:00,NS006,C00111,P0006,2,399,0,798.0,UPI
TXN0005016,2025-03-27,20:37:13,NS011,C00179,P0034,2,299,0,598.0,UPI
TXN0002167,2025-09-15,10:42:18,NS011,C00156,P0004,1,1499,10,1349.1,Wallet
TXN0001943,2025-12-23,14:58:53,NS003,C00173,P0019,3,799,0,2397.0,Cash
TXN0001528,2025-05-16,14:07:02,NS004,C00002,P0009,2,2199,0,4398.0,Cash
TXN0004550,2025-08-09,20:46:14,NS003,C00418,P0041,1,249,5,236.55,UPI
TXN0004590,09-07-2025,13:19:51,NS002,C00295,P0050,1,1499,0,1499.0,Credit Card
TXN0006155,19/12/2025,11:27:29,NS002,C00380,P0028,3,25,0,75.0,Credit Card
TXN0002706,21/06/2025,17:01:55,NS006,C00238,P0007,4,799,0,3196.0,UPI
TXN0004008,07/01/2025,09:35:10,NS007,C00504,P0048,3,399,15,1017.45,Credit Card
TXN0000134,2025-08-28,20:12:15,NS007,C00181,P0039,1,179,5,170.05,Credit Card
TXN0000116,05/03/2025,15:10:04,NS011,C00012,P0044,2,279,0,558.0,Debit Card
TXN0002478,2025-07-26,09:46:12,NS003,C00017,P0037,1,699,0,699.0,Debit Card
TXN0005064,2025-07-25,21:11:56,NS006,C00228,P0016,3,999,15,2547.45,UPI
TXN0005348,12/13/2025,10:30:47,NS012,C00162,P0013,1,1299,0,1299.0,Cash
TXN0000214,12/07/2025,10:26:31,NS009,C00508,P0044,2,279,10,502.2,Debit Card
TXN0004982,30-01-2025,10:21:33,NS001,C00414,P0029,3,199,5,567.15,Credit Card
TXN0004240,2025-10-26,16:12:20,NS007,C00261,P0009,4,2199,0,8796.0,Wallet
TXN0005405,2025-10-18,15:29:02,NS002,C00343,P0024,2,449,0,898.0,Debit Card
TXN0005126,07/11/2025,17:40:48,NS001,C00431,P0019,2,799,10,1438.2,Wallet
TXN0001070,2025-11-26,19:50:15,NS006,C00054,P0045,2,499,0,998.0,Credit Card
TXN0003289,2025-01-18,21:30:08,NS005,C00425,P0028,2,25,0,50.0,UPI
TXN0001052,24/03/2025,16:57:52,NS010,C00187,P0007,3,799,0,2397.0,Credit Card
TXN0001529,2025-05-16,15:13:27,NS003,C00522,P0007,2,799,5,1518.1,Credit Card
TXN0004566,2025-07-18,14:07:07,NS002,C00445,P0012,3,1499,20,3597.6,Cash
TXN0003609,14/04/2025,19:28:54,NS008,C00038,P0018,3,2499,0,7497.0,Wallet
TXN0001383,31/07/2025,12:19:21,NS013,C00269,P0019,3,799,0,2397.0,Credit Card
TXN0000031,2025-10-21,16:57:21,NS013,C00387,P0031,3,1299,0,3897.0,UPI
TXN0003547,22-02-2025,14:47:27,NS008,C00256,P0015,5,1799,10,8095.5,Cash
TXN0001030,03/14/2025,18:39:27,NS006,C00031,P0036,1,349,15,296.65,Wallet
TXN0006508,2025-12-09,14:00:00,NS004,C00246,P9007,2,1239,0,757,UPI
TXN0006294,05-07-2025,16:11:22,NS007,C00353,P0025,2,49,0,98.0,Debit Card
TXN0005094,18-01-2025,19:35:16,NS004,C00481,P0008,1,3499,0,3499.0,Cash
TXN0006150,2025-09-06,12:52:51,NS005,C00287,P0004,4,1499,0,5996.0,UPI
TXN0002877,2025-08-05,18:14:13,NS014,C00144,P0005,1,1899,5,1804.05,Wallet
TXN0006470,2025-05-20,19:43:50,NS003,C00412,P0023,3,159,0,477.0,Cash
TXN0003380,04/01/2025,20:14:01,NS011,C00461,P0026,3,299,5,852.15,Cash
TXN0005923,2025-06-14,20:59:30,NS012,C00304,P0039,1,179,0,179.0,UPI
TXN0003695,2025-06-24,19:40:03,NS003,C00325,P0020,2,3999,0,7998.0,Debit Card
TXN0004749,18/08/2025,13:03:23,NS006,C00351,P0042,3,299,0,897.0,Credit Card
TXN0002357,2025-09-16,16:23:23,NS002,C00157,P0037,3 pcs,699,5,1992.15,Credit Card
TXN0004612,2025-06-23,20:29:38,NS005,C00454,P0026,1,299,0,299.0,Wallet
TXN0003921,2025-09-07,10:29:00,NS013,C00221,P0032,5,799,0,3995.0,Cash
TXN0001936,2025-05-05,19:27:27,NS002,C00527,P0013,1,1299,10,1169.1,Wallet
TXN0004862,05/30/2025,16:44:11,NS009,C00401,P0016,3,999,15,2547.45,UPI
TXN0006174,2025-02-12,12:08:51,NS002,C00402,P0022,3,189,0,567.0,Wallet
TXN0000799,24/06/2025,20:10:54,NS013,C00143,P0014,3,899,15,2292.45,Cash
TXN0003065,2025-06-10,09:56:22,NS015,C00448,P0036,2,349,0,698.0,Debit Card
TXN0001994,10/19/2025,18:14:03,NS001,C00379,P0007,5,799,10,3595.5,Debit Card
TXN0001808,06/19/2025,09:25:15,NS001,C00406,P0026,1,299,15,254.15,Cash
TXN0005050,29-06-2025,13:34:57,NS013,C00179,P0022,4 pcs,189,0,756.0,Debit Card
TXN0002563,2025-05-15,15:13:52,NS010,C00459,P0001,1,2499,5,2374.05,Credit Card
TXN0006505,2025-04-23,11:00:00,NS011,C00334,P9567,1,1535,0,4892,UPI
TXN0003454,2025-07-31,16:50:29,NS008,C00246,P0027,2,249,20,398.4,Debit Card
TXN0000197,2025-03-29,21:24:11,NS006,C00413,P0031,5,1299,0,6495.0,Credit Card
TXN0002673,2025-12-26,09:44:32,NS013,C00410,P0032,1,799,10,719.1,UPI
TXN0003939,2025-09-17,19:57:06,NS013,C00394,P0023,1,159,10,143.1,Cash
TXN0004896,2025-10-22,21:04:07,NS002,C00295,P0039,2,179,0,358.0,UPI
TXN0003209,2025-12-17,21:39:36,NS012,C00319,P0018,3,2499,0,7497.0,Debit Card
TXN0001677,2025-03-02,16:25:12,NS002,C00493,P0030,3,399,10,1077.3,Credit Card
TXN0006114,2025-02-24,20:32:09,NS007,C00109,P0011,2 pcs,599,20,958.4,Debit Card
TXN0004750,2025-02-23,13:40:34,NS006,C00442,P0021,2,599,15,1018.3,Credit Card
TXN0006464,08/06/2025,14:58:43,NS001,C00154,P0036,4,349,0,1396.0,Cash
TXN0004641,24/06/2025,13:00:14,NS013,C00313,P0038,3,149,0,447.0,Wallet
TXN0000376,16/11/2025,10:04:00,NS003,C00124,P0034,1,299,0,299.0,UPI
TXN0004157,04/06/2025,12:00:55,NS013,C00037,P0037,4,699,0,2796.0,Credit Card
TXN0000603,08/02/2025,17:49:07,NS009,C00163,P0033,1,999,20,799.2,Wallet
TXN0006272,2025-03-05,14:19:48,NS010,C00533,P0003,3,4999,5,14247.15,Debit Card
TXN0000323,01/18/2025,13:37:26,NS005,C00361,P0026,1,299,0,299.0,UPI
TXN0005936,08/03/2025,19:12:05,NS001,C00068,P0024,4,449,0,1796.0,
TXN0001795,30/12/2025,12:46:15,NS006,C00428,P0009,1,2199,0,2199.0,UPI
TXN0002435,25-07-2025,09:53:54,NS007,C00265,P0046,1,199,0,199.0,Debit Card
TXN0004198,10/08/2025,21:41:12,NS010,C00270,P0022,1,189,0,189.0,Debit Card
TXN0003769,12/20/2025,15:22:09,NS008,C00530,P0011,3,599,5,1707.15,Debit Card
TXN0002873,2025-11-03,18:49:37,NS002,C00195,P0026,3,299,10,807.3,Cash
TXN0004914,03/03/2025,12:50:30,NS010,C00334,P0043,1,349,0,349.0,UPI
TXN0001567,2025-10-04,15:17:28,NS001,C00517,P0011,1,599,0,599.0,Wallet
TXN0002378,2025-06-10,10:25:57,NS012,C00160,P0008,3,3499,10,9447.3,Wallet
TXN0001623,23/07/2025,09:24:51,NS008,C00366,P0005,2,1899,0,3798.0,UPI
TXN0005659,2025-01-28,11:35:32,NS005,C00205,P0038,1,149,15,126.65,Debit Card
TXN0002782,23/07/2025,12:24:32,NS013,C00262,P0050,1,1499,20,1199.2,Debit Card
TXN0002499,01/13/2025,17:02:47,NS013,C00039,P0007,1,799,0,799.0,Credit Card
TXN0005797,2025-03-27,18:48:50,NS004,C00218,P0034,1,299,0,299.0,Cash
TXN0003937,2025-01-10,17:37:38,NS003,C00289,P0026,2,299,0,598.0,
TXN0003120,2025-05-26,10:48:28,NS004,C00303,P0015,2,1799,15,3058.3,Debit Card
TXN0003435,2025-09-14,21:38:40,NS004,C00330,P0026,3,299,0,897.0,Credit Card
TXN0003998,2025-01-01,12:33:24,NS006,C00277,P0045,3,499,15,1272.45,Debit Card
TXN0005388,2025-04-05,12:09:57,NS012,C00286,P0034,5,299,0,1495.0,UPI
TXN0004707,07/31/2025,18:19:33,NS002,C00062,P0001,1,2499,0,2499.0,UPI
TXN0004558,07/11/2025,11:06:07,NS012,C00522,P0031,2,1299,0,2598.0,Cash
TXN0003645,11-10-2025,12:33:02,NS006,C00464,P0015,2,1799,0,3598.0,UPI
TXN0005911,2025-11-25,10:55:39,NS010,C00214,P0009,2,2199,0,4398.0,UPI
TXN0000992,2025-06-02,12:56:26,NS013,C00134,P0024,3,449,15,1144.95,UPI
TXN0000835,16/05/2025,19:42:12,NS013,C00143,P0050,3,1499,5,4272.15,UPI
TXN0004207,2025-08-02,17:50:14,NS013,C00075,P0046,5,199,0,995.0,Wallet
TXN0000098,23-10-2025,13:47:00,NS008,C00364,P0022,1,189,15,160.65,Debit Card
TXN0001884,05-07-2025,18:19:26,NS010,C00024,P0027,2,249,0,498.0,UPI
TXN0004068,10/07/2025,14:56:46,NS005,C00264,P0034,2,299,0,598.0,Credit Card
TXN0002443,2025-09-04,10:39:45,NS015,C00334,P0036,2,349,15,593.3,
TXN0002160,2025-08-22,16:16:24,NS002,C00144,P0006,3,399,10,1077.3,Debit Card
TXN0004730,05-09-2025,09:46:18,NS003,C00132,P0045,2,499,0,998.0,UPI
TXN0002092,08/15/2025,11:04:03,NS014,C00145,P0046,2,199,0,398.0,UPI
TXN0000121,2025-01-23,10:52:20,NS006,C00195,P0040,1,599,15,509.15,Debit Card
TXN0003462,2025-12-05,20:56:53,NS015,C00465,P0016,1,999,0,999.0,Wallet
TXN0004025,19/02/2025,17:34:02,NS003,C00367,P0032,3,799,0,2397.0,Cash
TXN0001145,09/29/2025,16:19:12,NS013,C00411,P0012,1,1499,0,1499.0,Cash
TXN0001107,2025-03-27,14:44:15,NS013,C00209,P0021,3,599,5,1707.15,Credit Card
TXN0001957,2025-12-24,13:56:28,NS013,C00278,P0049,2,199,15,338.3,Credit Card
TXN0004937,09/01/2025,13:09:04,NS004,C00101,P0015,2,1799,20,2878.4,Credit Card
TXN0005550,03/01/2025,17:57:11,NS003,C00037,P0038,1,149,10,134.1,UPI
TXN0001787,03/10/2025,10:17:22,NS007,C00198,P0017,1,1199,0,1199.0,Wallet
TXN0005964,16-08-2025,21:43:41,NS007,C00062,P0007,1,799,0,799.0,
TXN0002017,2025-07-13,09:24:21,NS007,C00471,P0016,2,999,20,1598.4,Credit Card
TXN0004780,2025-10-10,21:55:30,NS015,C00400,P0006,2,399,15,678.3,Credit Card
TXN0004222,2025-08-04,10:02:19,NS014,C00279,P0025,1,49,20,39.2,UPI
TXN0002712,2025-04-29,14:45:53,NS005,C00082,P0034,1,299,0,299.0,Wallet
TXN0001156,07/30/2025,10:09:13,NS008,C00294,P0004,2,1499,20,2398.4,Wallet
TXN0000060,23-01-2025,12:03:17,NS015,C00431,P0035,2,449,10,808.2,Cash
TXN0001632,16-09-2025,18:50:27,NS014,C00126,P0021,2,599,0,1198.0,Wallet
TXN0002477,11-01-2025,11:27:49,NS015,C00168,P0048,3,399,20,957.6,UPI
TXN0004913,04/10/2025,20:33:31,NS014,C00003,P0008,5,3499,0,17495.0,
TXN0000687,16/10/2025,17:33:25,NS013,C00206,P0019,2,799,0,1598.0,Debit Card
TXN0006311,16/05/2025,21:18:23,NS008,C00020,P0014,1,899,20,719.2,Debit Card
TXN0001726,2025-12-28,13:58:27,NS010,C00522,P0016,2,999,0,1998.0,Debit Card
TXN0001402,07/07/2025,11:10:52,NS009,C00288,P0028,2,25,10,45.0,UPI
TXN0005488,19/12/2025,20:53:12,NS004,C00407,P0022,3,189,20,453.6,Credit Card
TXN0001613,21-03-2025,14:43:45,NS010,C00053,P0047,3,449,5,1279.65,Cash
TXN0001655,2025-07-11,10:53:27,NS010,C00009,P0014,3,899,0,2697.0,UPI
TXN0005392,11/21/2025,15:50:22,NS009,C00347,P0044,3,279,20,669.6,Wallet
TXN0002836,14/11/2025,15:18:01,NS006,C00212,P0046,1,199,20,159.2,UPI
TXN0002911,2025-07-16,13:10:26,NS006,C00475,P0034,3,299,15,762.45,UPI
TXN0001074,16/12/2025,18:54:17,NS013,C00401,P0015,1 pcs,1799,0,1799.0,Credit Card
TXN0001843,2025-01-28,16:17:01,NS011,C00445,P0031,2,1299,0,2598.0,Debit Card
TXN0001184,25-08-2025,11:06:17,NS002,C00454,P0018,2,2499,0,4998.0,UPI
TXN0005359,05/03/2025,09:04:45,NS004,C00225,P0038,3,149,0,447.0,Cash
TXN0001534,11/25/2025,21:35:35,NS002,C00109,P0049,2,199,5,378.1,Cash
TXN0002662,2025-05-19,09:54:36,NS007,C00020,P0042,2,299,5,568.1,Debit Card
TXN0000467,22/02/2025,21:31:02,NS003,C00290,P0020,1,3999,0,3999.0,UPI
TXN0000097,08-08-2025,20:26:13,NS008,C00461,P0036,1,349,10,314.1,UPI
TXN0004334,10/17/2025,13:07:34,NS012,C00246,P0021,3,599,0,1797.0,Wallet
TXN0003696,31/12/2025,19:30:37,NS005,C00422,P0048,2,399,20,638.4,Wallet
TXN0004765,08-12-2025,16:13:57,NS009,C00529,P0004,1,1499,0,1499.0,Cash
TXN0005661,2025-06-26,13:46:12,NS001,C00322,P0012,3,1499,0,4497.0,Debit Card
TXN0000117,2025-07-03,20:02:57,NS011,C00222,P0029,3,199,0,597.0,Wallet
TXN0002989,2025-09-21,09:12:07,NS014,C00463,P0036,5,349,0,1745.0,
TXN0002684,10-11-2025,16:50:27,NS013,C00405,P0048,3,399,20,957.6,Debit Card
TXN0002879,02-09-2025,10:59:59,NS008,C00508,P0024,3,449,10,1212.3,Debit Card
TXN0000431,2025-10-26,20:09:24,NS013,C00081,P0005,2,1899,15,3228.3,Wallet
TXN0006116,28/07/2025,10:11:54,NS008,C00356,P0026,1,299,0,299.0,Credit Card
TXN0001526,2025-09-24,21:16:16,NS002,C00423,P0005,1,1899,0,1899.0,Wallet
TXN0000481,2025-10-08,09:18:07,NS007,C00302,P0047,3,449,5,1279.65,Wallet
TXN0003972,2025-02-07,18:30:33,NS001,C00492,P0040,3,599,0,1797.0,UPI
TXN0000659,22-06-2025,14:48:10,NS003,C00331,P0002,1,3299,0,3299.0,Wallet
TXN0003687,13/02/2025,16:30:45,NS008,C00355,P0042,1,299,0,299.0,Credit Card
TXN0004167,01/10/2025,09:39:32,NS014,C00437,P0044,1,279,15,237.15,Wallet
TXN0002707,2025-12-28,19:59:19,NS004,C00255,P0004,2,1499,20,2398.4,UPI
TXN0001702,2025-02-17,18:14:24,NS014,C00006,P0045,1,499,15,424.15,Cash
TXN0000168,2025-08-05,14:51:43,NS015,C00130,P0034,3,299,0,897.0,Cash
TXN0000262,2025-12-26,18:04:30,NS014,C00162,P0002,1,3299,10,2969.1,UPI
TXN0003865,01/01/2025,15:38:20,NS005,C00326,P0042,1,299,10,269.1,Debit Card
TXN0004695,04-10-2025,14:30:32,NS013,C00205,P0039,5,179,0,895.0,UPI
TXN0001631,2025-01-02,10:56:48,NS005,C00511,P0027,2,249,0,498.0,Debit Card
TXN0002676,11/28/2025,15:05:42,NS001,C00336,P0005,1,1899,0,1899.0,Wallet
TXN0006296,2025-01-13,11:01:58,NS013,C00074,P0009,2,2199,20,3518.4,Debit Card
TXN0001509,2025-04-16,21:55:10,NS009,C00401,P0034,1,299,0,299.0,
TXN0003945,07-07-2025,19:32:38,NS015,C00185,P0017,3,1199,5,3417.15,Cash
TXN0005673,28-08-2025,15:31:52,NS014,C00468,P0018,1,2499,15,2124.15,Credit Card
TXN0000256,12/22/2025,18:50:40,NS006,C00142,P0042,1,299,15,254.15,Debit Card
TXN0000344,2025-05-16,17:05:22,NS007,C00218,P0010,2,599,15,1018.3,Wallet
TXN0004453,07-06-2025,11:42:35,NS007,C00222,P0022,5,189,0,945.0,Credit Card
TXN0003433,2025-03-29,10:32:18,NS003,C00399,P0011,2,599,15,1018.3,Credit Card
TXN0000749,27-08-2025,14:59:50,NS014,C00413,P0030,2,399,20,638.4,UPI
TXN0002708,30/11/2025,16:04:34,NS007,C00166,P0019,3,799,20,1917.6,Credit Card
TXN0005588,2025-08-05,20:11:20,NS006,C00117,P0006,3,399,0,1197.0,UPI
TXN0005681,2025-08-12,18:55:51,NS005,C00133,P0013,3,1299,0,3897.0,
TXN0000055,04/30/2025,14:02:17,NS008,C00215,P0001,1,2499,15,2124.15,Cash
TXN0001622,2025-03-04,09:50:24,NS010,C00392,P0036,2,349,20,558.4,Credit Card
TXN0006228,28/02/2025,18:34:46,NS004,C00018,P0011,1,599,0,599.0,Credit Card
TXN0005093,2025-04-30,15:28:54,NS011,C00499,P0030,2,399,5,758.1,Cash
TXN0000532,10/01/2025,10:50:11,NS007,C00393,P0044,1,279,0,279.0,Cash
TXN0001384,2025-12-30,10:50:57,NS005,C00125,P0026,3,299,0,897.0,Wallet
TXN0003711,18-07-2025,21:21:34,NS014,C00494,P0021,1,599,0,599.0,Cash
TXN0004320,08/11/2025,15:37:25,NS007,C00052,P0035,1,449,20,359.2,Credit Card
TXN0005574,2025-07-16,13:58:36,NS014,C00322,P0006,3,399,0,1197.0,Wallet
TXN0000110,2025-02-18,09:15:56,NS014,C00162,P0018,3,2499,5,7122.15,Cash
TXN0000935,2025-12-29,20:52:55,NS011,C00522,P0016,2,999,0,1998.0,Wallet
TXN0004926,11/10/2025,20:31:39,NS007,C00377,P0019,2,799,0,1598.0,Cash
TXN0001998,12/01/2025,10:53:14,NS001,C00388,P0033,3,999,15,2547.45,UPI
TXN0006509,2025-12-21,15:00:00,NS003,C00289,P9003,2,1989,0,3610,UPI
TXN0004339,18/08/2025,17:56:01,NS004,C00322,P0027,3,249,0,747.0,Cash
TXN0004048,2025-04-14,11:43:23,NS003,C00209,P0039,1,179,15,152.15,Cash
TXN0001917,03-06-2025,19:30:24,NS012,C00060,P0046,3,199,5,567.15,Wallet
TXN0002013,05/12/2025,20:28:16,NS015,C00246,P0047,2,449,0,898.0,Credit Card
TXN0003483,04/09/2025,17:40:38,NS007,C00203,P0006,3,399,15,1017.45,UPI
TXN0000200,01-07-2025,17:18:17,NS007,C00534,P0046,1,199,5,189.05,Cash
TXN0000282,2025-10-19,14:54:18,NS007,C00419,P0040,2,599,20,958.4,Credit Card
TXN0004424,05/11/2025,11:25:33,NS004,C00310,P0034,2,299,0,598.0,Wallet
TXN0001752,29-03-2025,15:25:08,NS001,C00034,P0034,2,299,0,598.0,UPI
TXN0002240,2025-05-17,18:37:11,NS001,C00179,P0016,4,999,15,3396.6,Debit Card
TXN0005345,21/07/2025,12:49:17,NS005,C00263,P0004,2,1499,10,2698.2,Debit Card
TXN0000329,17/06/2025,12:36:01,NS005,C00019,P0042,3,299,0,897.0,Debit Card
TXN0004857,08/10/2025,11:53:06,NS011,C00164,P0006,2,399,0,798.0,Debit Card
TXN0004861,2025-07-03,13:42:04,NS015,C00072,P0039,3,179,0,537.0,Credit Card
TXN0001539,2025-06-28,11:02:59,NS005,C00070,P0042,2,299,0,598.0,Cash
TXN0000860,2025-03-27,21:12:38,NS012,C00079,P0005,1,1899,5,1804.05,UPI
TXN0005118,06/22/2025,20:59:31,NS011,C00432,P0016,1,999,0,999.0,UPI
TXN0005316,11/11/2025,18:32:44,NS008,C00145,P0004,1,1499,0,1499.0,Cash
TXN0003962,22/06/2025,20:42:41,NS008,C00400,P0049,4,199,0,796.0,UPI
TXN0005896,16/01/2025,09:47:15,NS006,C00464,P0044,2,279,0,558.0,Cash
TXN0002913,15/09/2025,17:09:12,NS012,C00506,P0041,1,249,10,224.1,Credit Card
TXN0000244,2025-11-05,15:01:07,NS014,C00014,P0049,3,199,0,597.0,UPI
TXN0003276,2025-02-04,16:32:23,NS015,C00240,P0041,1,249,5,236.55,Cash
TXN0005466,2025-08-05,15:02:22,NS005,C00499,P0006,1,399,20,319.2,Wallet
TXN0000420,2025-10-20,18:17:23,NS005,C00257,P0042,3,299,0,897.0,Cash
TXN0000458,2025-11-19,14:34:30,NS005,C00099,P0015,1,1799,5,1709.05,Debit Card
TXN0004792,08/02/2025,09:37:51,NS009,C00032,P0039,5,179,0,895.0,Credit Card
TXN0000844,2025-02-27,18:46:17,NS005,C00441,P0016,1,999,0,999.0,Wallet
TXN0004527,10/24/2025,12:24:04,NS015,C00282,P0001,3,2499,0,7497.0,Cash
TXN0003031,2025-09-24,21:26:49,NS008,C00443,P0026,1,299,5,284.05,UPI
TXN0002984,2025-05-08,17:28:00,NS006,C00518,P0050,1,1499,20,1199.2,Wallet
TXN0002654,12/08/2025,11:58:07,NS007,C00187,P0047,1,449,0,449.0,UPI
TXN0001949,2025-11-25,11:33:24,NS002,C00220,P0011,1,599,5,569.05,Credit Card
TXN0000239,17/11/2025,17:13:52,NS008,C00226,P0021,2,599,0,1198.0,Wallet
TXN0002837,11/28/2025,18:27:33,NS009,C00372,P0040,1,599,5,569.05,UPI
TXN0000669,18/05/2025,09:29:39,NS008,C00510,P0038,4,149,0,596.0,UPI
TXN0005001,09/23/2025,10:02:53,NS002,C00289,P0040,2,599,0,1198.0,Cash
TXN0002899,02/11/2025,13:51:25,NS015,C00423,P0031,1,1299,0,1299.0,Debit Card
TXN0003267,14/03/2025,11:21:49,NS007,C00390,P0002,1,3299,0,3299.0,
TXN0004310,16/04/2025,12:08:39,NS005,C00034,P0011,3,599,20,1437.6,Credit Card
TXN0002759,2025-01-19,09:07:15,NS012,C00211,P0011,1,599,0,599.0,Credit Card
TXN0002830,06/10/2025,13:09:41,NS004,C00258,P0003,1,4999,20,3999.2,Cash
TXN0005492,2025-07-26,18:37:07,NS007,C00162,P0047,4,449,20,1436.8,Cash
TXN0000702,12-02-2025,21:04:15,NS007,C00380,P0029,3,199,0,597.0,Debit Card
TXN0005209,2025-06-18,17:02:38,NS006,C00267,P0022,2,189,0,378.0,Wallet
TXN0000210,13/02/2025,11:26:07,NS015,C00500,P0001,1,2499,5,2374.05,UPI
TXN0003420,2025-01-02,12:05:26,NS001,C00002,P0017,1,1199,0,1199.0,Debit Card
TXN0003109,2025-06-30,18:09:57,NS008,C00162,P0004,3,1499,5,4272.15,Wallet
TXN0005132,2025-08-24,13:04:08,NS003,C00432,P0026,3,299,0,897.0,Credit Card
TXN0002636,2025-04-08,20:32:20,NS005,C00014,P0016,1,999,15,849.15,Wallet
TXN0003363,2025-11-22,18:44:44,NS001,C00008,P0045,1,499,0,499.0,Wallet
TXN0004373,2025-09-16,16:23:24,NS013,C00354,P0047,2,449,0,898.0,
TXN0003123,2025-07-20,11:04:16,NS011,C00088,P0048,2,399,0,798.0,UPI
TXN0005487,23/09/2025,20:56:58,NS005,C00437,P0036,3,349,0,1047.0,Credit Card
TXN0005651,2025-03-26,15:28:18,NS001,C00019,P0043,1,349,20,279.2,Debit Card
TXN0006071,01/29/2025,15:38:53,NS015,C00357,P0021,1,599,0,599.0,Cash
TXN0003959,19-08-2025,16:59:03,NS003,C00374,P0048,1,399,0,399.0,Credit Card
TXN0001630,26/07/2025,12:14:42,NS014,C00338,P0015,3,1799,0,5397.0,Cash
TXN0001376,2025-07-25,16:37:28,NS015,C00317,P0006,2,399,0,798.0,Debit Card
TXN0006201,24-08-2025,20:02:38,NS015,C00474,P0034,3,299,0,897.0,Credit Card
TXN0004244,2025-03-27,11:21:20,NS015,C00208,P0043,3,349,0,1047.0,UPI
TXN0002314,16/01/2025,19:17:31,NS010,C00089,P0048,1,399,0,399.0,Credit Card
TXN0006271,04/05/2025,15:36:15,NS007,C00231,P0020,1,3999,0,3999.0,Cash
TXN0000277,14/09/2025,20:38:41,NS009,C00350,P0029,2,199,10,358.2,Credit Card
TXN0001089,05/10/2025,20:37:27,NS006,C00325,P0046,5,199,5,945.25,UPI
TXN0004773,23-01-2025,13:12:31,NS008,C00034,P0011,3,599,15,1527.45,Debit Card
TXN0003668,08/02/2025,14:31:45,NS015,C00123,P0049,4,199,15,676.6,Credit Card
TXN0004544,2025-11-27,14:02:35,NS011,C00391,P0037,1,699,0,699.0,Debit Card
TXN0005013,31/03/2025,09:40:10,NS013,C00445,P0042,2,299,0,598.0,Cash
TXN0002833,2025-08-26,10:37:33,NS013,C00381,P0049,3,199,0,597.0,Debit Card
TXN0003588,2025-02-02,18:18:15,NS001,C00253,P0045,2,499,10,898.2,Cash
TXN0005110,2025-03-03,12:59:42,NS015,C00525,P0041,1,249,5,236.55,
TXN0002281,2025-05-06,11:58:12,NS014,C00134,P0027,2,249,0,498.0,Cash
TXN0001094,2025-05-26,17:33:39,NS007,C00396,P0038,3,149,20,357.6,UPI
TXN0003805,2025-03-30,10:16:53,NS015,C00259,P0029,1,199,15,169.15,Credit Card
TXN0005675,16/04/2025,10:24:18,NS004,C00407,P0005,3,1899,0,5697.0,Cash
TXN0002437,11/03/2025,12:30:45,NS014,C00050,P0003,2,4999,5,9498.1,Credit Card
TXN0006163,28-08-2025,11:04:59,NS008,C00029,P0018,3,2499,15,6372.45,
TXN0004831,22/04/2025,19:20:10,NS009,C00191,P0013,1,1299,0,1299.0,UPI
TXN0002121,02/07/2025,21:46:06,NS007,C00498,P0028,2,25,0,50.0,Wallet
TXN0006436,2025-08-09,18:56:23,NS011,C00123,P0026,4,299,0,1196.0,
TXN0001969,10/24/2025,19:10:24,NS014,C00304,P0023,2,159,0,318.0,UPI
TXN0002700,05/10/2025,16:21:18,NS005,C00338,P0033,3,999,20,2397.6,Credit Card
TXN0002255,2025-11-15,10:05:01,NS013,C00221,P0034,3,299,20,717.6,Cash
TXN0004754,25/01/2025,16:14:28,NS003,C00383,P0003,1,4999,0,4999.0,UPI
TXN0003507,18/10/2025,19:17:45,NS015,C00025,P0009,5,2199,5,10445.25,Wallet
TXN0004893,11/20/2025,12:21:32,NS014,C00301,P0037,3,699,0,2097.0,Debit Card
TXN0004515,2025-01-08,19:53:25,NS006,C00331,P0034,3,299,0,897.0,Debit Card
TXN0001251,24/09/2025,17:11:10,NS012,C00269,P0046,2,199,0,398.0,Cash
TXN0005697,2025-11-16,21:20:52,NS009,C00223,P0050,2,1499,0,2998.0,UPI
TXN0001336,2025-10-13,11:13:23,NS014,C00287,P0048,1,399,15,339.15,Wallet
TXN0005139,24/07/2025,21:33:09,NS006,C00526,P0008,2,3499,0,6998.0,Wallet
TXN0001778,2025-11-12,10:59:33,NS007,C00342,P0031,1,1299,5,1234.05,Cash
TXN0000560,2025-11-25,18:53:21,NS014,C00164,P0016,2,999,0,1998.0,Cash
TXN0003240,2025-07-02,10:01:22,NS003,C00005,P0036,3,349,0,1047.0,Cash
TXN0006144,2025-11-21,16:36:38,NS008,C00135,P0034,1,299,10,269.1,Debit Card
TXN0001670,05/10/2025,09:37:14,NS003,C00161,P0023,2,159,0,318.0,UPI
TXN0000406,31/07/2025,21:50:34,NS010,C00047,P0001,3,2499,0,7497.0,Cash
TXN0003832,2025-06-22,21:35:44,NS003,C00437,P0042,1,299,0,299.0,Credit Card
TXN0006448,2025-02-02,09:57:32,NS011,C00234,P0039,3,179,0,537.0,Cash
TXN0004328,2025-07-24,16:24:31,NS010,C00370,P0038,3,149,0,447.0,UPI
TXN0000434,11/06/2025,10:44:15,NS008,C00420,P0024,1,449,10,404.1,Wallet
TXN0002567,12-02-2025,15:04:26,NS002,C00471,P0013,3,1299,5,3702.15,
TXN0003411,11/30/2025,18:33:56,NS008,C00384,P0049,5,199,0,995.0,Credit Card
TXN0000908,08/02/2025,18:36:14,NS015,C00323,P0038,2,149,20,238.4,Credit Card
TXN0005029,2025-07-09,19:38:35,NS014,C00095,P0004,1,1499,5,1424.05,Credit Card
TXN0004525,28-04-2025,18:20:24,NS002,C00497,P0027,1,249,5,236.55,Wallet
TXN0000252,08/12/2025,18:52:18,NS006,C00107,P0018,2,2499,10,4498.2,Credit Card
TXN0005399,29/07/2025,17:50:33,NS011,C00392,P0029,3,199,5,567.15,UPI
TXN0000969,22-03-2025,18:34:42,NS010,C00221,P0029,4,199,0,796.0,Wallet
TXN0002615,2025-12-26,20:49:18,NS011,C00374,P0039,1,179,0,179.0,Credit Card
TXN0001646,09/25/2025,18:43:14,NS003,C00059,P0045,2,499,10,898.2,UPI
TXN0006183,13-02-2025,18:40:11,NS012,C00132,P0009,1,2199,20,1759.2,Debit Card
TXN0000983,2025-09-17,09:02:38,NS001,C00003,P0043,2,349,0,698.0,Debit Card
TXN0005171,16/09/2025,12:00:49,NS011,C00192,P0036,2,349,0,698.0,Credit Card
TXN0002016,2025-11-23,13:22:57,NS003,C00533,P0039,5,179,15,760.75,Cash
TXN0001684,2025-12-20,14:22:00,NS006,C00097,P0018,2,2499,0,4998.0,Cash
TXN0003137,14/10/2025,10:06:12,NS001,C00530,P0021,1,599,0,599.0,Cash
TXN0003966,11/27/2025,15:01:15,NS007,C00434,P0040,3,599,0,1797.0,UPI
TXN0002578,2025-05-04,13:38:54,NS010,C00329,P0011,2,599,10,1078.2,UPI
TXN0002909,02/19/2025,15:59:33,NS003,C00234,P0006,1,399,20,319.2,Wallet
TXN0005917,2025-11-13,19:51:08,NS015,C00181,P0014,1,899,5,854.05,UPI
TXN0003076,2025-02-01,11:21:45,NS012,C00174,P0036,2,349,0,698.0,Wallet
TXN0002089,04/01/2025,18:59:30,NS003,C00009,P0041,4,249,0,996.0,Wallet
TXN0001236,25/09/2025,14:49:35,NS013,C00200,P0028,2,25,0,50.0,Credit Card
TXN0000681,2025-09-13,12:22:06,NS014,C00159,P0039,3,179,0,537.0,Debit Card
TXN0006078,04/05/2025,17:30:32,NS009,C00296,P0040,5,599,5,2845.25,Credit Card
TXN0003804,29/04/2025,10:48:21,NS013,C00508,P0007,2,799,0,1598.0,Credit Card
TXN0001400,2025-01-26,21:41:05,NS011,C00499,P0029,3,199,0,597.0,Debit Card
TXN0001524,22/01/2025,17:58:15,NS008,C00498,P0012,2,1499,0,2998.0,UPI
TXN0003701,30-05-2025,18:39:56,NS008,C00476,P0037,1,699,20,559.2,Wallet
TXN0006221,2025-10-18,14:07:26,NS010,C00509,P0036,5,349,0,1745.0,Debit Card
TXN0003022,28/01/2025,21:39:22,NS013,C00008,P0020,3,3999,0,11997.0,Cash
TXN0003611,30/04/2025,10:49:59,NS001,C00206,P0050,3,1499,5,4272.15,Cash
TXN0005643,2025-06-20,19:26:10,NS002,C00481,P0046,2,199,0,398.0,Debit Card
TXN0001287,2025-10-03,18:03:40,NS003,C00154,P0015,1,1799,5,1709.05,Credit Card
TXN0004268,01-07-2025,19:05:37,NS002,C00483,P0001,1,2499,5,2374.05,UPI
TXN0002246,2025-09-27,18:16:46,NS001,C00520,P0028,3,25,5,71.25,UPI
TXN0004153,23/02/2025,13:26:28,NS001,C00397,P0044,1,279,20,223.2,Credit Card
TXN0002717,17-04-2025,15:33:27,NS005,C00130,P0029,3,199,20,477.6,Wallet
TXN0004070,2025-07-18,10:13:04,NS011,C00517,P0045,1,499,15,424.15,Debit Card
TXN0001068,09/11/2025,15:34:09,NS014,C00447,P0033,4 pcs,999,0,3996.0,UPI
TXN0004678,01/18/2025,09:19:46,NS014,C00032,P0001,3,2499,5,7122.15,Debit Card
TXN0005438,2025-11-07,13:11:07,NS012,C00007,P0012,1,1499,20,1199.2,UPI
TXN0005395,04/04/2025,16:56:13,NS006,C00111,P0006,3,399,20,957.6,Debit Card
TXN0000146,09/14/2025,19:56:24,NS010,C00316,P0047,4,449,0,1796.0,Cash
TXN0002485,2025-05-07,16:14:17,NS006,C00255,P0041,3,249,0,747.0,Cash
TXN0004668,03/12/2025,14:35:12,NS003,C00043,P0005,2,1899,0,3798.0,Credit Card
TXN0002026,14-11-2025,19:38:18,NS006,C00186,P0015,1,1799,10,1619.1,Wallet
TXN0006331,2025-06-14,13:39:57,NS007,C00422,P0029,3,199,20,477.6,Cash
TXN0006237,2025-03-21,18:01:22,NS015,C00534,P0006,2,399,20,638.4,Wallet
TXN0003679,04/03/2025,18:47:38,NS012,C00353,P0022,3,189,20,453.6,Wallet
TXN0005926,2025-10-15,12:58:27,NS012,C00467,P0048,1,399,15,339.15,Cash
TXN0006457,01/08/2025,18:08:55,NS014,C00394,P0024,3,449,0,1347.0,Credit Card
TXN0002194,2025-05-01,20:43:51,NS002,C00514,P0033,2,999,0,1998.0,Debit Card
TXN0003680,2025-01-17,21:59:52,NS014,C00138,P0033,1,999,0,999.0,Debit Card
TXN0001600,2025-03-06,13:51:13,NS005,C00055,P0020,3,3999,15,10197.45,Debit Card
TXN0002505,2025-08-18,12:29:13,NS006,C00431,P0019,1,799,20,639.2,Wallet
TXN0005244,2025-08-29,14:30:49,NS006,C00426,P0007,1,799,0,799.0,Cash
TXN0003086,2025-04-23,09:37:41,NS002,C00286,P0037,1,699,0,699.0,Debit Card
TXN0005462,2025-09-09,20:34:17,NS005,C00263,P0025,3,49,10,132.3,Cash
TXN0000528,2025-05-26,19:52:30,NS001,C00268,P0027,1,249,0,249.0,Debit Card
TXN0005249,2025-02-24,09:17:20,NS002,C00403,P0032,3,799,20,1917.6,Debit Card
TXN0002431,2025-07-12,16:37:11,NS015,C00455,P0005,1,1899,0,1899.0,Debit Card
TXN0001391,2025-06-04,15:54:19,NS007,C00066,P0010,3,599,0,1797.0,Wallet
TXN0005436,07-01-2025,09:12:54,NS006,C00354,P0033,3,999,20,2397.6,UPI
TXN0001973,2025-06-18,10:02:06,NS007,C00111,P0011,2,599,0,1198.0,Cash
TXN0000430,19-04-2025,17:45:49,NS012,C00521,P0038,3,149,0,447.0,Debit Card
TXN0005294,2025-05-24,13:16:29,NS009,C00210,P0001,4,2499,10,8996.4,Cash
TXN0001508,20-08-2025,16:00:59,NS006,C00307,P0017,2,1199,0,2398.0,Credit Card
TXN0004559,2025-05-24,10:52:03,NS011,C00064,P0029,2,199,0,398.0,Cash
TXN0004229,2025-09-23,10:17:25,NS006,C00006,P0002,1,3299,5,3134.05,Credit Card
TXN0004596,01/07/2025,19:55:08,NS015,C00182,P0040,2,599,0,1198.0,Wallet
TXN0004423,2025-10-02,13:15:01,NS010,C00417,P0019,2,799,5,1518.1,UPI
TXN0000679,2025-05-12,18:03:35,NS001,C00383,P0007,1,799,0,799.0,Wallet
TXN0006137,2025-08-02,21:46:04,NS008,C00162,P0044,5,279,15,1185.75,Cash
TXN0002871,23-06-2025,16:12:50,NS009,C00012,P0007,1,799,0,799.0,UPI
TXN0000917,04/03/2025,21:34:29,NS009,C00126,P0031,3,1299,5,3702.15,Cash
TXN0004013,07/12/2025,13:09:55,NS015,C00006,P0029,4,199,0,796.0,
TXN0006227,2025-04-07,12:00:55,NS011,C00031,P0005,1,1899,20,1519.2,UPI
TXN0002401,2025-01-22,17:54:33,NS007,C00051,P0043,2,349,0,698.0,Wallet
TXN0000843,2025-10-02,21:06:59,NS012,C00434,P0014,1,899,0,899.0,Cash
TXN0005808,2025-06-10,10:00:08,NS001,C00210,P0033,3,999,20,2397.6,Cash
TXN0005081,06/08/2025,14:07:24,NS004,C00113,P0030,1,399,20,319.2,Cash
TXN0005193,24-09-2025,10:22:42,NS013,C00117,P0019,2,799,15,1358.3,Debit Card
TXN0001573,13/03/2025,12:59:29,NS012,C00471,P0048,3,399,0,1197.0,Debit Card
TXN0004510,15-10-2025,19:14:14,NS006,C00375,P0023,2,159,0,318.0,Wallet
TXN0000114,17/06/2025,16:31:29,NS002,C00085,P0036,3,349,0,1047.0,Debit Card
TXN0001799,15-12-2025,11:51:24,NS007,C00103,P0007,2,799,5,1518.1,Wallet
TXN0002809,14/10/2025,10:40:09,NS006,C00249,P0012,2,1499,0,2998.0,UPI
TXN0000008,2025-11-19,12:58:23,NS003,C00300,P0046,2,199,20,318.4,Cash
TXN0002616,30/06/2025,16:20:28,NS008,C00091,P0007,3,799,0,2397.0,Debit Card
TXN0003625,2025-09-06,15:33:47,NS003,C00181,P0047,5,449,10,2020.5,Credit Card
TXN0001941,08-08-2025,19:12:15,NS015,C00074,P0024,2,449,0,898.0,UPI
TXN0006487,2025-03-29,14:47:43,NS005,C00298,P0026,1,299,15,254.15,Wallet
TXN0001899,04/26/2025,12:21:22,NS012,C00457,P0001,4,2499,20,7996.8,UPI
TXN0002433,10/04/2025,19:58:10,NS005,C00207,P0011,2,599,0,1198.0,UPI
TXN0000704,2025-10-19,11:21:55,NS005,C00180,P0023,4,159,0,636.0,Cash
TXN0004879,2025-06-29,10:37:10,NS010,C00334,P0039,1,179,5,170.05,Credit Card
TXN0005725,2025-09-26,18:09:58,NS009,C00241,P0045,3,499,15,1272.45,UPI
TXN0003941,2025-01-12,10:49:31,NS005,C00073,P0041,4,249,5,946.2,Debit Card
TXN0006341,2025-10-23,09:15:29,NS006,C00248,P0031,2,1299,10,2338.2,Cash
TXN0001986,2025-10-01,19:19:20,NS003,C00497,P0045,1,499,0,499.0,Debit Card
TXN0000207,2025-09-05,12:00:47,NS011,C00404,P0014,2,899,0,1798.0,Debit Card
TXN0004994,2025-06-08,09:05:02,NS001,C00410,P0041,5,249,20,996.0,Debit Card
TXN0003178,2025-12-03,21:13:38,NS009,C00087,P0035,3,449,0,1347.0,Wallet
TXN0003635,19/10/2025,09:44:18,NS004,C00525,P0036,1,349,20,279.2,Debit Card
TXN0001719,2025-02-09,15:03:19,NS008,C00421,P0048,1,399,5,379.05,UPI
TXN0005894,2025-05-28,10:19:08,NS003,C00455,P0020,1,3999,5,3799.05,Credit Card
TXN0003532,16/11/2025,18:02:46,NS011,C00234,P0049,2,199,0,398.0,Wallet
TXN0000554,03/22/2025,11:25:18,NS001,C00343,P0049,4,199,0,796.0,Cash
TXN0005342,2025-09-02,20:59:06,NS007,C00412,P0036,3,349,5,994.65,Debit Card
TXN0003956,12-09-2025,09:33:50,NS006,C00431,P0049,2,199,10,358.2,Wallet
TXN0003173,2025-07-22,09:40:18,NS002,C00205,P0008,1,3499,10,3149.1,Credit Card
TXN0003457,2025-11-16,14:23:13,NS004,C00051,P0035,5,449,0,2245.0,UPI
TXN0004410,01/04/2025,17:26:33,NS011,C00444,P0018,4,2499,5,9496.2,Cash
TXN0005232,2025-12-24,13:56:52,NS003,C00439,P0003,1,4999,15,4249.15,UPI
TXN0004015,2025-08-30,12:38:47,NS011,C00479,P0026,4,299,0,1196.0,Cash
TXN0003556,2025-09-04,21:11:57,NS004,C00481,P0002,1,3299,10,2969.1,Credit Card
TXN0004627,27-09-2025,09:52:12,NS010,C00365,P0044,1,279,0,279.0,Debit Card
TXN0000347,2025-11-27,10:14:07,NS001,C00037,P0037,2,699,0,1398.0,Cash
TXN0006143,2025-07-11,18:22:22,NS012,C00466,P0013,3,1299,0,3897.0,Credit Card
TXN0005256,2025-05-26,19:37:14,NS001,C00444,P0033,3,999,0,2997.0,Wallet
TXN0002436,2025-11-10,11:12:21,NS008,C00402,P0021,1,599,5,569.05,Cash
TXN0001741,01/14/2025,18:11:04,NS010,C00349,P0035,2,449,0,898.0,Cash
TXN0000599,17/08/2025,12:11:20,NS008,C00234,P0030,3,399,10,1077.3,UPI
TXN0005461,02/20/2025,12:07:32,NS015,C00229,P0048,3,399,0,1197.0,UPI
TXN0004184,2025-01-04,12:23:01,NS001,C00431,P0046,3,199,10,537.3,Credit Card
TXN0004923,10/09/2025,12:16:02,NS004,C00061,P0022,3,189,20,453.6,Wallet
TXN0003670,2025-06-05,17:36:43,NS013,C00406,P0019,3,799,0,2397.0,Debit Card
TXN0001371,02-05-2025,12:40:43,NS010,C00317,P0013,1,1299,0,1299.0,Debit Card
TXN0000242,2025-11-28,13:10:56,NS003,C00404,P0044,3,279,0,837.0,Cash
TXN0004250,2025-07-12,17:52:22,NS007,C00174,P0022,1,189,5,179.55,Credit Card
TXN0001206,07/08/2025,17:11:19,NS003,C00127,P0043,3,349,0,1047.0,Wallet
TXN0006325,14/05/2025,19:07:27,NS014,C00498,P0005,2,1899,10,3418.2,
TXN0001640,2025-08-15,10:53:19,NS009,C00333,P0046,2,199,0,398.0,Debit Card
TXN0003517,2025-07-05,09:29:40,NS002,C00003,P0023,4,159,10,572.4,Debit Card
TXN0001821,07/07/2025,09:04:23,NS004,C00005,P0005,2,1899,0,3798.0,Cash
TXN0004801,2025-08-21,20:36:07,NS010,C00090,P0035,2,449,15,763.3,
TXN0005907,2025-09-15,09:47:51,NS001,C00441,P0017,2,1199,0,2398.0,Credit Card
TXN0005801,20/05/2025,15:11:06,NS014,C00502,P0019,1,799,0,799.0,UPI
TXN0005445,26/01/2025,17:01:18,NS007,C00393,P0005,4,1899,0,7596.0,Cash
TXN0004719,2025-07-16,10:41:41,NS004,C00270,P0010,1,599,5,569.05,Credit Card
TXN0006282,31/05/2025,09:06:54,NS015,C00276,P0004,3,1499,5,4272.15,UPI
TXN0000426,14-12-2025,14:34:45,NS001,C00241,P0023,1,159,0,159.0,Wallet
TXN0003441,21/05/2025,21:54:27,NS006,C00166,P0014,3,899,15,2292.45,Debit Card
TXN0005928,2025-08-04,19:46:20,NS009,C00111,P0033,1,999,0,999.0,Cash
TXN0006365,2025-07-01,18:39:04,NS011,C00447,P0044,2,279,0,558.0,Credit Card
TXN0004252,28-08-2025,18:37:56,NS003,C00527,P0028,1,25,0,25.0,UPI
TXN0005223,12-02-2025,16:14:13,NS001,C00030,P0012,2,1499,15,2548.3,UPI
TXN0005608,13/05/2025,12:15:24,NS005,C00155,P0008,2,3499,0,6998.0,Wallet
TXN0003335,2025-03-20,15:47:17,NS009,C00263,P0041,1,249,0,249.0,Cash
TXN0000719,17/07/2025,11:17:47,NS011,C00160,P0042,2,299,0,598.0,
TXN0003964,06/01/2025,11:30:59,NS012,C00482,P0009,3,2199,0,6597.0,Debit Card
TXN0003787,2025-07-14,19:07:27,NS013,C00118,P0006,2,399,10,718.2,Debit Card
TXN0003489,2025-07-31,15:30:13,NS011,C00362,P0032,2,799,10,1438.2,Debit Card
TXN0004565,17/05/2025,16:30:03,NS011,C00160,P0005,3,1899,0,5697.0,Wallet
TXN0000571,06/07/2025,20:55:33,NS007,C00489,P0040,2,599,10,1078.2,UPI
TXN0003336,2025-10-16,11:20:05,NS012,C00272,P0022,2,189,20,302.4,Wallet
TXN0002371,2025-04-10,12:13:47,NS012,C00310,P0029,1,199,5,189.05,Cash
TXN0004869,26/06/2025,20:11:01,NS002,C00002,P0044,1,279,10,251.1,Credit Card
TXN0000475,2025-10-15,16:37:15,NS002,C00145,P0026,3,299,20,717.6,Wallet
TXN0004001,11/06/2025,10:45:07,NS010,C00336,P0040,3,599,15,1527.45,Cash
TXN0003220,06/30/2025,13:41:51,NS007,C00022,P0038,1,149,0,149.0,Cash
TXN0006151,2025-03-02,10:56:24,NS014,C00187,P0028,5,25,15,106.25,Wallet
TXN0000302,15/09/2025,09:42:18,NS014,C00431,P0014,1,899,20,719.2,Wallet
TXN0004173,2025-08-18,17:38:27,NS003,C00156,P0044,2,279,5,530.1,Debit Card
TXN0001944,29-05-2025,09:25:26,NS008,C00038,P0007,2,799,0,1598.0,Credit Card
TXN0001515,2025-04-10,15:01:47,NS012,C00125,P0008,3,3499,0,10497.0,Wallet
TXN0006430,30-04-2025,14:38:04,NS013,C00526,P0034,2,299,10,538.2,UPI
TXN0003801,2025-04-29,14:14:26,NS002,C00131,P0029,2,199,20,318.4,Debit Card
TXN0006410,2025-05-03,17:59:10,NS010,C00159,P0018,3,2499,0,7497.0,UPI
TXN0000938,07/30/2025,13:17:15,NS010,C00128,P0046,2,199,5,378.1,Wallet
TXN0005652,2025-04-24,13:37:42,NS007,C00190,P0024,3,449,10,1212.3,Wallet
TXN0004131,2025-06-29,11:20:14,NS009,C00055,P0042,4,299,0,1196.0,Cash
TXN0000921,2025-03-27,19:30:49,NS010,C00069,P0048,1,399,20,319.2,Wallet
TXN0004524,2025-12-06,09:41:37,NS014,C00501,P0037,1,699,0,699.0,Credit Card
TXN0004035,29/12/2025,20:54:40,NS008,C00040,P0025,2,49,0,98.0,Debit Card
TXN0005074,2025-03-07,14:00:06,NS014,C00076,P0030,3,399,10,1077.3,Debit Card
TXN0006057,04/02/2025,13:54:10,NS015,C00096,P0005,2,1899,20,3038.4,Credit Card
TXN0003813,2025-06-30,10:35:12,NS003,C00441,P0047,1,449,0,449.0,UPI
TXN0001329,12/24/2025,18:21:59,NS014,C00314,P0033,1,999,10,899.1,UPI
TXN0003747,06/15/2025,10:38:18,NS001,C00328,P0041,1,249,5,236.55,Debit Card
TXN0006112,14-07-2025,18:50:14,NS008,C00484,P0047,2,449,0,898.0,Credit Card
TXN0005494,2025-08-06,18:28:28,NS011,C00328,P0039,2,179,20,286.4,Debit Card
TXN0004883,2025-01-03,17:26:55,NS006,C00054,P0026,2,299,15,508.3,Credit Card
TXN0002791,30-03-2025,18:21:45,NS011,C00344,P0046,1,199,5,189.05,UPI
TXN0002595,2025-10-06,19:04:27,NS011,C00165,P0032,3,799,15,2037.45,UPI
TXN0001951,2025-11-09,21:00:11,NS005,C00525,P0028,4,25,0,100.0,Credit Card
TXN0005732,12/20/2025,14:10:07,NS011,C00353,P0011,4,599,0,2396.0,UPI
TXN0005221,09-01-2025,20:59:24,NS005,C00257,P0022,1,189,0,189.0,Cash
TXN0004482,2025-04-11,15:38:58,NS006,C00109,P0005,3,1899,0,5697.0,Wallet
TXN0006279,04-11-2025,17:06:54,NS010,C00413,P0036,2,349,0,698.0,Debit Card
TXN0003581,12/11/2025,09:10:15,NS011,C00027,P0023,3,159,0,477.0,Debit Card
TXN0006047,21/01/2025,18:52:01,NS007,C00117,P0036,3,349,0,1047.0,UPI
TXN0001978,24/10/2025,18:42:42,NS002,C00026,P0004,2,1499,0,2998.0,Cash
TXN0003477,20/07/2025,17:04:22,NS006,C00480,P0008,3,3499,10,9447.3,Debit Card
TXN0001028,08/06/2025,20:14:33,NS010,C00226,P0021,5,599,10,2695.5,UPI
TXN0002225,2025-04-30,15:13:49,NS001,C00249,P0001,2,2499,15,4248.3,Wallet
TXN0004115,12/02/2025,14:39:01,NS012,C00484,P0014,3,899,0,2697.0,UPI
TXN0003530,02/14/2025,18:41:02,NS004,C00362,P0039,2,179,0,358.0,Wallet
TXN0001662,2025-02-01,14:39:46,NS010,C00333,P0007,5,799,0,3995.0,
TXN0003268,09-09-2025,12:26:41,NS010,C00048,P0045,1,499,0,499.0,UPI
TXN0005556,31/08/2025,09:14:30,NS013,C00107,P0032,1,799,10,719.1,Cash
TXN0000093,04/06/2025,21:43:54,NS005,C00196,P0046,3,199,0,597.0,Wallet
TXN0006518,2025-01-09,09:00:00,NS011,C00396,P9039,1,1430,0,1408,UPI
TXN0006355,26-03-2025,09:19:26,NS005,C00473,P0006,3,399,20,957.6,Credit Card
TXN0005339,03/06/2025,21:01:48,NS001,C00094,P0038,2,149,15,253.3,Wallet
TXN0000576,24/07/2025,14:32:04,NS005,C00082,P0004,2,1499,0,2998.0,UPI
TXN0004104,2025-12-04,11:38:31,NS008,C00286,P0019,3,799,5,2277.15,UPI
TXN0002493,25/04/2025,13:39:16,NS015,C00071,P0040,3,599,20,1437.6,Cash
TXN0003637,05/07/2025,15:40:14,NS010,C00069,P0021,3,599,5,1707.15,Debit Card
TXN0005870,07/01/2025,12:42:17,NS003,C00049,P0013,1,1299,20,1039.2,UPI
TXN0003355,25-01-2025,17:14:44,NS011,C00241,P0007,5,799,0,3995.0,
TXN0003382,2025-03-27,18:28:15,NS015,C00141,P0036,1,349,0,349.0,Cash
TXN0005965,14-08-2025,13:53:38,NS012,C00441,P0013,1,1299,0,1299.0,Credit Card
TXN0004149,2025-06-01,18:00:31,NS012,C00072,P0041,4,249,0,996.0,Wallet
TXN0005849,03-05-2025,21:12:55,NS005,C00521,P0040,5,599,0,2995.0,Credit Card
TXN0005735,26/02/2025,17:44:17,NS007,C00028,P0023,1,159,5,151.05,Debit Card
TXN0005440,2025-09-10,19:39:52,NS006,C00003,P0047,3,449,0,1347.0,Wallet
TXN0001188,2025-12-14,19:49:30,NS006,C00253,P0045,4,499,0,1996.0,Credit Card
TXN0002754,31-10-2025,17:02:10,NS010,C00052,P0036,3,349,0,1047.0,Wallet
TXN0005062,26/08/2025,21:21:52,NS011,C00462,P0048,2,399,20,638.4,Credit Card
TXN0004735,2025-11-28,17:25:00,NS003,C00412,P0020,1,3999,0,3999.0,Debit Card
TXN0003766,2025-07-30,16:42:36,NS008,C00516,P0021,2,599,0,1198.0,Cash
TXN0000451,14-02-2025,13:46:42,NS002,C00363,P0006,3,399,0,1197.0,Cash
TXN0005278,2025-07-19,13:56:10,NS013,C00041,P0039,4,179,0,716.0,UPI
TXN0005504,27/06/2025,12:49:19,NS005,C00081,P0037,2,699,5,1328.1,Debit Card
TXN0000215,14/09/2025,20:53:52,NS007,C00135,P0008,1,3499,0,3499.0,UPI
TXN0000294,12/07/2025,20:47:52,NS012,C00325,P0001,2,2499,20,3998.4,UPI
TXN0003295,22/08/2025,10:42:15,NS006,C00358,P0026,2,299,15,508.3,UPI
TXN0004848,27/10/2025,09:04:50,NS012,C00096,P0020,2,3999,5,7598.1,Debit Card
TXN0000492,2025-12-07,13:32:48,NS002,C00247,P0036,4,349,15,1186.6,Debit Card
TXN0003112,2025-01-09,21:17:14,NS013,C00280,P0018,1,2499,0,2499.0,Cash
TXN0005649,17/10/2025,19:59:11,NS003,C00041,P0011,3,599,5,1707.15,Cash
TXN0004285,2025-04-05,17:34:15,NS001,C00180,P0006,2,399,15,678.3,
TXN0002598,2025-03-07,11:13:44,NS001,C00014,P0014,2,899,0,1798.0,Debit Card
TXN0002348,2025-05-04,17:25:25,NS012,C00498,P0007,3,799,10,2157.3,Credit Card
TXN0006302,16-07-2025,20:33:44,NS013,C00130,P0029,3 pcs,199,5,567.15,Cash
TXN0000846,29-03-2025,15:13:34,NS010,C00018,P0011,1,599,5,569.05,Debit Card
TXN0005625,13/04/2025,18:22:13,NS008,C00186,P0009,4,2199,0,8796.0,Wallet
TXN0006357,2025-03-18,09:05:04,NS007,C00039,P0007,1,799,5,759.05,Cash
TXN0002384,12/11/2025,14:30:45,NS013,C00424,P0029,1 pcs,199,5,189.05,Wallet
TXN0000577,12-05-2025,11:44:59,NS011,C00251,P0015,3,1799,20,4317.6,UPI
TXN0004325,14/08/2025,18:01:58,NS001,C00487,P0012,2,1499,15,2548.3,Debit Card
TXN0005269,2025-08-06,21:00:48,NS010,C00525,P0007,3,799,0,2397.0,Credit Card
TXN0001537,2025-08-19,13:06:14,NS012,C00009,P0039,1,179,0,179.0,Credit Card
TXN0000486,28/08/2025,10:22:40,NS009,C00232,P0023,3,159,0,477.0,UPI
TXN0006256,11-03-2025,09:37:19,NS004,C00262,P0012,1,1499,0,1499.0,Wallet
TXN0006378,2025-12-26,19:18:46,NS005,C00137,P0008,2,3499,15,5948.3,Cash
TXN0003720,04/04/2025,10:16:39,NS012,C00210,P0043,2,349,0,698.0,Cash
TXN0005365,29-09-2025,12:24:08,NS007,C00425,P0006,2,399,0,798.0,Debit Card
TXN0001511,06/05/2025,16:53:34,NS002,C00282,P0022,3,189,0,567.0,Cash
TXN0001427,12/05/2025,11:25:27,NS011,C00215,P0011,3,599,10,1617.3,Debit Card
TXN0003126,2025-12-12,15:23:46,NS013,C00013,P0009,3 pcs,2199,10,5937.3,Wallet
TXN0005695,2025-11-23,21:35:08,NS011,C00275,P0028,3,25,10,67.5,UPI
TXN0006477,2025-12-04,18:14:13,NS006,C00322,P0008,3,3499,10,9447.3,Cash
TXN0001267,2025-06-21,14:25:10,NS004,C00188,P0047,1,449,0,449.0,Wallet
TXN0005314,2025-02-23,19:16:50,NS009,C00386,P0022,4,189,5,718.2,UPI
TXN0003135,2025-03-17,21:38:07,NS004,C00395,P0030,3,399,10,1077.3,Wallet
TXN0003889,16/04/2025,18:38:40,NS015,C00177,P0019,1,799,15,679.15,Cash
TXN0002059,17-12-2025,11:04:08,NS010,C00113,P0020,2,3999,10,7198.2,Cash
TXN0004506,2025-07-18,21:09:52,NS012,C00252,P0022,2,189,20,302.4,UPI
TXN0005484,22-05-2025,18:01:16,NS015,C00009,P0006,1,399,0,399.0,Wallet
TXN0002242,2025-10-03,18:16:05,NS014,C00067,P0041,3,249,0,747.0,Wallet
TXN0005162,2025-09-12,09:03:01,NS007,C00083,P0023,2,159,10,286.2,Wallet
TXN0000717,2025-03-14,17:41:28,NS005,C00423,P0004,1,1499,0,1499.0,Credit Card
TXN0003636,2025-08-25,11:54:56,NS008,C00036,P0010,3,599,10,1617.3,Credit Card
TXN0000193,06/11/2025,15:24:01,NS010,C00254,P0005,2,1899,0,3798.0,Wallet
TXN0003079,2025-12-26,09:43:22,NS012,C00372,P0038,1,149,15,126.65,Wallet
TXN0004685,2025-02-12,19:13:47,NS007,C00019,P0040,2,599,5,1138.1,UPI
TXN0005228,2025-07-09,19:42:22,NS013,C00445,P0019,1,799,15,679.15,Cash
TXN0001566,09/28/2025,21:57:12,NS007,C00131,P0013,3,1299,0,3897.0,Credit Card
TXN0006359,24/07/2025,20:10:26,NS012,C00186,P0006,2,399,5,758.1,Debit Card
TXN0004901,09/01/2025,13:52:05,NS015,C00527,P0012,3,1499,15,3822.45,Credit Card
TXN0004800,06/06/2025,16:04:43,NS002,C00525,P0006,1,399,0,399.0,Cash
TXN0003160,2025-02-03,16:56:58,NS015,C00146,P0010,1,599,5,569.05,UPI
TXN0003495,2025-06-21,19:42:55,NS002,C00106,P0007,2,799,0,1598.0,Debit Card
TXN0006441,2025-10-07,11:32:32,NS011,C00481,P0025,3,49,0,147.0,Debit Card
TXN0002457,2025-07-06,10:36:27,NS008,C00495,P0043,2,349,0,698.0,Wallet
TXN0005623,15-12-2025,15:02:03,NS014,C00340,P0012,3,1499,0,4497.0,Credit Card
TXN0000816,2025-01-23,12:21:55,NS011,C00506,P0015,3,1799,20,4317.6,Cash
TXN0000106,10/22/2025,18:12:32,NS012,C00470,P0018,1,2499,0,2499.0,UPI
TXN0000044,12/10/2025,11:19:36,NS007,C00457,P0006,5,399,0,1995.0,UPI
TXN0002066,02/04/2025,21:52:09,NS001,C00051,P0047,3,449,5,1279.65,Wallet
TXN0003655,2025-06-13,20:51:58,NS007,C00344,P0016,1,999,0,999.0,UPI
TXN0005308,2025-02-10,11:30:13,NS001,C00143,P0015,3,1799,10,4857.3,Wallet
TXN0006262,2025-05-08,09:18:15,NS009,C00505,P0009,2,2199,0,4398.0,Cash
TXN0003638,20-05-2025,11:21:26,NS001,C00290,P0025,2,49,0,98.0,Cash
TXN0000208,13-11-2025,09:22:00,NS010,C00472,P0022,2,189,10,340.2,Cash
TXN0001993,26/10/2025,20:39:17,NS009,C00368,P0028,4,25,5,95.0,Wallet
TXN0002439,03/01/2025,19:48:48,NS013,C00533,P0001,3,2499,0,7497.0,Credit Card
TXN0003708,02-06-2025,12:54:02,NS006,C00118,P0030,1,399,20,319.2,UPI
TXN0006488,27/09/2025,17:38:38,NS013,C00245,P0010,1,599,0,599.0,UPI
TXN0006452,2025-01-06,14:45:56,NS001,C00430,P0019,1,799,10,719.1,Cash
TXN0003606,04/18/2025,21:22:15,NS010,C00376,P0009,3,2199,15,5607.45,Cash
TXN0000609,2025-04-03,17:38:54,NS001,C00131,P0035,2,449,0,898.0,Credit Card
TXN0003416,2025-11-22,13:40:26,NS001,C00436,P0027,5,249,15,1058.25,Cash
TXN0002230,2025-03-03,12:45:18,NS001,C00185,P0020,1,3999,0,3999.0,UPI
TXN0002465,2025-09-03,21:16:19,NS004,C00314,P0013,3,1299,10,3507.3,Credit Card
TXN0004419,23/12/2025,15:03:42,NS014,C00198,P0002,3,3299,0,9897.0,Credit Card
TXN0000878,2025-07-16,12:02:02,NS005,C00013,P0009,1,2199,15,1869.15,Wallet
TXN0003938,2025-08-16,10:12:33,NS001,C00482,P0039,3,179,0,537.0,Cash
TXN0003377,2025-04-12,17:17:49,NS002,C00063,P0043,3,349,0,1047.0,Debit Card
TXN0002320,2025-04-04,15:50:22,NS014,C00308,P0031,2,1299,20,2078.4,
TXN0006111,06-02-2025,18:45:30,NS013,C00215,P0030,2,399,20,638.4,
TXN0001522,2025-12-07,19:21:55,NS007,C00385,P0016,5,999,20,3996.0,Wallet
TXN0004738,27/11/2025,19:04:04,NS015,C00510,P0034,2,299,5,568.1,Credit Card
TXN0005844,20/04/2025,14:48:25,NS003,C00268,P0012,1,1499,15,1274.15,Cash
TXN0001066,07/02/2025,12:57:34,NS007,C00459,P0025,2,49,0,98.0,Wallet
TXN0003578,2025-01-13,19:31:34,NS009,C00295,P0021,2,599,0,1198.0,UPI
TXN0005559,08/02/2025,09:01:36,NS010,C00468,P0045,3,499,5,1422.15,Cash
TXN0005218,07-09-2025,15:35:02,NS014,C00479,P0012,5,1499,15,6370.75,Debit Card
TXN0005621,04-08-2025,15:40:16,NS003,C00049,P0041,3,249,0,747.0,Cash
TXN0006246,2025-11-20,20:15:40,NS011,C00487,P0013,2,1299,10,2338.2,Cash
TXN0000791,2025-12-21,10:25:43,NS007,C00031,P0003,4,4999,15,16996.6,Debit Card
TXN0001292,29/03/2025,18:49:27,NS005,C00172,P0026,1,299,0,299.0,UPI
TXN0002987,11-04-2025,12:16:33,NS014,C00360,P0030,1,399,15,339.15,Credit Card
TXN0004265,10/02/2025,09:20:26,NS007,C00329,P0044,1,279,5,265.05,Cash
TXN0004927,2025-02-17,16:00:40,NS001,C00428,P0011,1,599,0,599.0,Cash
TXN0000069,2025-04-09,09:38:45,NS002,C00199,P0037,1,699,5,664.05,Credit Card
TXN0005127,07/06/2025,10:42:48,NS014,C00425,P0035,3,449,20,1077.6,Credit Card
TXN0002137,13/09/2025,09:08:51,NS005,C00177,P0025,4,49,0,196.0,Credit Card
TXN0002629,24-11-2025,14:18:41,NS004,C00305,P0050,2,1499,10,2698.2,Wallet
TXN0000822,2025-10-14,12:09:19,NS003,C00401,P0001,2,2499,0,4998.0,Wallet
TXN0004150,2025-04-14,18:51:41,NS007,C00115,P0023,1,159,20,127.2,Cash
TXN0003458,2025-12-20,19:56:05,NS004,C00374,P0044,1,279,5,265.05,Wallet
TXN0006451,2025-04-22,21:24:24,NS013,C00479,P0001,3,2499,0,7497.0,Debit Card
TXN0005771,2025-06-03,19:17:36,NS003,C00130,P0035,1,449,10,404.1,Debit Card
TXN0000007,13-08-2025,21:07:06,NS013,C00105,P0036,1,349,0,349.0,UPI
TXN0003540,10/10/2025,21:02:55,NS004,C00061,P0010,3,599,20,1437.6,Credit Card
TXN0001854,20-09-2025,17:09:58,NS003,C00210,P0029,5,199,20,796.0,Cash
TXN0002945,07/07/2025,14:50:35,NS007,C00074,P0014,2,899,0,1798.0,Debit Card
TXN0000057,2025-03-07,18:54:14,NS015,C00281,P0013,3 pcs,1299,0,3897.0,Wallet
TXN0002361,2025-07-05,20:39:16,NS011,C00216,P0041,3,249,0,747.0,Debit Card
TXN0002835,04/06/2025,20:09:06,NS006,C00502,P0043,3,349,0,1047.0,Debit Card
TXN0002053,04/04/2025,14:22:14,NS013,C00255,P0032,2,799,15,1358.3,Credit Card
TXN0001494,12-02-2025,10:44:12,NS004,C00534,P0039,1,179,15,152.15,Cash
TXN0001592,2025-12-02,11:28:26,NS004,C00308,P0025,1,49,0,49.0,Wallet
TXN0005941,2025-12-20,15:40:34,NS008,C00192,P0037,4,699,0,2796.0,Cash
TXN0002961,2025-03-28,11:31:25,NS014,C00505,P0043,2,349,10,628.2,Wallet
TXN0002513,2025-05-04,12:06:24,NS008,C00493,P0007,5,799,0,3995.0,Debit Card
TXN0004528,2025-11-25,18:03:25,NS004,C00244,P0025,1,49,0,49.0,Debit Card
TXN0005355,2025-10-19,19:37:51,NS003,C00420,P0012,3,1499,10,4047.3,UPI
TXN0003410,28/10/2025,17:28:11,NS005,C00452,P0047,1 pcs,449,10,404.1,UPI
TXN0000848,2025-01-02,13:27:37,NS014,C00396,P0029,1,199,0,199.0,Cash
TXN0000392,2025-04-15,11:57:00,NS006,C00418,P0037,3,699,0,2097.0,Credit Card
TXN0004258,23/02/2025,19:30:29,NS013,C00412,P0038,2,149,0,298.0,Wallet
TXN0001545,02/10/2025,13:50:09,NS003,C00297,P0001,2,2499,0,4998.0,UPI
TXN0003955,2025-03-25,13:08:21,NS010,C00216,P0008,2,3499,15,5948.3,Wallet
TXN0001195,06/13/2025,12:50:32,NS013,C00030,P0028,1,25,0,25.0,Credit Card
TXN0003858,2025-01-28,14:47:27,NS001,C00173,P0019,3,799,0,2397.0,UPI
TXN0002617,31-10-2025,12:01:45,NS005,C00340,P0030,2,399,0,798.0,
TXN0003358,11-12-2025,11:59:51,NS001,C00079,P0025,1,49,0,49.0,Wallet
TXN0000443,2025-10-31,19:29:24,NS006,C00450,P0012,3,1499,5,4272.15,Cash
TXN0006406,2025-06-07,10:42:05,NS003,C00086,P0019,2,799,10,1438.2,Wallet
TXN0006478,2025-11-17,13:02:42,NS001,C00507,P0017,2,1199,20,1918.4,UPI
TXN0000099,18-12-2025,21:49:44,NS009,C00307,P0021,3,599,0,1797.0,Wallet
TXN0001840,2025-02-08,20:32:44,NS001,C00408,P0026,3,299,20,717.6,Cash
TXN0003888,20/03/2025,17:17:28,NS012,C00157,P0025,2,49,0,98.0,Debit Card
TXN0004872,22/02/2025,16:29:21,NS010,C00056,P0009,3,2199,5,6267.15,Wallet
TXN0002659,05/10/2025,16:50:10,NS015,C00149,P0004,4,1499,0,5996.0,UPI
TXN0005234,25/08/2025,18:12:34,NS011,C00327,P0037,2,699,10,1258.2,Wallet
TXN0002438,29-09-2025,17:21:18,NS009,C00491,P0050,2,1499,0,2998.0,Cash
TXN0006030,07/29/2025,15:22:31,NS014,C00054,P0020,1,3999,0,3999.0,UPI
TXN0006056,2025-10-07,20:58:44,NS004,C00229,P0017,3,1199,20,2877.6,Wallet
TXN0000506,21/05/2025,10:21:29,NS010,C00089,P0037,2,699,0,1398.0,Cash
TXN0001265,06/05/2025,14:51:14,NS007,C00306,P0026,1,299,0,299.0,Credit Card
TXN0005783,27/08/2025,13:05:04,NS012,C00330,P0028,2,25,0,50.0,Debit Card
TXN0002544,03/02/2025,17:02:22,NS008,C00407,P0016,1,999,0,999.0,Cash
TXN0001280,2025-07-03,21:15:58,NS006,C00349,P0010,1,599,10,539.1,Debit Card
TXN0000573,05-09-2025,09:42:04,NS006,C00231,P0020,1,3999,0,3999.0,UPI
TXN0005991,24/01/2025,13:42:17,NS008,C00094,P0035,3,449,0,1347.0,UPI
TXN0004665,12/22/2025,20:46:11,NS014,C00091,P0003,1,4999,0,4999.0,Credit Card
TXN0000108,2025-10-22,10:18:41,NS015,C00468,P0023,3,159,5,453.15,Debit Card
TXN0004473,2025-05-08,16:19:40,NS013,C00083,P0033,1,999,5,949.05,UPI
TXN0000832,19/12/2025,17:59:43,NS010,C00141,P0031,2,1299,0,2598.0,Debit Card
TXN0001364,2025-12-10,20:24:37,NS004,C00329,P0029,3,199,20,477.6,Credit Card
TXN0005261,2025-04-18,12:10:56,NS008,C00036,P0009,3,2199,15,5607.45,Debit Card
TXN0002656,13-07-2025,18:09:07,NS001,C00346,P0015,1,1799,20,1439.2,
TXN0000755,2025-11-08,12:33:31,NS013,C00222,P0027,4,249,0,996.0,Credit Card
TXN0001742,2025-07-08,18:33:10,NS005,C00238,P0036,3,349,5,994.65,UPI
TXN0001484,08-09-2025,11:18:21,NS012,C00357,P0014,1,899,0,899.0,Wallet
TXN0000052,2025-10-03,19:28:43,NS002,C00362,P0025,3,49,10,132.3,Debit Card
TXN0001451,07/28/2025,10:32:21,NS011,C00117,P0041,3,249,15,634.95,
TXN0005467,2025-04-30,09:34:09,NS015,C00398,P0011,3,599,20,1437.6,Debit Card
TXN0004129,2025-08-26,19:03:09,NS002,C00021,P0002,1,3299,0,3299.0,Debit Card
TXN0002713,15/12/2025,14:08:04,NS003,C00391,P0028,3,25,0,75.0,Credit Card
TXN0004355,08/12/2025,18:19:57,NS003,C00021,P0006,3,399,5,1137.15,Credit Card
TXN0006096,18/01/2025,17:47:06,NS007,C00520,P0023,2,159,0,318.0,Wallet
TXN0000849,2025-02-11,16:28:09,NS012,C00394,P0040,2,599,0,1198.0,Wallet
TXN0002614,2025-08-30,17:27:04,NS013,C00317,P0009,2,2199,0,4398.0,
TXN0006460,01/27/2025,12:56:05,NS010,C00384,P0032,3,799,15,2037.45,Credit Card
TXN0005915,2025-12-20,13:53:26,NS006,C00310,P0021,4,599,10,2156.4,Debit Card
TXN0004704,08/04/2025,10:21:09,NS010,C00262,P0007,2,799,15,1358.3,Cash
TXN0005332,2025-07-24,15:25:03,NS003,C00464,P0007,2,799,0,1598.0,Debit Card
TXN0004727,2025-12-20,13:39:39,NS007,C00463,P0011,4,599,15,2036.6,UPI
TXN0000989,10-05-2025,10:56:35,NS015,C00006,P0017,3,1199,0,3597.0,Wallet
TXN0002132,03/01/2025,11:16:17,NS010,C00186,P0034,2,299,20,478.4,Credit Card
TXN0004833,2025-10-24,18:29:56,NS013,C00478,P0027,1,249,10,224.1,Wallet
TXN0005600,25-01-2025,18:08:09,NS008,C00123,P0049,4,199,15,676.6,
TXN0005391,03/08/2025,17:38:32,NS009,C00037,P0032,4,799,10,2876.4,Debit Card
TXN0003658,12/10/2025,19:16:15,NS008,C00310,P0036,1,349,0,349.0,Debit Card
TXN0003398,11/04/2025,21:33:19,NS013,C00394,P0019,3,799,5,2277.15,Credit Card
TXN0005203,23-10-2025,16:10:47,NS003,C00233,P0050,3,1499,0,4497.0,Debit Card
TXN0004396,26-06-2025,13:29:40,NS014,C00439,P0048,2,399,10,718.2,Debit Card
TXN0001491,02-07-2025,13:28:55,NS009,C00303,P0008,2,3499,0,6998.0,Credit Card
TXN0001440,2025-11-23,15:47:19,NS013,C00122,P0039,4,179,0,716.0,UPI
TXN0006521,2025-07-09,11:00:00,NS001,C00491,P9129,2,1347,0,2332,Cash
TXN0004804,07/14/2025,15:37:28,NS007,C00063,P0048,1,399,0,399.0,UPI
TXN0002097,09/01/2025,14:09:10,NS015,C00289,P0009,3,2199,15,5607.45,Credit Card
TXN0000596,2025-10-03,13:07:30,NS003,C00076,P0021,3,599,15,1527.45,UPI
TXN0001071,2025-07-19,18:21:43,NS008,C00040,P0002,1,3299,0,3299.0,Credit Card
TXN0000584,14/12/2025,13:40:28,NS002,C00187,P0032,1,799,10,719.1,Wallet
TXN0003078,13/07/2025,14:02:22,NS010,C00097,P0032,2,799,0,1598.0,Cash
TXN0002452,27/07/2025,18:28:16,NS005,C00175,P0004,2,1499,15,2548.3,Cash
TXN0002822,23/07/2025,12:03:13,NS003,C00399,P0043,2,349,10,628.2,UPI
TXN0000720,2025-07-30,12:55:47,NS003,C00499,P0021,3,599,0,1797.0,Cash
TXN0000157,2025-11-05,17:17:44,NS013,C00255,P0024,2,449,20,718.4,Wallet
TXN0001159,2025-12-05,12:29:03,NS009,C00472,P0035,1,449,0,449.0,
TXN0005999,25/10/2025,18:09:23,NS001,C00500,P0028,2,25,0,50.0,Debit Card
TXN0003172,2025-04-15,11:06:02,NS007,C00370,P0005,1,1899,0,1899.0,Credit Card
TXN0001896,2025-03-09,21:09:37,NS009,C00148,P0025,5,49,0,245.0,UPI
TXN0005680,11/02/2025,21:19:29,NS005,C00096,P0021,3,599,20,1437.6,Wallet
TXN0002124,30/03/2025,11:27:27,NS007,C00455,P0033,5,999,0,4995.0,Wallet
TXN0000438,2025-01-08,15:16:48,NS009,C00482,P0048,1,399,0,399.0,Cash
TXN0000732,20/06/2025,11:55:59,NS010,C00011,P0048,3,399,0,1197.0,Credit Card
TXN0005974,12/04/2025,11:00:22,NS006,C00083,P0024,4,449,0,1796.0,Credit Card
TXN0005635,2025-10-24,12:57:34,NS003,C00452,P0026,2,299,15,508.3,Cash
TXN0001739,16/04/2025,18:34:43,NS011,C00241,P0006,3,399,0,1197.0,Credit Card
TXN0005779,2025-11-22,15:21:04,NS002,C00520,P0036,4,349,5,1326.2,Credit Card
TXN0005213,2025-01-11,14:24:39,NS002,C00283,P0028,1,25,15,21.25,Credit Card
TXN0000320,2025-05-09,19:54:56,NS012,C00288,P0026,1,299,5,284.05,UPI
TXN0003587,06/21/2025,14:48:03,NS008,C00234,P0046,2,199,5,378.1,Wallet
TXN0005982,2025-10-11,19:34:35,NS002,C00404,P0006,2,399,20,638.4,Cash
TXN0000496,14-10-2025,12:24:23,NS003,C00011,P0013,2,1299,10,2338.2,Wallet
TXN0002566,13/01/2025,11:24:03,NS001,C00050,P0043,1,349,0,349.0,Cash
TXN0006372,24/04/2025,21:53:57,NS012,C00373,P0028,2,25,15,42.5,Debit Card
TXN0004744,24/11/2025,21:57:33,NS002,C00326,P0027,2,249,10,448.2,Credit Card
TXN0001478,11/01/2025,15:30:17,NS011,C00352,P0028,5,25,15,106.25,Credit Card
TXN0006120,2025-09-15,16:32:26,NS015,C00307,P0030,2,399,0,798.0,Cash
TXN0004363,2025-09-17,20:29:50,NS006,C00075,P0016,3,999,5,2847.15,Cash
TXN0000272,2025-05-04,18:36:02,NS010,C00496,P0003,1,4999,10,4499.1,Cash
TXN0001935,2025-09-22,14:13:04,NS003,C00009,P0019,1,799,10,719.1,Credit Card
TXN0003980,13/10/2025,20:30:22,NS015,C00294,P0011,3,599,5,1707.15,Debit Card
TXN0003736,25-04-2025,14:09:34,NS014,C00450,P0034,3,299,20,717.6,Cash
TXN0004089,27/01/2025,11:52:27,NS007,C00293,P0025,3,49,0,147.0,Wallet
TXN0003868,20/04/2025,10:42:33,NS011,C00090,P0030,2,399,0,798.0,UPI
TXN0004756,05/08/2025,09:25:57,NS010,C00398,P0041,1,249,10,224.1,Wallet
TXN0005169,27-12-2025,19:07:04,NS008,C00196,P0002,4,3299,0,13196.0,Wallet
TXN0003270,2025-09-21,20:59:34,NS005,C00455,P0047,4,449,0,1796.0,Debit Card
TXN0006520,2025-07-08,15:00:00,NS012,C00304,P9658,1,144,0,4606,UPI
TXN0003659,2025-09-21,21:59:38,NS004,C00009,P0047,1,449,0,449.0,Credit Card
TXN0001483,2025-08-12,10:54:52,NS014,C00238,P0035,1,449,10,404.1,Cash
TXN0001356,2025-07-27,11:52:56,NS010,C00346,P0014,3,899,0,2697.0,Debit Card
TXN0004180,18/04/2025,21:57:23,NS006,C00255,P0011,1,599,20,479.2,Credit Card
TXN0006472,09/30/2025,17:47:33,NS011,C00483,P0042,2,299,5,568.1,Cash
TXN0004225,17/02/2025,12:21:36,NS011,C00430,P0027,2,249,0,498.0,
TXN0004248,27/07/2025,10:01:48,NS015,C00168,P0038,4,149,10,536.4,Debit Card
TXN0005450,02/01/2025,20:43:22,NS003,C00282,P0006,4,399,5,1516.2,Credit Card
TXN0003108,2025-11-25,14:15:32,NS015,C00079,P0005,3,1899,10,5127.3,Debit Card
TXN0003096,2025-11-07,18:59:39,NS011,C00342,P0042,3,299,5,852.15,UPI
TXN0002918,14/06/2025,17:28:05,NS012,C00133,P0004,4,1499,10,5396.4,
TXN0001996,2025-04-05,20:05:29,NS003,C00400,P0026,2,299,10,538.2,Debit Card
TXN0002043,02/09/2025,19:59:28,NS001,C00396,P0041,2,249,15,423.3,UPI
TXN0004269,2025-05-02,12:28:16,NS012,C00221,P0030,1 pcs,399,0,399.0,Cash
TXN0002584,05/17/2025,12:29:10,NS002,C00423,P0012,4,1499,15,5096.6,Cash
TXN0003703,2025-01-16,13:11:32,NS014,C00418,P0043,2,349,0,698.0,Debit Card
TXN0002304,08/30/2025,13:05:05,NS005,C00412,P0006,2,399,0,798.0,Cash
TXN0006009,2025-09-02,12:27:04,NS010,C00095,P0027,2,249,20,398.4,UPI
TXN0004094,20/10/2025,16:43:59,NS014,C00203,P0004,2,1499,0,2998.0,UPI
TXN0003338,2025-01-24,13:09:59,NS007,C00315,P0014,1,899,0,899.0,Wallet
TXN0005015,2025-07-28,16:45:07,NS004,C00462,P0008,2,3499,0,6998.0,Credit Card
TXN0000812,06/01/2025,18:55:43,NS013,C00029,P0033,2,999,0,1998.0,Wallet
TXN0006124,11/29/2025,11:37:01,NS005,C00369,P0035,5,449,15,1908.25,
TXN0001904,27/01/2025,20:06:48,NS003,C00233,P0042,2,299,0,598.0,UPI
TXN0001154,02/06/2025,18:52:31,NS015,C00405,P0039,3,179,20,429.6,UPI
TXN0004125,20/03/2025,15:51:09,NS012,C00019,P0007,2,799,10,1438.2,Cash
TXN0005561,2025-09-08,11:44:22,NS010,C00022,P0049,1,199,0,199.0,Credit Card
TXN0000773,2025-02-05,17:03:33,NS007,C00406,P0045,1,499,0,499.0,UPI
TXN0004301,02-08-2025,17:17:22,NS004,C00351,P0031,4,1299,20,4156.8,Debit Card
TXN0005191,10-07-2025,09:58:05,NS014,C00322,P0018,1,2499,10,2249.1,Debit Card
TXN0003999,2025-01-28,19:20:54,NS002,C00278,P0016,2,999,0,1998.0,Credit Card
TXN0006188,23/09/2025,16:55:12,NS003,C00272,P0010,1,599,10,539.1,Debit Card
TXN0004457,2025-11-08,15:05:42,NS010,C00028,P0023,3,159,20,381.6,Credit Card
TXN0000265,2025-03-21,19:02:38,NS013,C00178,P0033,1,999,0,999.0,Debit Card
TXN0005908,12/07/2025,13:32:15,NS013,C00525,P0041,3,249,15,634.95,Cash
TXN0002244,2025-01-02,19:11:32,NS012,C00193,P0018,2,2499,0,4998.0,UPI
TXN0002795,2025-06-06,19:50:18,NS012,C00327,P0038,1,149,0,149.0,Credit Card
TXN0002311,2025-11-25,18:05:01,NS001,C00136,P0011,3,599,5,1707.15,
TXN0004514,23/10/2025,09:19:16,NS008,C00380,P0002,1,3299,20,2639.2,Credit Card
TXN0004212,2025-01-30,12:06:08,NS002,C00502,P0034,1,299,20,239.2,Cash
TXN0002926,04/06/2025,16:23:47,NS012,C00365,P0036,3,349,15,889.95,Cash
TXN0001897,05/21/2025,17:42:59,NS014,C00448,P0043,2,349,20,558.4,Cash
TXN0004446,09-10-2025,14:26:11,NS007,C00045,P0001,3,2499,0,7497.0,Credit Card
TXN0003627,28-02-2025,19:58:38,NS008,C00200,P0027,2,249,10,448.2,Credit Card
TXN0006061,2025-05-21,14:40:45,NS004,C00039,P0003,2,4999,15,8498.3,Wallet
TXN0001729,2025-11-11,17:28:32,NS011,C00520,P0028,2,25,0,50.0,Wallet
TXN0002031,01/17/2025,10:53:14,NS010,C00161,P0033,1,999,5,949.05,Wallet
TXN0005594,06/05/2025,13:19:54,NS010,C00433,P0011,3,599,10,1617.3,
TXN0005178,2025-11-17,10:23:00,NS014,C00100,P0009,3,2199,0,6597.0,Credit Card
TXN0005227,2025-10-29,21:52:48,NS006,C00215,P0037,2,699,0,1398.0,Credit Card
TXN0002939,24/09/2025,21:27:22,NS002,C00158,P0017,1,1199,0,1199.0,Cash
TXN0003748,08-03-2025,09:39:30,NS014,C00438,P0011,5,599,0,2995.0,Credit Card
TXN0003933,05-06-2025,14:47:40,NS009,C00054,P0025,3,49,20,117.6,Cash
TXN0006249,2025-09-07,21:36:00,NS010,C00094,P0042,2,299,15,508.3,Cash
TXN0006164,09/26/2025,19:50:01,NS011,C00124,P0032,3,799,15,2037.45,UPI
TXN0006364,08/11/2025,13:17:24,NS003,C00018,P0014,2,899,5,1708.1,Credit Card
TXN0001758,08/05/2025,19:48:28,NS001,C00136,P0049,2,199,0,398.0,Debit Card
TXN0000460,2025-12-27,16:53:51,NS014,C00501,P0039,4 pcs,179,0,716.0,Cash
TXN0002195,04/05/2025,15:06:08,NS012,C00412,P0049,4,199,20,636.8,Wallet
TXN0004633,2025-10-07,16:33:10,NS012,C00461,P0044,2,279,20,446.4,Debit Card
TXN0000981,13/02/2025,11:38:42,NS010,C00489,P0019,2,799,0,1598.0,UPI
TXN0004469,03/11/2025,14:07:36,NS012,C00041,P0026,3,299,20,717.6,UPI
TXN0006394,2025-03-19,21:55:51,NS013,C00077,P0047,1,449,5,426.55,UPI
TXN0001531,2025-01-23,15:16:44,NS013,C00004,P0037,1,699,0,699.0,Wallet
TXN0004495,01/08/2025,12:02:31,NS009,C00248,P0029,1,199,0,199.0,Wallet
TXN0000290,2025-11-22,11:04:17,NS007,C00084,P0020,4,3999,15,13596.6,Wallet
TXN0000714,04-08-2025,16:46:28,NS008,C00398,P0030,2,399,10,718.2,Credit Card
TXN0003931,05-09-2025,13:00:36,NS013,C00179,P0004,1,1499,15,1274.15,Debit Card
TXN0005222,2025-12-06,19:00:16,NS006,C00128,P0044,5,279,0,1395.0,Wallet
TXN0000535,2025-08-06,13:49:52,NS001,C00274,P0012,2,1499,10,2698.2,
TXN0004298,13/01/2025,21:12:39,NS015,C00340,P0041,1,249,0,249.0,Debit Card
TXN0005384,2025-05-12,10:22:27,NS014,C00392,P0044,1,279,0,279.0,Credit Card
TXN0001177,2025-09-27,18:04:27,NS001,C00065,P0006,3,399,0,1197.0,UPI
TXN0001927,11-08-2025,11:55:51,NS007,C00054,P0008,3,3499,15,8922.45,UPI
TXN0005830,09/06/2025,11:54:11,NS013,C00178,P0006,2,399,15,678.3,Cash
TXN0004191,14-07-2025,17:32:44,NS011,C00432,P0014,3,899,20,2157.6,Cash
TXN0004449,02-12-2025,11:03:58,NS013,C00196,P0001,2,2499,0,4998.0,Cash
TXN0003081,23/09/2025,13:46:19,NS001,C00395,P0023,3,159,5,453.15,Credit Card
TXN0002826,03-07-2025,12:25:46,NS015,C00418,P0039,1,179,0,179.0,UPI
TXN0002427,2025-09-17,19:01:48,NS004,C00011,P0039,3,179,5,510.15,
TXN0005208,20-10-2025,09:24:07,NS009,C00249,P0048,2,399,5,758.1,UPI
TXN0004404,01-09-2025,11:24:14,NS011,C00255,P0002,3,3299,0,9897.0,Credit Card
TXN0001475,05/10/2025,13:27:28,NS010,C00054,P0033,4,999,0,3996.0,
TXN0001772,30/11/2025,09:55:18,NS012,C00073,P0014,3,899,0,2697.0,Cash
TXN0005121,2025-05-22,09:27:20,NS015,C00444,P0050,3,1499,15,3822.45,UPI
TXN0005176,10/05/2025,13:33:30,NS001,C00345,P0026,4,299,0,1196.0,UPI
TXN0005285,04/08/2025,12:04:59,NS002,C00366,P0006,3,399,15,1017.45,Wallet
TXN0003957,2025-03-01,14:54:41,NS007,C00218,P0047,5,449,15,1908.25,Debit Card
TXN0000295,13-09-2025,10:50:43,NS007,C00270,P0034,1,299,20,239.2,UPI
TXN0002216,08/07/2025,14:12:50,NS011,C00176,P0008,2,3499,0,6998.0,UPI
TXN0001565,30/05/2025,18:08:05,NS007,C00308,P0003,1,4999,15,4249.15,Wallet
TXN0002772,14-11-2025,18:26:50,NS001,C00220,P0020,3,3999,0,11997.0,UPI
TXN0003820,06/21/2025,21:32:55,NS002,C00300,P0049,4,199,20,636.8,Debit Card
TXN0004549,06-08-2025,11:53:18,NS014,C00333,P0049,1,199,0,199.0,Cash
TXN0004505,2025-11-29,15:59:32,NS006,C00045,P0017,3,1199,10,3237.3,
TXN0002159,2025-12-19,09:59:48,NS007,C00139,P0031,1 pcs,1299,0,1299.0,Debit Card
TXN0005188,11/04/2025,11:32:28,NS005,C00158,P0024,2,449,10,808.2,Debit Card
TXN0005005,2025-07-19,09:10:45,NS005,C00161,P0046,1,199,0,199.0,Credit Card
TXN0006211,2025-03-19,18:33:36,NS014,C00492,P0017,2,1199,15,2038.3,Wallet
TXN0000389,20-01-2025,10:28:48,NS006,C00031,P0012,2,1499,0,2998.0,Debit Card
TXN0003615,23/10/2025,15:20:32,NS008,C00186,P0015,2,1799,0,3598.0,Credit Card
TXN0002440,06/29/2025,11:33:51,NS001,C00332,P0016,4,999,15,3396.6,Credit Card
TXN0003504,2025-09-16,17:57:10,NS015,C00005,P0046,1,199,10,179.1,Cash
TXN0000881,10/02/2025,21:57:21,NS010,C00382,P0031,2,1299,10,2338.2,Credit Card
TXN0001757,2025-08-23,09:11:35,NS015,C00273,P0037,4,699,15,2376.6,Cash
TXN0003029,13/09/2025,11:58:00,NS011,C00242,P0035,5,449,20,1796.0,Wallet
TXN0005229,2025-11-21,09:45:01,NS010,C00470,P0011,2,599,5,1138.1,Cash
TXN0004684,2025-11-21,15:01:57,NS010,C00028,P0005,2,1899,0,3798.0,Cash
TXN0000066,2025-08-15,18:40:27,NS002,C00105,P0044,1,279,0,279.0,Credit Card
TXN0005795,2025-02-13,18:07:23,NS004,C00378,P0013,2,1299,10,2338.2,Wallet
TXN0002716,12/11/2025,16:05:50,NS012,C00172,P0014,3,899,0,2697.0,Cash
TXN0000470,29-10-2025,12:53:38,NS014,C00320,P0021,2,599,0,1198.0,Credit Card
TXN0002685,2025-10-01,19:57:24,NS013,C00005,P0034,2,299,10,538.2,Debit Card
TXN0003132,2025-07-31,09:57:07,NS014,C00167,P0046,1,199,0,199.0,Debit Card
TXN0000205,2025-04-26,14:53:08,NS009,C00362,P0004,4,1499,20,4796.8,Debit Card
TXN0002235,2025-07-30,10:07:42,NS012,C00528,P0028,3,25,0,75.0,Credit Card
TXN0000663,2025-04-26,09:15:35,NS003,C00281,P0002,4,3299,0,13196.0,UPI
TXN0004106,21/12/2025,13:56:45,NS001,C00303,P0031,4,1299,0,5196.0,Credit Card
TXN0005845,11/07/2025,10:49:06,NS007,C00494,P0027,3,249,0,747.0,Credit Card
TXN0003779,10/07/2025,09:26:35,NS005,C00514,P0014,2,899,0,1798.0,Debit Card
TXN0001136,17/12/2025,09:14:44,NS012,C00293,P0003,1,4999,0,4999.0,Cash
TXN0002212,2025-05-05,15:12:53,NS002,C00173,P0039,2,179,10,322.2,Credit Card
TXN0001312,21-01-2025,11:37:47,NS009,C00224,P0008,1,3499,5,3324.05,UPI
TXN0003854,08/27/2025,13:02:21,NS013,C00113,P0039,3,179,10,483.3,Cash
TXN0004575,2025-02-09,18:55:57,NS005,C00154,P0023,3,159,0,477.0,Credit Card
TXN0004462,04/06/2025,16:17:37,NS005,C00044,P0003,3,4999,0,14997.0,Debit Card
TXN0003918,17-08-2025,15:26:26,NS011,C00506,P0004,4,1499,0,5996.0,UPI
TXN0001551,10/16/2025,09:51:29,NS004,C00473,P0006,1,399,0,399.0,Debit Card
TXN0002170,2025-11-09,20:21:18,NS010,C00025,P0048,3,399,5,1137.15,UPI
TXN0005253,2025-12-28,09:56:56,NS014,C00350,P0029,1,199,20,159.2,UPI
TXN0004952,2025-06-06,17:15:53,NS010,C00030,P0032,1,799,0,799.0,Cash
TXN0004392,2025-04-19,13:24:53,NS012,C00259,P0018,4,2499,0,9996.0,Cash
TXN0006037,2025-01-23,20:07:46,NS001,C00030,P0006,2,399,20,638.4,Debit Card
TXN0001379,04/06/2025,16:05:07,NS015,C00367,P0009,5,2199,15,9345.75,UPI
TXN0002426,2025-06-24,17:36:50,NS008,C00156,P0011,2,599,0,1198.0,Credit Card
TXN0003800,2025-01-28,13:20:16,NS015,C00419,P0025,1,49,10,44.1,Debit Card
TXN0003730,23-12-2025,12:08:25,NS009,C00200,P0031,2,1299,15,2208.3,Cash
TXN0000927,07/14/2025,13:21:54,NS007,C00077,P0034,2,299,0,598.0,Debit Card
TXN0001786,06-02-2025,19:02:58,NS012,C00366,P0006,2,399,0,798.0,UPI
TXN0003976,2025-11-10,19:44:11,NS010,C00308,P0027,2,249,0,498.0,UPI
TXN0003783,2025-01-07,11:21:44,NS014,C00515,P0036,1,349,0,349.0,Wallet
TXN0001106,07-08-2025,19:54:37,NS002,C00311,P0016,3,999,0,2997.0,UPI
TXN0000751,2025-07-07,21:52:42,NS015,C00177,P0010,3,599,0,1797.0,UPI
TXN0004251,30/01/2025,10:41:55,NS015,C00314,P0016,3,999,0,2997.0,Credit Card
TXN0001338,11/26/2025,19:59:52,NS011,C00026,P0045,3,499,15,1272.45,Credit Card
TXN0001769,2025-03-04,17:11:03,NS009,C00258,P0039,1,179,0,179.0,Credit Card
TXN0002285,2025-07-25,13:46:19,NS008,C00460,P0028,1,25,15,21.25,Wallet
TXN0000087,2025-10-25,21:37:41,NS001,C00213,P0015,2,1799,20,2878.4,UPI
TXN0001243,21/06/2025,10:29:31,NS008,C00298,P0046,1,199,0,199.0,Debit Card
TXN0004160,10/01/2025,17:11:18,NS013,C00416,P0020,3,3999,0,11997.0,UPI
TXN0003404,2025-04-19,21:55:33,NS009,C00430,P0012,2,1499,0,2998.0,Credit Card
TXN0000602,08/12/2025,17:55:51,NS006,C00504,P0019,3,799,10,2157.3,Cash
TXN0006149,2025-10-25,19:36:57,NS011,C00452,P0050,3,1499,0,4497.0,Cash
TXN0006238,03/08/2025,20:21:24,NS003,C00250,P0014,1,899,5,854.05,Debit Card
TXN0002068,12/12/2025,09:50:32,NS003,C00416,P0032,3,799,0,2397.0,UPI
TXN0004038,2025-07-08,12:00:43,NS013,C00049,P0021,3,599,0,1797.0,Cash
TXN0003605,2025-06-23,15:56:17,NS003,C00528,P0015,3,1799,0,5397.0,Cash
TXN0000382,2025-10-16,18:19:02,NS011,C00456,P0003,2,4999,0,9998.0,Debit Card
TXN0002456,2025-02-08,19:34:21,NS009,C00103,P0040,4,599,0,2396.0,Cash
TXN0003063,2025-09-19,21:09:16,NS008,C00334,P0022,2,189,0,378.0,Debit Card
TXN0001413,24/11/2025,17:55:58,NS008,C00158,P0044,2,279,0,558.0,Credit Card
TXN0003734,2025-11-04,12:44:23,NS006,C00133,P0045,3,499,10,1347.3,Wallet
TXN0004474,24/01/2025,11:12:00,NS006,C00489,P0023,2,159,0,318.0,UPI
TXN0003326,13/06/2025,10:03:38,NS015,C00224,P0013,3,1299,10,3507.3,UPI
TXN0004656,2025-03-12,16:36:40,NS011,C00186,P0009,2,2199,20,3518.4,Debit Card
TXN0000161,12-09-2025,13:53:43,NS009,C00479,P0011,2,599,0,1198.0,Debit Card
TXN0001006,26-05-2025,18:07:46,NS015,C00426,P0001,3,2499,0,7497.0,Debit Card
TXN0005930,02/02/2025,16:47:32,NS010,C00352,P0046,5,199,0,995.0,UPI
TXN0003361,31/10/2025,10:10:31,NS001,C00188,P0016,1,999,15,849.15,Debit Card
TXN0001444,28/07/2025,18:39:17,NS010,C00099,P0042,1,299,0,299.0,Cash
TXN0004504,2025-02-18,20:56:05,NS005,C00234,P0023,1,159,20,127.2,UPI
TXN0006494,2025-01-21,19:25:01,NS006,C00513,P0002,3 pcs,3299,10,8907.3,Debit Card
TXN0001305,08/04/2025,14:36:38,NS012,C00201,P0045,1,499,0,499.0,Cash
TXN0006247,2025-05-11,12:55:20,NS006,C00270,P0028,2,25,0,50.0,UPI
TXN0000698,06/02/2025,10:10:57,NS013,C00501,P0005,1,1899,10,1709.1,UPI
TXN0003632,2025-01-24,12:57:06,NS007,C00407,P0032,2 pcs,799,10,1438.2,UPI
TXN0001319,11-08-2025,10:05:18,NS003,C00262,P0014,2,899,0,1798.0,Credit Card
TXN0004454,2025-10-26,15:12:35,NS010,C00500,P0042,3,299,10,807.3,Credit Card
TXN0001202,2025-03-07,10:11:36,NS010,C00367,P0029,1,199,5,189.05,Debit Card
TXN0003344,13/08/2025,13:19:25,NS007,C00402,P0025,3,49,5,139.65,Wallet
TXN0003707,11-12-2025,13:56:46,NS012,C00404,P0028,2,25,0,50.0,Wallet
TXN0004741,08/06/2025,15:50:47,NS008,C00120,P0008,5,3499,0,17495.0,Debit Card
TXN0000393,05/04/2025,20:41:33,NS008,C00195,P0014,5 pcs,899,20,3596.0,Wallet
TXN0002122,2025-09-11,11:42:33,NS009,C00222,P0027,1,249,15,211.65,Wallet
TXN0003204,2025-07-14,10:56:41,NS011,C00159,P0014,1,899,0,899.0,Credit Card
TXN0001906,26/10/2025,16:39:28,NS009,C00055,P0010,2,599,5,1138.1,Credit Card
TXN0002018,2025-07-10,09:05:25,NS006,C00148,P0029,2,199,0,398.0,
TXN0005305,10/17/2025,15:04:43,NS015,C00378,P0040,1,599,0,599.0,UPI
TXN0006501,2025-03-15,16:00:00,NS002,C00328,P9145,2,289,0,4057,Cash
TXN0002829,22-06-2025,12:06:02,NS004,C00235,P0046,4,199,0,796.0,Cash
TXN0000204,06/08/2025,20:22:15,NS012,C00044,P0039,2,179,0,358.0,Wallet
TXN0001059,02/14/2025,19:55:42,NS006,C00016,P0050,2,1499,20,2398.4,Cash
TXN0005349,2025-08-13,21:24:27,NS014,C00385,P0016,2,999,0,1998.0,Cash
TXN0003419,09-02-2025,13:28:05,NS006,C00010,P0007,1,799,0,799.0,Credit Card
TXN0004609,09/12/2025,13:22:12,NS015,C00065,P0035,1,449,0,449.0,UPI
TXN0001152,2025-10-10,20:36:48,NS012,C00277,P0037,1,699,10,629.1,UPI
TXN0005122,2025-04-20,14:44:48,NS008,C00474,P0007,4,799,0,3196.0,UPI
TXN0000038,2025-01-12,11:26:01,NS014,C00325,P0025,3,49,0,147.0,Cash
TXN0001939,2025-01-08,17:04:35,NS008,C00100,P0003,3,4999,15,12747.45,Wallet
TXN0003971,2025-12-18,11:21:38,NS003,C00353,P0003,1,4999,15,4249.15,Wallet
TXN0004336,2025-01-28,14:19:17,NS006,C00155,P0031,3,1299,15,3312.45,Cash
TXN0004578,2025-01-20,21:10:36,NS011,C00139,P0045,2,499,0,998.0,Credit Card
TXN0003408,17-11-2025,15:15:32,NS002,C00376,P0005,1,1899,0,1899.0,Cash
TXN0000456,13/10/2025,20:11:02,NS007,C00270,P0040,2,599,0,1198.0,Credit Card
TXN0000417,11-08-2025,21:46:59,NS012,C00059,P0007,3,799,15,2037.45,Credit Card
TXN0004026,26-07-2025,11:45:03,NS012,C00408,P0046,2,199,20,318.4,Cash
TXN0002163,08/01/2025,09:27:36,NS004,C00086,P0039,2,179,0,358.0,Cash
TXN0002573,11/02/2025,15:52:18,NS002,C00493,P0025,1,49,0,49.0,Cash
TXN0002903,19-07-2025,16:11:06,NS006,C00058,P0022,2,189,0,378.0,Credit Card
TXN0000089,2025-02-13,17:22:14,NS010,C00043,P0030,3,399,10,1077.3,Debit Card
TXN0004238,30-12-2025,16:07:43,NS015,C00449,P0019,2,799,0,1598.0,Cash
TXN0000820,09/17/2025,11:07:01,NS003,C00089,P0037,1,699,0,699.0,Debit Card
TXN0004863,06-06-2025,19:10:14,NS009,C00269,P0040,1,599,0,599.0,UPI
TXN0003662,2025-06-23,20:14:21,NS011,C00531,P0047,3,449,15,1144.95,Wallet
TXN0001361,31/08/2025,15:04:20,NS012,C00284,P0031,1,1299,10,1169.1,Credit Card
TXN0001335,29-09-2025,11:09:59,NS002,C00082,P0024,3,449,20,1077.6,Cash
TXN0005265,2025-02-10,14:28:31,NS002,C00047,P0014,3,899,0,2697.0,UPI
TXN0002828,2025-04-29,21:53:54,NS014,C00225,P0032,3,799,0,2397.0,UPI
TXN0002277,2025-07-01,18:28:22,NS004,C00306,P0006,1,399,10,359.1,Debit Card
TXN0004997,02/01/2025,14:50:15,NS013,C00465,P0003,1,4999,20,3999.2,Cash
TXN0005237,14/04/2025,15:31:26,NS007,C00356,P0050,2,1499,0,2998.0,
TXN0006129,2025-09-08,10:06:26,NS009,C00400,P0026,3,299,0,897.0,UPI
TXN0004628,2025-09-18,16:55:21,NS006,C00001,P0003,2,4999,0,9998.0,Credit Card
TXN0004692,26-11-2025,10:44:25,NS014,C00410,P0032,2,799,0,1598.0,Wallet
TXN0005743,2025-07-09,20:22:46,NS005,C00290,P0031,1,1299,20,1039.2,Wallet
TXN0003840,16/11/2025,17:53:33,NS010,C00176,P0005,2,1899,0,3798.0,Debit Card
TXN0000627,18/02/2025,13:56:39,NS002,C00256,P0015,2,1799,0,3598.0,Credit Card
TXN0005063,04/03/2025,13:57:26,NS014,C00355,P0007,3,799,0,2397.0,Cash
TXN0003294,2025-06-27,17:13:20,NS002,C00464,P0037,3,699,0,2097.0,Wallet
TXN0000756,2025-11-20,19:19:43,NS010,C00440,P0040,1,599,0,599.0,Wallet
TXN0005807,20/05/2025,16:03:21,NS013,C00297,P0017,2,1199,0,2398.0,Credit Card
TXN0005386,13/06/2025,11:52:58,NS009,C00218,P0037,3,699,0,2097.0,Credit Card
TXN0001061,2025-10-18,16:48:38,NS001,C00275,P0016,4,999,5,3796.2,Wallet
TXN0001813,27/02/2025,11:25:02,NS001,C00441,P0003,1,4999,20,3999.2,Credit Card
TXN0002764,07-04-2025,18:39:24,NS014,C00211,P0004,2,1499,15,2548.3,Debit Card
TXN0002286,07/09/2025,13:46:29,NS012,C00422,P0026,4,299,0,1196.0,Wallet
TXN0003529,05/12/2025,13:41:50,NS012,C00180,P0023,3,159,0,477.0,Cash
TXN0004179,2025-03-03,14:30:25,NS010,C00284,P0050,1,1499,10,1349.1,Cash
TXN0000977,2025-01-16,09:49:01,NS013,C00025,P0047,1,449,0,449.0,Credit Card
TXN0001480,2025-11-02,16:08:20,NS015,C00436,P0050,2,1499,0,2998.0,UPI
TXN0003727,2025-10-06,16:30:44,NS001,C00343,P0024,2,449,0,898.0,Debit Card
TXN0005520,2025-05-16,21:21:09,NS005,C00283,P0036,2,349,5,663.1,Wallet
TXN0000484,26/09/2025,16:00:20,NS007,C00184,P0010,2,599,0,1198.0,Cash
TXN0005385,18-08-2025,16:23:27,NS003,C00192,P0002,1,3299,0,3299.0,Debit Card
TXN0001561,2025-02-24,19:07:20,NS015,C00094,P0011,2,599,15,1018.3,Credit Card
TXN0003979,11/05/2025,15:43:27,NS011,C00260,P0010,1,599,5,569.05,UPI
TXN0004809,2025-09-20,20:55:51,NS011,C00029,P0015,3,1799,20,4317.6,UPI
TXN0003324,22/03/2025,20:00:40,NS001,C00475,P0041,2,249,0,498.0,Debit Card
TXN0003790,2025-11-17,15:55:57,NS010,C00039,P0042,2,299,5,568.1,Wallet
TXN0006006,2025-04-15,18:44:56,NS012,C00401,P0018,2,2499,0,4998.0,Credit Card
TXN0001428,2025-04-30,16:58:31,NS008,C00327,P0011,1,599,10,539.1,Wallet
TXN0001811,31-01-2025,12:40:01,NS003,C00374,P0009,1,2199,5,2089.05,Credit Card
TXN0004899,2025-02-01,20:23:39,NS008,C00376,P0050,5,1499,0,7495.0,Credit Card
TXN0005585,17/07/2025,14:16:56,NS010,C00252,P0017,2,1199,0,2398.0,UPI
TXN0002966,27/04/2025,13:21:56,NS001,C00243,P0029,3,199,5,567.15,Wallet
TXN0002024,2025-10-01,16:18:54,NS010,C00030,P0025,1,49,20,39.2,Wallet
TXN0002668,2025-03-03,09:21:12,NS014,C00505,P0005,3,1899,15,4842.45,Cash
TXN0000237,29-07-2025,13:20:03,NS011,C00011,P0023,1,159,5,151.05,UPI
TXN0002065,2025-07-22,19:14:42,NS003,C00533,P0028,1,25,0,25.0,Cash
TXN0003117,2025-04-07,14:25:03,NS011,C00095,P0027,2,249,0,498.0,Debit Card
TXN0001167,28/11/2025,11:32:57,NS008,C00277,P0011,3,599,15,1527.45,Wallet
TXN0006138,26/05/2025,16:14:01,NS008,C00300,P0035,3,449,0,1347.0,UPI
TXN0006480,2025-09-16,21:59:47,NS013,C00049,P0029,2,199,0,398.0,Credit Card
TXN0004164,2025-01-12,16:38:03,NS005,C00443,P0047,3,449,5,1279.65,Wallet
TXN0000691,2025-01-15,13:24:12,NS006,C00054,P0044,2,279,0,558.0,Wallet
TXN0002531,04/03/2025,12:42:36,NS007,C00007,P0025,1,49,0,49.0,Credit Card
TXN0003717,07/18/2025,18:23:45,NS003,C00372,P0021,3,599,20,1437.6,Debit Card
TXN0006417,2025-11-25,14:58:18,NS009,C00134,P0030,2,399,0,798.0,Wallet
TXN0006098,2025-09-21,09:50:40,NS012,C00168,P0031,2,1299,0,2598.0,
TXN0006045,01/31/2025,19:46:12,NS012,C00102,P0019,3,799,0,2397.0,Cash
TXN0002158,2025-04-29,10:30:42,NS015,C00312,P0023,2,159,10,286.2,UPI
TXN0000644,2025-06-17,10:33:19,NS009,C00106,P0050,3,1499,20,3597.6,UPI
TXN0003217,2025-10-17,21:37:15,NS001,C00314,P0028,2,25,0,50.0,Cash
TXN0005056,2025-05-21,15:18:52,NS010,C00243,P0014,1,899,0,899.0,Cash
TXN0002981,15/01/2025,17:30:21,NS007,C00482,P0004,2,1499,0,2998.0,Wallet
TXN0005102,10/09/2025,15:25:33,NS014,C00436,P0035,3,449,5,1279.65,UPI
TXN0002690,03/16/2025,20:37:06,NS002,C00120,P0006,1,399,10,359.1,Cash
TXN0002239,12/08/2025,21:04:01,NS011,C00205,P0021,2,599,10,1078.2,Wallet
TXN0005156,2025-06-14,15:53:18,NS010,C00402,P0007,1,799,20,639.2,Debit Card
TXN0002119,05-01-2025,15:31:59,NS004,C00459,P0040,5,599,5,2845.25,UPI
TXN0006074,2025-02-07,11:38:09,NS011,C00533,P0005,1,1899,5,1804.05,UPI
TXN0000617,01/09/2025,13:46:41,NS015,C00332,P0003,1,4999,0,4999.0,UPI
TXN0005393,2025-07-10,13:23:05,NS013,C00184,P0018,1,2499,20,1999.2,Wallet
TXN0004061,17/02/2025,18:34:10,NS005,C00476,P0032,1,799,20,639.2,Credit Card
TXN0003756,02/11/2025,21:36:53,NS009,C00481,P0022,2,189,20,302.4,Wallet
TXN0005931,2025-01-22,21:02:43,NS009,C00531,P0045,1,499,0,499.0,Debit Card
TXN0004734,10/09/2025,16:08:15,NS010,C00062,P0013,2,1299,0,2598.0,Credit Card
TXN0002986,2025-01-21,16:33:13,NS013,C00309,P0029,3,199,5,567.15,Wallet
TXN0000929,05/11/2025,10:23:07,NS002,C00271,P0050,2,1499,10,2698.2,Cash
TXN0004036,10/07/2025,09:18:18,NS008,C00053,P0041,2,249,0,498.0,Cash
TXN0002226,05/12/2025,21:39:02,NS011,C00439,P0045,3,499,5,1422.15,Credit Card
TXN0002556,20/04/2025,20:07:47,NS010,C00490,P0042,4,299,0,1196.0,Cash
TXN0000550,26/05/2025,16:15:24,NS015,C00135,P0025,3,49,0,147.0,Cash
TXN0000247,2025-05-05,20:17:40,NS009,C00127,P0002,1,3299,0,3299.0,Wallet
TXN0003536,2025-09-28,12:26:15,NS003,C00210,P0041,5,249,20,996.0,Cash
TXN0004638,2025-01-01,13:30:48,NS002,C00290,P0023,1,159,0,159.0,Debit Card
TXN0005055,2025-10-31,19:08:46,NS009,C00322,P0048,2,399,10,718.2,Wallet
TXN0001717,14-09-2025,19:56:20,NS008,C00275,P0012,1,1499,15,1274.15,Credit Card
TXN0003257,05/12/2025,16:35:57,NS011,C00430,P0037,3,699,10,1887.3,Wallet
TXN0006196,2025-10-23,21:53:57,NS005,C00069,P0022,1,189,0,189.0,Cash
TXN0006415,2025-12-06,19:53:59,NS009,C00422,P0033,4,999,10,3596.4,Wallet
TXN0005526,01/25/2025,10:24:54,NS004,C00245,P0037,2,699,0,1398.0,Debit Card
TXN0006230,28/07/2025,10:34:52,NS007,C00072,P0038,1,149,0,149.0,Debit Card
TXN0004851,07/12/2025,13:18:08,NS014,C00392,P0015,2,1799,0,3598.0,UPI
TXN0004330,2025-06-10,16:37:07,NS013,C00136,P0002,3,3299,5,9402.15,Credit Card
TXN0002337,16-06-2025,16:21:09,NS002,C00237,P0023,3,159,0,477.0,Cash
TXN0005909,2025-03-04,15:32:21,NS009,C00424,P0030,2,399,10,718.2,UPI
TXN0000858,2025-03-18,15:17:55,NS015,C00191,P0015,2,1799,5,3418.1,UPI
TXN0005975,01-07-2025,12:47:47,NS004,C00012,P0019,1,799,5,759.05,
TXN0002561,2025-08-09,14:35:41,NS002,C00490,P0015,3,1799,20,4317.6,Wallet
TXN0004092,2025-01-28,17:55:17,NS014,C00410,P0009,3,2199,20,5277.6,Credit Card
TXN0004377,16-12-2025,17:38:35,NS007,C00371,P0041,3,249,5,709.65,Debit Card
TXN0004787,2025-01-19,12:28:51,NS002,C00272,P0010,1,599,0,599.0,Debit Card
TXN0004812,02/14/2025,14:41:27,NS012,C00207,P0044,3,279,5,795.15,UPI
TXN0004912,2025-04-15,18:55:32,NS012,C00276,P0038,3,149,0,447.0,UPI
TXN0003194,31/01/2025,18:35:26,NS008,C00085,P0008,1,3499,0,3499.0,Wallet
TXN0003985,07/22/2025,20:29:48,NS012,C00500,P0038,1,149,5,141.55,Wallet
TXN0005464,2025-06-08,12:10:25,NS012,C00287,P0021,4,599,0,2396.0,Cash
TXN0002642,2025-07-30,13:04:12,NS007,C00317,P0017,2,1199,5,2278.1,Debit Card
TXN0002905,2025-01-09,18:14:18,NS011,C00153,P0016,1,999,0,999.0,Cash
TXN0002551,2025-02-07,18:45:48,NS007,C00054,P0003,2,4999,0,9998.0,UPI
TXN0001108,2025-08-02,20:41:29,NS012,C00505,P0015,2,1799,15,3058.3,Credit Card
TXN0004085,08-12-2025,17:24:08,NS003,C00367,P0042,2,299,15,508.3,Wallet
TXN0001501,19-11-2025,13:57:21,NS001,C00030,P0045,1,499,0,499.0,Cash
TXN0005142,2025-11-20,10:37:38,NS009,C00026,P0025,3,49,5,139.65,Wallet
TXN0006414,18/12/2025,13:22:50,NS005,C00369,P0027,3,249,0,747.0,UPI
TXN0002184,2025-05-05,15:03:06,NS009,C00318,P0011,1,599,0,599.0,Cash
TXN0002258,2025-12-16,13:44:13,NS006,C00446,P0037,3,699,10,1887.3,Cash
TXN0004835,2025-12-21,15:25:11,NS009,C00510,P0007,1,799,20,639.2,Cash
TXN0002336,10/01/2025,15:17:20,NS013,C00225,P0031,2,1299,5,2468.1,Wallet
TXN0005047,02/05/2025,14:35:12,NS007,C00146,P0019,3,799,0,2397.0,Cash
TXN0001209,2025-04-10,20:28:18,NS013,C00504,P0044,3,279,0,837.0,Debit Card
TXN0003550,2025-08-11,09:11:48,NS008,C00328,P0033,2,999,0,1998.0,UPI
TXN0000101,2025-10-01,16:06:21,NS010,C00463,P0041,2,249,0,498.0,UPI
TXN0003555,07/12/2025,19:24:49,NS003,C00524,P0041,4,249,20,796.8,Credit Card
TXN0001779,2025-06-08,13:31:16,NS002,C00168,P0021,2,599,0,1198.0,UPI
TXN0005723,19/05/2025,17:40:54,NS015,C00111,P0050,3,1499,20,3597.6,Credit Card
TXN0005733,05-02-2025,20:17:14,NS005,C00070,P0047,2,449,15,763.3,UPI
TXN0003460,12-03-2025,15:00:24,NS008,C00289,P0046,1,199,10,179.1,Cash
TXN0005369,2025-12-20,14:53:10,NS013,C00456,P0049,4,199,0,796.0,Credit Card
TXN0004086,2025-08-04,15:57:27,NS002,C00062,P0015,2,1799,15,3058.3,Credit Card
TXN0006209,2025-06-19,17:48:35,NS002,C00461,P0028,3,25,0,75.0,Credit Card
TXN0001538,09/04/2025,19:55:26,NS001,C00191,P0035,1,449,15,381.65,UPI
TXN0003427,20-04-2025,16:44:48,NS010,C00516,P0011,5,599,0,2995.0,Cash
TXN0002282,2025-01-19,09:54:36,NS012,C00081,P0005,1,1899,0,1899.0,Credit Card
TXN0002653,2025-03-30,12:37:54,NS004,C00259,P0020,5,3999,0,19995.0,Debit Card
TXN0000762,22/05/2025,14:54:49,NS001,C00486,P0016,1,999,0,999.0,Credit Card
TXN0001555,2025-06-06,09:09:52,NS004,C00309,P0019,1,799,0,799.0,Credit Card
TXN0000597,19/03/2025,18:12:35,NS002,C00449,P0016,2,999,5,1898.1,Wallet
TXN0005182,2025-06-07,12:29:09,NS015,C00043,P0046,2,199,10,358.2,UPI
TXN0002921,2025-05-15,19:52:07,NS001,C00397,P0006,2,399,5,758.1,Credit Card
TXN0003626,2025-03-20,12:47:17,NS005,C00498,P0037,3,699,0,2097.0,Credit Card
TXN0004674,25-11-2025,19:21:03,NS007,C00495,P0035,1,449,0,449.0,Wallet
TXN0005428,2025-10-08,11:04:39,NS007,C00285,P0049,2,199,15,338.3,Wallet
TXN0006422,13/05/2025,20:10:28,NS002,C00520,P0002,2,3299,10,5938.2,Credit Card
TXN0006376,05/11/2025,20:05:14,NS005,C00523,P0007,4,799,5,3036.2,Cash
TXN0001116,2025-07-02,19:34:25,NS015,C00063,P0049,1,199,0,199.0,Cash
TXN0006194,2025-02-10,11:26:10,NS002,C00017,P0035,1,449,0,449.0,Wallet
TXN0000263,2025-02-10,09:36:53,NS014,C00427,P0010,1,599,20,479.2,UPI
TXN0005862,2025-01-20,16:19:41,NS003,C00067,P0047,1,449,0,449.0,Cash
TXN0003331,29-11-2025,21:42:26,NS014,C00292,P0050,1,1499,10,1349.1,Credit Card
TXN0003738,27/09/2025,20:31:17,NS007,C00284,P0044,3,279,10,753.3,Cash
TXN0005298,2025-04-14,15:32:41,NS013,C00493,P0040,2,599,20,958.4,Credit Card
TXN0002540,12/05/2025,18:17:50,NS001,C00466,P0047,2,449,0,898.0,UPI
TXN0001489,08/07/2025,16:04:03,NS006,C00054,P0034,3,299,0,897.0,Credit Card
TXN0005147,2025-01-17,20:31:17,NS001,C00435,P0011,2,599,0,1198.0,Debit Card
TXN0004947,2025-05-01,21:41:00,NS007,C00262,P0013,1,1299,10,1169.1,Credit Card
TXN0001114,2025-04-07,09:16:48,NS009,C00501,P0039,3,179,20,429.6,Wallet
TXN0005472,2025-04-12,13:37:55,NS003,C00514,P0041,5,249,15,1058.25,Wallet
TXN0005024,2025-04-14,19:29:40,NS007,C00075,P0040,1 pcs,599,10,539.1,Debit Card
TXN0004604,2025-07-22,13:57:38,NS001,C00288,P0015,3,1799,5,5127.15,Debit Card
TXN0003543,30/08/2025,11:24:20,NS006,C00477,P0005,2,1899,15,3228.3,Credit Card
TXN0002823,07/10/2025,12:15:00,NS010,C00034,P0030,2,399,0,798.0,Debit Card
TXN0003598,12/12/2025,21:13:30,NS005,C00285,P0039,2,179,15,304.3,Debit Card
TXN0003140,11/02/2025,21:10:00,NS003,C00321,P0016,2,999,0,1998.0,UPI
TXN0002071,2025-11-15,10:58:36,NS015,C00221,P0024,1,449,0,449.0,Cash
TXN0006512,2025-10-21,20:00:00,NS009,C00442,P9332,1,976,0,3253,Cash
TXN0006411,16-06-2025,15:34:33,NS005,C00221,P0049,3,199,0,597.0,Wallet
TXN0000916,21-03-2025,09:15:04,NS013,C00277,P0012,1,1499,20,1199.2,Credit Card
TXN0004004,2025-06-29,13:10:11,NS005,C00411,P0017,1,1199,15,1019.15,Wallet
TXN0005859,2025-10-02,11:08:10,NS008,C00496,P0025,3,49,0,147.0,UPI
TXN0000725,12/06/2025,16:06:48,NS001,C00139,P0025,4,49,15,166.6,Debit Card
TXN0004368,2025-05-20,12:48:38,NS013,C00257,P0018,1,2499,0,2499.0,Credit Card
TXN0004492,2025-12-22,18:47:02,NS011,C00029,P0021,1,599,0,599.0,UPI
TXN0001698,26/12/2025,15:10:53,NS012,C00455,P0003,1,4999,15,4249.15,Debit Card
TXN0001533,18/06/2025,16:08:54,NS008,C00127,P0030,2,399,0,798.0,Cash
TXN0004523,2025-01-14,11:28:33,NS010,C00176,P0035,3,449,0,1347.0,Credit Card
TXN0003008,2025-12-31,12:58:21,NS001,C00455,P0027,3,249,10,672.3,Credit Card
TXN0002095,2025-07-12,18:27:22,NS013,C00409,P0026,4,299,15,1016.6,Credit Card
TXN0001832,25-03-2025,21:57:29,NS007,C00192,P0017,1,1199,20,959.2,Debit Card
TXN0001625,28-07-2025,11:24:04,NS001,C00492,P0001,1,2499,0,2499.0,Credit Card
TXN0004740,06/07/2025,16:38:52,NS004,C00416,P0025,4,49,0,196.0,Credit Card
TXN0004760,03/03/2025,16:20:07,NS010,C00386,P0031,3,1299,0,3897.0,Wallet
TXN0002882,2025-06-12,10:10:07,NS002,C00442,P0004,3,1499,0,4497.0,Wallet
TXN0004091,2025-07-20,19:37:55,NS006,C00317,P0022,3,189,0,567.0,Cash
TXN0001689,2025-11-21,18:12:13,NS015,C00241,P0049,1,199,15,169.15,Credit Card
TXN0001794,2025-10-04,15:20:10,NS010,C00347,P0006,4,399,5,1516.2,Debit Card
TXN0000890,2025-02-12,20:00:09,NS009,C00439,P0032,1,799,0,799.0,Cash
TXN0005095,2025-01-07,13:02:39,NS012,C00252,P0022,3,189,0,567.0,Debit Card
TXN0002997,16-03-2025,19:38:22,NS004,C00096,P0036,3,349,0,1047.0,Cash
TXN0004518,08-08-2025,16:53:54,NS002,C00253,P0025,1,49,10,44.1,Wallet
TXN0002459,27/04/2025,18:28:53,NS001,C00276,P0037,2,699,20,1118.4,Wallet
TXN0004058,21-01-2025,19:09:24,NS001,C00165,P0030,2,399,20,638.4,Wallet
TXN0002635,2025-12-03,19:00:31,NS009,C00224,P0025,3,49,0,147.0,UPI
TXN0004924,2025-03-29,21:40:05,NS008,C00229,P0015,2,1799,10,3238.2,Wallet
TXN0002586,03/12/2025,18:31:29,NS013,C00233,P0047,2,449,0,898.0,Wallet
TXN0001269,02/21/2025,10:29:49,NS009,C00398,P0007,3 pcs,799,0,2397.0,UPI
TXN0002019,03/08/2025,10:19:37,NS015,C00060,P0009,3,2199,0,6597.0,Cash
TXN0004300,2025-10-08,12:56:26,NS007,C00250,P0044,1,279,20,223.2,
TXN0002211,14/11/2025,10:57:00,NS007,C00079,P0032,1,799,10,719.1,Debit Card
TXN0005495,2025-09-04,19:50:51,NS011,C00520,P0002,1,3299,20,2639.2,Credit Card
TXN0001330,24/07/2025,14:50:23,NS010,C00391,P0026,2,299,20,478.4,UPI
TXN0003897,2025-11-08,09:28:38,NS004,C00493,P0017,1,1199,10,1079.1,Wallet
TXN0004894,2025-10-30,14:59:48,NS011,C00348,P0010,1,599,20,479.2,
TXN0002325,2025-11-28,11:53:37,NS001,C00091,P0007,3,799,0,2397.0,Wallet
TXN0003544,23-10-2025,16:16:44,NS006,C00098,P0045,3,499,5,1422.15,Credit Card
TXN0003464,28/04/2025,21:23:32,NS010,C00212,P0030,2,399,0,798.0,UPI
TXN0005891,2025-11-05,19:05:32,NS012,C00479,P0044,1,279,0,279.0,Credit Card
TXN0000618,2025-10-17,17:09:08,NS012,C00482,P0049,1,199,0,199.0,Wallet
TXN0004459,2025-06-02,16:36:20,NS011,C00161,P0042,1,299,0,299.0,
TXN0005088,2025-12-07,09:34:45,NS011,C00426,P0021,4,599,15,2036.6,UPI
TXN0004386,2025-08-10,19:49:25,NS007,C00431,P0018,4,2499,0,9996.0,Cash
TXN0001310,07/23/2025,10:39:34,NS004,C00136,P0050,1,1499,0,1499.0,UPI
TXN0006483,2025-05-08,14:56:17,NS010,C00402,P0025,1,49,20,39.2,Cash
TXN0005096,2025-12-17,16:12:43,NS012,C00139,P0004,1,1499,0,1499.0,Cash
TXN0001148,08/14/2025,15:56:25,NS007,C00153,P0006,2,399,0,798.0,Wallet
TXN0003951,23/07/2025,19:51:30,NS007,C00261,P0037,2,699,0,1398.0,Debit Card
TXN0001404,20/03/2025,12:00:08,NS001,C00138,P0022,2,189,0,378.0,UPI
TXN0004118,11/22/2025,09:31:03,NS006,C00029,P0029,1,199,10,179.1,Cash
TXN0001101,01-04-2025,14:30:29,NS006,C00267,P0048,2,399,5,758.1,Debit Card
TXN0000845,06/11/2025,13:59:35,NS006,C00243,P0010,1,599,10,539.1,UPI
TXN0002844,2025-06-08,16:24:10,NS003,C00106,P0021,3,599,15,1527.45,UPI
TXN0002412,2025-02-13,14:58:16,NS007,C00223,P0050,3,1499,10,4047.3,Cash
TXN0006285,22-06-2025,19:59:23,NS009,C00289,P0037,4,699,0,2796.0,Cash
TXN0004516,15/06/2025,15:55:37,NS008,C00137,P0011,2,599,0,1198.0,Credit Card
TXN0002757,08/15/2025,12:48:27,NS015,C00409,P0032,1,799,5,759.05,Cash
TXN0006377,2025-04-19,21:09:10,NS002,C00434,P0045,3,499,10,1347.3,UPI
TXN0000273,2025-06-08,14:48:18,NS007,C00513,P0013,3,1299,15,3312.45,Credit Card
TXN0002359,14/11/2025,17:48:43,NS013,C00251,P0034,3,299,10,807.3,
TXN0003481,2025-09-19,15:38:25,NS002,C00132,P0006,1,399,15,339.15,Wallet
TXN0005250,09/10/2025,09:49:53,NS002,C00128,P0041,2,249,0,498.0,UPI
TXN0000465,2025-10-11,09:33:13,NS006,C00204,P0011,5,599,15,2545.75,UPI
TXN0002385,2025-01-12,21:54:57,NS011,C00012,P0043,1,349,20,279.2,UPI
TXN0003449,06/28/2025,12:42:13,NS012,C00520,P0003,3,4999,0,14997.0,Wallet
TXN0005806,2025-06-14,14:36:23,NS004,C00008,P0006,5 pcs,399,15,1695.75,Credit Card
TXN0002881,09/03/2025,19:14:58,NS001,C00398,P0038,3,149,0,447.0,Debit Card
TXN0005590,2025-05-17,13:24:29,NS007,C00020,P0004,3,1499,0,4497.0,Credit Card
TXN0006423,11/10/2025,11:59:34,NS014,C00382,P0008,1,3499,0,3499.0,Debit Card
TXN0003119,2025-04-29,13:50:24,NS010,C00174,P0010,3,599,0,1797.0,Wallet
TXN0003821,31/05/2025,11:36:18,NS005,C00199,P0005,2,1899,15,3228.3,Debit Card
TXN0000508,2025-11-23,10:56:46,NS004,C00316,P0044,2,279,0,558.0,Credit Card
TXN0003538,2025-10-14,14:07:14,NS004,C00108,P0005,2,1899,15,3228.3,Cash
TXN0001048,2025-03-04,16:04:57,NS011,C00304,P0020,2,3999,0,7998.0,UPI
TXN0003987,2025-10-03,18:05:03,NS005,C00019,P0029,2,199,0,398.0,Wallet
TXN0000479,06/08/2025,15:08:48,NS001,C00166,P0034,3,299,0,897.0,UPI
TXN0000092,2025-04-27,10:23:02,NS009,C00206,P0022,2,189,10,340.2,Credit Card
TXN0000889,05/05/2025,11:21:10,NS010,C00335,P0038,2,149,0,298.0,Cash
TXN0003221,12-01-2025,13:01:29,NS003,C00370,P0017,3,1199,0,3597.0,Wallet
TXN0002946,05/12/2025,10:37:22,NS004,C00025,P0036,3,349,5,994.65,UPI
TXN0000852,2025-07-26,14:22:25,NS005,C00255,P0046,3,199,0,597.0,Debit Card
TXN0004778,2025-04-03,20:10:43,NS008,C00183,P0038,1,149,15,126.65,Wallet
TXN0002472,11/19/2025,10:43:21,NS003,C00478,P0016,1,999,0,999.0,Debit Card
TXN0000326,2025-10-15,13:38:13,NS009,C00223,P0007,3,799,5,2277.15,Wallet
TXN0003877,07-04-2025,12:06:27,NS013,C00277,P0038,2,149,0,298.0,Debit Card
TXN0003089,10/12/2025,11:44:24,NS009,C00133,P0007,1,799,10,719.1,Debit Card
TXN0000900,2025-07-06,12:22:04,NS001,C00033,P0017,4,1199,0,4796.0,Debit Card
TXN0004315,08/09/2025,10:26:56,NS013,C00069,P0043,3 pcs,349,0,1047.0,Cash
TXN0005612,03/10/2025,21:23:06,NS003,C00107,P0035,3,449,0,1347.0,UPI
TXN0000776,2025-09-14,15:48:40,NS011,C00406,P0002,5,3299,5,15670.25,Debit Card
TXN0001239,2025-02-07,14:51:37,NS007,C00185,P0024,2,449,0,898.0,Wallet
TXN0001878,18/12/2025,11:12:00,NS009,C00535,P0049,3,199,0,597.0,Wallet
TXN0000607,13-05-2025,18:43:49,NS006,C00469,P0042,3,299,0,897.0,Wallet
TXN0001790,25/01/2025,16:00:03,NS005,C00012,P0038,2,149,0,298.0,Credit Card
TXN0004438,2025-12-01,19:49:29,NS014,C00228,P0037,3,699,0,2097.0,UPI
TXN0005257,2025-07-11,20:35:27,NS008,C00402,P0037,3,699,0,2097.0,Wallet
TXN0005448,08-08-2025,11:29:58,NS004,C00125,P0028,1,25,0,25.0,Credit Card
TXN0005632,21-08-2025,19:50:19,NS009,C00312,P0034,2,299,15,508.3,Wallet
TXN0000590,01-07-2025,14:28:19,NS007,C00403,P0049,2,199,0,398.0,Debit Card
TXN0002744,15-11-2025,16:12:01,NS009,C00145,P0020,1,3999,0,3999.0,Credit Card
TXN0002111,2025-05-01,15:54:41,NS015,C00223,P0025,3,49,0,147.0,Cash
TXN0000997,04/05/2025,17:33:11,NS014,C00283,P0022,2,189,20,302.4,Wallet
TXN0003164,14/08/2025,18:27:15,NS013,C00510,P0014,1,899,0,899.0,Credit Card
TXN0001577,17/02/2025,17:41:23,NS012,C00266,P0022,3,189,0,567.0,Wallet
TXN0002978,2025-09-23,12:55:53,NS001,C00438,P0006,2,399,5,758.1,UPI
TXN0000583,18/06/2025,17:18:41,NS005,C00271,P0035,1,449,10,404.1,Credit Card
TXN0005198,2025-03-09,21:35:06,NS014,C00439,P0012,2,1499,15,2548.3,Debit Card
TXN0005914,2025-08-28,15:20:34,NS015,C00022,P0030,2,399,15,678.3,Cash
TXN0005903,2025-03-31,12:18:36,NS007,C00036,P0023,3,159,0,477.0,Debit Card
TXN0005744,11/09/2025,11:18:18,NS013,C00449,P0044,3,279,20,669.6,Cash
TXN0005273,2025-04-04,15:19:28,NS003,C00328,P0045,2,499,0,998.0,Wallet
TXN0002098,11-04-2025,18:12:44,NS003,C00131,P0006,3,399,0,1197.0,Credit Card
TXN0006316,2025-07-08,10:53:23,NS012,C00076,P0027,2,249,10,448.2,Credit Card
TXN0002413,14-01-2025,20:05:19,NS001,C00091,P0010,3,599,0,1797.0,UPI
TXN0005858,12-01-2025,16:48:34,NS014,C00257,P0047,3,449,5,1279.65,
TXN0003614,23-02-2025,17:42:50,NS009,C00468,P0043,4,349,0,1396.0,Debit Card
TXN0000683,03-03-2025,13:59:18,NS002,C00358,P0044,1,279,0,279.0,Cash
TXN0005575,07/09/2025,19:21:54,NS006,C00067,P0029,5,199,0,995.0,Credit Card
TXN0005804,23-03-2025,13:44:39,NS014,C00424,P0014,3,899,10,2427.3,Credit Card
TXN0006180,2025-04-06,11:32:24,NS015,C00344,P0047,1,449,0,449.0,Wallet
TXN0003015,2025-03-09,18:21:50,NS007,C00501,P0008,2,3499,10,6298.2,Credit Card
TXN0004866,04/05/2025,12:36:40,NS013,C00092,P0002,4,3299,20,10556.8,UPI
TXN0002474,07-01-2025,19:04:33,NS005,C00129,P0040,1,599,0,599.0,Credit Card
TXN0002597,01/10/2025,10:02:32,NS002,C00311,P0045,3,499,5,1422.15,UPI
TXN0004653,2025-02-02,20:40:13,NS015,C00078,P0037,1,699,15,594.15,Debit Card
TXN0003773,2025-09-11,14:48:12,NS012,C00003,P0024,1,449,15,381.65,Credit Card
TXN0000747,15/05/2025,14:28:22,NS012,C00492,P0024,2,449,5,853.1,Debit Card
TXN0000561,17/01/2025,15:55:33,NS008,C00395,P0005,2,1899,5,3608.1,Wallet
TXN0006286,2025-01-19,12:02:10,NS001,C00115,P0047,5,449,0,2245.0,Debit Card
TXN0002553,2025-04-27,19:42:33,NS005,C00417,P0045,3,499,10,1347.3,UPI
TXN0002495,21/09/2025,11:17:26,NS004,C00018,P0028,1,25,15,21.25,UPI
TXN0002354,2025-08-21,14:35:08,NS002,C00163,P0025,1,49,15,41.65,Credit Card
TXN0004343,17-02-2025,16:49:30,NS002,C00532,P0026,1,299,15,254.15,Debit Card
TXN0001865,2025-01-03,12:12:33,NS007,C00437,P0002,3,3299,0,9897.0,Credit Card
TXN0001937,2025-01-27,20:44:34,NS008,C00250,P0006,2,399,0,798.0,Wallet
TXN0001313,05-10-2025,10:39:24,NS007,C00167,P0010,5,599,0,2995.0,UPI
TXN0001147,2025-05-10,12:07:35,NS001,C00342,P0013,2,1299,15,2208.3,UPI
TXN0002200,2025-07-11,17:14:07,NS010,C00407,P0035,3,449,15,1144.95,UPI
TXN0006352,13-01-2025,21:35:08,NS015,C00506,P0041,2,249,15,423.3,Wallet
TXN0004162,2025-12-05,18:26:40,NS004,C00481,P0035,1,449,0,449.0,Cash
TXN0005009,2025-03-20,09:25:05,NS012,C00212,P0040,3,599,0,1797.0,
TXN0003298,11/11/2025,10:49:52,NS015,C00443,P0009,2,2199,15,3738.3,Wallet
TXN0003461,2025-06-02,17:30:27,NS003,C00110,P0027,2,249,0,498.0,Credit Card
TXN0003214,18/09/2025,14:01:59,NS013,C00508,P0021,1,599,20,479.2,Wallet
TXN0001506,03/06/2025,20:07:53,NS010,C00053,P0012,1,1499,0,1499.0,Debit Card
TXN0005289,2025-07-25,20:12:21,NS002,C00309,P0021,1,599,0,599.0,Wallet
TXN0003560,09-05-2025,10:58:32,NS006,C00282,P0022,2,189,5,359.1,Cash
TXN0000708,2025-07-09,10:43:14,NS001,C00391,P0001,3,2499,0,7497.0,Debit Card
TXN0005135,04/14/2025,11:51:43,NS009,C00061,P0031,1,1299,0,1299.0,Cash
TXN0005517,2025-01-10,13:16:13,NS006,C00184,P0021,3,599,0,1797.0,Cash
TXN0004263,06/08/2025,18:58:29,NS010,C00168,P0037,2,699,0,1398.0,Debit Card
TXN0005878,13/05/2025,15:32:11,NS005,C00476,P0030,1,399,10,359.1,Credit Card
TXN0005426,05/20/2025,12:04:49,NS001,C00214,P0009,1,2199,0,2199.0,Wallet
TXN0004374,2025-11-01,18:49:18,NS004,C00074,P0002,5,3299,10,14845.5,Cash
TXN0004323,2025-11-10,11:10:41,NS012,C00214,P0002,3,3299,5,9402.15,Credit Card
TXN0003763,2025-11-01,09:33:31,NS009,C00501,P0049,3,199,20,477.6,Wallet
TXN0000993,2025-02-23,21:16:05,NS008,C00042,P0025,3,49,15,124.95,UPI
TXN0001240,21-08-2025,09:44:38,NS004,C00130,P0002,1,3299,0,3299.0,Debit Card
TXN0005330,2025-07-09,14:40:50,NS010,C00407,P0033,1,999,0,999.0,Cash
TXN0000965,01/02/2025,12:39:08,NS001,C00121,P0047,2,449,10,808.2,Credit Card
TXN0002042,2025-12-06,20:39:03,NS003,C00136,P0016,1,999,0,999.0,Debit Card
TXN0000552,2025-07-29,12:26:57,NS010,C00286,P0021,2 pcs,599,0,1198.0,Credit Card
TXN0003139,2025-03-06,20:56:47,NS015,C00258,P0026,1,299,15,254.15,Debit Card
TXN0000580,2025-11-21,16:07:28,NS002,C00488,P0013,1,1299,0,1299.0,Wallet
TXN0003568,2025-12-07,12:04:25,NS004,C00250,P0002,5,3299,5,15670.25,Debit Card
TXN0000303,2025-07-15,16:07:22,NS013,C00476,P0027,3,249,15,634.95,Cash
TXN0005327,21-05-2025,10:52:12,NS003,C00061,P0007,1,799,0,799.0,
TXN0002697,2025-05-31,12:59:29,NS002,C00494,P0047,5,449,5,2132.75,Debit Card
TXN0004132,11/11/2025,14:57:13,NS015,C00508,P0025,3,49,0,147.0,UPI
TXN0005416,2025-09-26,18:34:39,NS012,C00030,P0039,1,179,15,152.15,Debit Card
TXN0003634,2025-08-13,20:20:00,NS007,C00303,P0012,3,1499,20,3597.6,UPI
TXN0004798,01-06-2025,21:20:56,NS002,C00231,P0013,5,1299,15,5520.75,Debit Card
TXN0004806,19/08/2025,20:17:12,NS015,C00258,P0010,2,599,0,1198.0,Debit Card
TXN0000004,2025-05-01,09:01:22,NS015,C00268,P0023,3,159,0,477.0,UPI
TXN0005382,26/07/2025,11:20:30,NS012,C00408,P0009,1,2199,0,2199.0,Wallet
TXN0004057,2025-01-09,09:49:19,NS004,C00446,P0025,2,49,5,93.1,Debit Card
TXN0003090,28/11/2025,20:38:58,NS007,C00314,P0028,1,25,20,20.0,Debit Card
TXN0002142,02/10/2025,15:22:59,NS014,C00527,P0013,3,1299,5,3702.15,Wallet
TXN0001938,2025-02-13,10:16:14,NS007,C00493,P0035,2,449,0,898.0,Cash
TXN0002589,30/12/2025,11:22:25,NS011,C00475,P0028,1,25,0,25.0,UPI
TXN0001420,02/04/2025,20:56:57,NS013,C00113,P0032,1,799,0,799.0,UPI
TXN0004452,02-01-2025,19:57:08,NS008,C00138,P0040,3,599,0,1797.0,
TXN0003919,2025-02-16,21:04:45,NS007,C00096,P0007,5,799,10,3595.5,Credit Card
TXN0006465,09/02/2025,16:26:53,NS010,C00069,P0003,5,4999,0,24995.0,Wallet
TXN0006504,2025-10-05,19:00:00,NS015,C00323,P9963,2,1047,0,740,Cash
TXN0004484,2025-10-16,11:36:33,NS002,C00196,P0016,3,999,0,2997.0,Credit Card
TXN0005694,16/12/2025,09:43:01,NS001,C00177,P0039,2,179,0,358.0,Debit Card
TXN0004702,2025-03-26,12:44:36,NS007,C00150,P0021,2,599,15,1018.3,Cash
TXN0003396,08/23/2025,18:38:56,NS004,C00221,P0041,3,249,20,597.6,Cash
TXN0005491,04/03/2025,17:40:51,NS013,C00388,P0035,1,449,0,449.0,Debit Card
TXN0001325,2025-09-13,14:46:17,NS006,C00479,P0050,4,1499,5,5696.2,Debit Card
TXN0002375,2025-03-04,12:38:52,NS007,C00104,P0002,1,3299,20,2639.2,Credit Card
TXN0000249,2025-03-17,13:14:58,NS015,C00394,P0044,3,279,0,837.0,Debit Card
TXN0005111,25/11/2025,18:45:55,NS006,C00251,P0005,1,1899,0,1899.0,Cash
TXN0004233,27-02-2025,21:22:02,NS008,C00352,P0008,3,3499,0,10497.0,Debit Card
TXN0005663,2025-11-23,13:45:08,NS015,C00030,P0003,3,4999,0,14997.0,UPI
TXN0004712,2025-11-11,18:48:57,NS015,C00277,P0011,3,599,0,1797.0,Debit Card
TXN0001039,11-04-2025,16:41:26,NS011,C00148,P0004,3,1499,10,4047.3,UPI
TXN0005352,07/18/2025,15:54:58,NS012,C00285,P0007,3,799,15,2037.45,Credit Card
TXN0000095,01/12/2025,21:09:55,NS007,C00234,P0015,3,1799,0,5397.0,Debit Card
TXN0000325,2025-06-10,14:44:00,NS012,C00337,P0014,2,899,10,1618.2,UPI
TXN0001221,2025-12-26,16:06:17,NS014,C00461,P0044,1,279,5,265.05,Debit Card
TXN0002862,21-07-2025,19:10:16,NS015,C00228,P0020,1,3999,10,3599.1,Credit Card
TXN0001246,28-01-2025,13:46:46,NS006,C00273,P0009,1,2199,10,1979.1,Credit Card
TXN0005431,2025-02-26,21:49:21,NS008,C00022,P0043,2,349,20,558.4,Cash
TXN0000313,2025-03-14,11:05:04,NS008,C00371,P0014,2,899,0,1798.0,Debit Card
TXN0005425,26/08/2025,13:15:10,NS007,C00479,P0017,3,1199,5,3417.15,Debit Card
TXN0001578,2025-06-08,09:12:40,NS005,C00013,P0005,3,1899,0,5697.0,Credit Card
TXN0002557,2025-08-21,18:55:19,NS013,C00438,P0045,1,499,5,474.05,Wallet
TXN0000798,19-08-2025,19:10:56,NS001,C00352,P0033,3,999,0,2997.0,Wallet
TXN0001759,2025-06-12,21:57:44,NS005,C00044,P0023,2,159,0,318.0,Debit Card
TXN0001317,07/20/2025,19:19:38,NS013,C00194,P0046,2,199,15,338.3,Credit Card
TXN0004337,01/02/2025,13:29:52,NS011,C00168,P0036,4,349,5,1326.2,Cash
TXN0005616,2025-04-27,14:44:30,NS012,C00275,P0008,4,3499,10,12596.4,Debit Card
TXN0005563,17/12/2025,17:58:42,NS007,C00503,P0005,2,1899,5,3608.1,UPI
TXN0000086,2025-09-23,14:45:23,NS009,C00495,P0046,2,199,20,318.4,Credit Card
TXN0004114,2025-11-30,20:15:37,NS006,C00300,P0016,3,999,20,2397.6,Wallet
TXN0001127,2025-05-25,10:18:01,NS013,C00405,P0041,5,249,0,1245.0,Credit Card
TXN0004513,04/14/2025,09:29:39,NS012,C00129,P0026,3,299,15,762.45,Cash
TXN0004253,2025-09-24,14:48:53,NS002,C00257,P0016,3,999,0,2997.0,Credit Card
TXN0006368,2025-01-06,12:33:51,NS004,C00299,P0012,2,1499,0,2998.0,UPI
TXN0002919,06/02/2025,12:45:58,NS007,C00369,P0039,1,179,0,179.0,Credit Card
TXN0005780,2025-12-28,21:11:05,NS008,C00464,P0033,3,999,5,2847.15,Credit Card
TXN0005667,17/08/2025,19:02:19,NS002,C00315,P0032,1,799,5,759.05,Cash
TXN0001856,24/12/2025,18:41:23,NS007,C00314,P0030,3,399,5,1137.15,Debit Card
TXN0003528,2025-07-13,17:14:09,NS002,C00206,P0001,3,2499,5,7122.15,UPI
TXN0001036,02/02/2025,10:53:48,NS007,C00516,P0013,1,1299,0,1299.0,UPI
TXN0004046,2025-07-11,15:37:38,NS015,C00218,P0014,1,899,20,719.2,Debit Card
TXN0005686,2025-11-17,09:30:49,NS012,C00179,P0037,2,699,0,1398.0,UPI
TXN0000862,2025-01-05,11:49:17,NS009,C00022,P0033,5,999,0,4995.0,Debit Card
TXN0002482,08/15/2025,21:55:17,NS010,C00231,P0040,1,599,5,569.05,UPI
TXN0005011,19/09/2025,17:00:31,NS015,C00200,P0040,1,599,0,599.0,Credit Card
TXN0004572,2025-12-11,18:47:41,NS010,C00244,P0005,3,1899,0,5697.0,Credit Card
TXN0003961,07/19/2025,12:31:16,NS015,C00274,P0048,5,399,5,1895.25,Credit Card
TXN0004689,2025-11-02,13:26:17,NS009,C00339,P0021,3,599,0,1797.0,Debit Card
TXN0004382,2025-05-28,09:40:25,NS014,C00266,P0035,2,449,20,718.4,Debit Card
TXN0005498,13/09/2025,15:52:21,NS008,C00054,P0029,2,199,10,358.2,Credit Card
TXN0002115,2025-12-16,20:14:03,NS015,C00269,P0046,1,199,20,159.2,Debit Card
TXN0004827,2025-06-26,10:28:21,NS006,C00002,P0017,2,1199,0,2398.0,Debit Card
TXN0004190,01/13/2025,12:53:19,NS013,C00098,P0019,2,799,20,1278.4,Credit Card
TXN0004538,06/30/2025,14:35:52,NS013,C00240,P0014,3,899,20,2157.6,Wallet
TXN0005421,2025-03-12,21:04:21,NS011,C00099,P0009,3,2199,10,5937.3,Cash
TXN0004593,10/09/2025,18:00:15,NS003,C00096,P0029,2,199,5,378.1,Wallet
TXN0005268,22-05-2025,11:47:06,NS003,C00354,P0046,3 pcs,199,15,507.45,Cash
TXN0001514,15/02/2025,19:20:47,NS009,C00022,P0049,4,199,0,796.0,Credit Card
TXN0006208,14/10/2025,19:08:52,NS014,C00347,P0017,2,1199,20,1918.4,Debit Card
TXN0000243,2025-03-15,12:29:58,NS011,C00413,P0007,5,799,0,3995.0,Cash
TXN0003244,2025-03-18,20:01:00,NS010,C00061,P0031,1,1299,0,1299.0,Cash
TXN0000903,2025-02-17,14:09:02,NS015,C00144,P0016,3,999,20,2397.6,Credit Card
TXN0001731,05/06/2025,11:44:32,NS012,C00516,P0049,2,199,15,338.3,Cash
TXN0003103,2025-09-09,17:07:07,NS003,C00162,P0026,3,299,0,897.0,Credit Card
TXN0003067,21-08-2025,18:12:51,NS003,C00247,P0024,1,449,0,449.0,UPI
TXN0006148,2025-09-13,21:53:05,NS011,C00494,P0023,2,159,5,302.1,Cash
TXN0003469,2025-10-03,13:31:56,NS001,C00071,P0033,3,999,20,2397.6,Debit Card
TXN0002429,2025-02-04,11:59:26,NS013,C00488,P0003,3,4999,20,11997.6,Debit Card
TXN0004364,26/08/2025,18:05:32,NS014,C00325,P0002,2,3299,0,6598.0,Credit Card
TXN0004705,2025-02-26,13:32:14,NS003,C00257,P0049,3,199,0,597.0,Wallet
TXN0000735,2025-04-09,13:05:58,NS008,C00087,P0043,2,349,0,698.0,Cash
TXN0002671,31-03-2025,13:08:35,NS011,C00370,P0016,2,999,5,1898.1,Cash
TXN0003511,2025-09-21,12:36:44,NS011,C00374,P0049,5,199,0,995.0,Debit Card
TXN0002535,12-04-2025,17:06:07,NS014,C00107,P0020,1,3999,10,3599.1,Cash
TXN0004029,17-07-2025,09:08:49,NS006,C00250,P0025,3,49,20,117.6,UPI
TXN0005035,12/07/2025,21:16:46,NS007,C00115,P0019,2,799,0,1598.0,Wallet
TXN0002588,2025-08-20,10:04:04,NS008,C00222,P0026,2,299,0,598.0,UPI
TXN0005800,22/08/2025,12:06:59,NS003,C00210,P0015,1,1799,10,1619.1,UPI
TXN0004761,2025-07-28,17:27:22,NS004,C00083,P0018,3,2499,0,7497.0,Credit Card
TXN0005947,2025-05-13,09:48:18,NS008,C00216,P0002,3,3299,20,7917.6,Wallet
TXN0000786,09/02/2025,09:54:01,NS010,C00052,P0001,3,2499,0,7497.0,Credit Card
TXN0004819,2025-06-23,12:58:33,NS007,C00114,P0015,2,1799,20,2878.4,Credit Card
TXN0004431,2025-02-23,20:42:09,NS011,C00305,P0021,3,599,20,1437.6,Cash
TXN0002666,21/09/2025,16:58:09,NS009,C00314,P0010,4,599,0,2396.0,Wallet
TXN0006022,2025-07-16,21:56:27,NS012,C00502,P0029,2,199,0,398.0,Wallet
TXN0006038,2025-07-25,19:02:03,NS003,C00164,P0001,1,2499,0,2499.0,Debit Card
TXN0002319,11/20/2025,15:01:51,NS007,C00045,P0019,3,799,0,2397.0,UPI
TXN0003796,12/26/2025,20:35:55,NS013,C00428,P0032,3,799,0,2397.0,Credit Card
TXN0002063,15-12-2025,11:49:15,NS004,C00456,P0042,3,299,0,897.0,Cash
TXN0001517,2025-03-04,15:02:36,NS001,C00336,P0035,1,449,0,449.0,Cash
TXN0002130,10/10/2025,18:04:52,NS003,C00361,P0026,2,299,0,598.0,Wallet
TXN0004063,2025-07-26,19:11:32,NS011,C00070,P0028,5,25,15,106.25,Cash
TXN0004745,03-03-2025,21:21:17,NS011,C00361,P0022,3,189,20,453.6,Wallet
TXN0001925,2025-02-06,19:19:17,NS014,C00414,P0008,2,3499,5,6648.1,Cash
TXN0001291,2025-12-14,16:21:48,NS015,C00462,P0021,5,599,0,2995.0,Cash
TXN0004075,20/11/2025,12:45:04,NS005,C00172,P0008,2 pcs,3499,10,6298.2,Debit Card
TXN0003025,2025-10-12,09:49:39,NS011,C00249,P0005,4,1899,0,7596.0,Wallet
TXN0000642,20-07-2025,19:26:25,NS010,C00199,P0016,3,999,0,2997.0,UPI
TXN0002153,2025-06-25,10:08:58,NS008,C00272,P0050,3,1499,0,4497.0,UPI
TXN0002731,03/05/2025,13:20:37,NS014,C00286,P0011,4,599,5,2276.2,Cash
TXN0002005,2025-05-07,09:52:54,NS013,C00322,P0013,2,1299,20,2078.4,UPI
TXN0004699,2025-05-21,09:47:04,NS009,C00104,P0016,3,999,15,2547.45,Cash
TXN0002960,2025-10-30,12:44:58,NS004,C00421,P0018,2,2499,20,3998.4,Cash
TXN0000078,2025-05-29,19:37:58,NS013,C00369,P0003,1 pcs,4999,0,4999.0,UPI
TXN0001065,20/08/2025,17:29:51,NS013,C00037,P0045,3,499,20,1197.6,Cash
TXN0002876,17/03/2025,12:45:10,NS013,C00375,P0002,2,3299,0,6598.0,Wallet
TXN0003733,2025-10-30,15:48:05,NS008,C00447,P0043,2,349,10,628.2,Wallet
TXN0006032,22-07-2025,10:29:25,NS013,C00261,P0037,3,699,10,1887.3,Debit Card
TXN0000834,06/15/2025,18:12:22,NS005,C00197,P0022,5,189,15,803.25,Credit Card
TXN0003684,09-08-2025,20:27:29,NS014,C00052,P0028,4,25,20,80.0,Credit Card
TXN0001175,2025-10-07,17:36:50,NS013,C00228,P0018,3,2499,15,6372.45,Wallet
TXN0003429,2025-08-29,19:06:02,NS006,C00224,P0039,2,179,0,358.0,Credit Card
TXN0002224,2025-07-22,18:16:22,NS005,C00101,P0014,3,899,5,2562.15,Credit Card
TXN0003239,07/17/2025,18:42:50,NS007,C00352,P0014,2,899,0,1798.0,Credit Card
TXN0001390,2025-07-09,21:37:08,NS014,C00129,P0003,1,4999,0,4999.0,Cash
TXN0003845,2025-07-24,18:53:33,NS004,C00490,P0023,2,159,10,286.2,Cash
TXN0004569,2025-12-24,12:31:57,NS002,C00192,P0010,1,599,20,479.2,UPI
TXN0005115,20/09/2025,16:55:52,NS007,C00167,P0005,4,1899,20,6076.8,Wallet
TXN0000381,24-12-2025,16:26:52,NS007,C00152,P0002,2,3299,20,5278.4,Cash
TXN0000027,2025-08-31,11:35:23,NS015,C00122,P0039,4,179,0,716.0,Cash
TXN0002799,07/27/2025,20:47:15,NS001,C00278,P0050,5,1499,5,7120.25,Wallet
TXN0005097,2025-08-12,13:57:27,NS012,C00369,P0007,3,799,5,2277.15,Debit Card
TXN0005887,2025-12-11,18:06:51,NS005,C00230,P0031,1,1299,10,1169.1,UPI
TXN0004620,07/13/2025,15:38:48,NS001,C00123,P0017,3,1199,15,3057.45,Cash
TXN0000797,12/12/2025,14:27:05,NS010,C00260,P0009,2,2199,10,3958.2,Debit Card
TXN0005988,2025-04-03,17:59:03,NS003,C00242,P0047,3,449,0,1347.0,Cash
TXN0000018,17/02/2025,13:33:21,NS013,C00164,P0002,1,3299,5,3134.05,
TXN0000894,2025-05-26,16:38:54,NS005,C00162,P0042,3,299,0,897.0,Debit Card
TXN0002723,2025-06-19,17:22:45,NS010,C00482,P0014,1,899,0,899.0,Debit Card
TXN0000166,2025-05-29,10:21:47,NS010,C00193,P0048,1,399,10,359.1,UPI
TXN0005184,2025-03-12,21:17:31,NS002,C00316,P0012,2,1499,0,2998.0,UPI
TXN0003563,2025-04-08,13:55:39,NS001,C00316,P0029,3,199,15,507.45,
TXN0005136,2025-03-15,17:49:54,NS012,C00439,P0018,1,2499,20,1999.2,Wallet
TXN0002202,09/19/2025,09:13:24,NS009,C00237,P0001,1,2499,5,2374.05,Wallet
TXN0000136,2025-03-27,15:32:39,NS012,C00444,P0049,1,199,20,159.2,Cash
TXN0000074,04/11/2025,18:36:21,NS010,C00307,P0027,2,249,0,498.0,Cash
TXN0006393,2025-04-15,19:37:38,NS007,C00473,P0015,1,1799,0,1799.0,Cash
TXN0003255,24/01/2025,20:16:58,NS007,C00150,P0007,2,799,15,1358.3,Credit Card
TXN0001594,2025-05-13,17:26:05,NS008,C00420,P0035,1,449,0,449.0,Credit Card
TXN0000315,2025-04-03,11:42:36,NS011,C00033,P0008,2,3499,10,6298.2,Debit Card
TXN0005326,10/09/2025,21:07:26,NS005,C00285,P0046,2,199,15,338.3,Wallet
TXN0001990,08/02/2025,10:58:21,NS004,C00340,P0004,4,1499,15,5096.6,UPI
TXN0003066,2025-10-24,16:04:49,NS002,C00183,P0006,3,399,0,1197.0,Debit Card
TXN0000062,2025-05-08,14:19:04,NS011,C00100,P0002,2,3299,15,5608.3,Cash
TXN0006458,2025-11-22,12:34:13,NS014,C00420,P0033,5,999,10,4495.5,Debit Card
TXN0005761,2025-11-13,11:55:56,NS006,C00484,P0047,3,449,10,1212.3,Cash
TXN0005553,2025-10-25,14:05:01,NS001,C00172,P0011,4,599,0,2396.0,Credit Card
TXN0005090,2025-03-26,12:41:51,NS009,C00255,P0017,1,1199,0,1199.0,Debit Card
TXN0001446,2025-02-01,12:47:10,NS009,C00345,P0013,5,1299,15,5520.75,UPI
TXN0002889,05/10/2025,20:39:31,NS015,C00105,P0017,1,1199,0,1199.0,Credit Card
TXN0003183,04/09/2025,10:49:34,NS011,C00334,P0016,3,999,15,2547.45,UPI
TXN0002599,2025-03-10,14:02:09,NS012,C00237,P0001,3,2499,0,7497.0,Credit Card
TXN0006131,11-08-2025,18:42:54,NS002,C00494,P0036,1,349,10,314.1,Credit Card
TXN0003245,15/10/2025,16:05:55,NS003,C00125,P0034,3,299,5,852.15,Credit Card
TXN0001408,2025-01-29,11:58:14,NS012,C00265,P0032,1,799,0,799.0,Cash
TXN0002937,25/07/2025,15:02:56,NS005,C00361,P0015,1,1799,0,1799.0,
TXN0001837,2025-07-19,16:20:27,NS010,C00072,P0013,5,1299,0,6495.0,Cash
TXN0003740,27/09/2025,17:30:20,NS007,C00318,P0023,1,159,10,143.1,Wallet
TXN0000189,06-12-2025,12:02:12,NS003,C00307,P0014,2,899,0,1798.0,Wallet
TXN0004117,04/12/2025,14:16:16,NS013,C00508,P0036,3,349,0,1047.0,Debit Card
TXN0003328,21/09/2025,15:41:30,NS015,C00457,P0022,3,189,15,481.95,Credit Card
TXN0003366,26/05/2025,13:27:39,NS002,C00117,P0030,3,399,0,1197.0,Wallet
TXN0002699,26-06-2025,18:53:57,NS003,C00434,P0029,2,199,20,318.4,Wallet
TXN0000240,19-11-2025,21:25:09,NS008,C00238,P0047,3,449,15,1144.95,Credit Card
TXN0005202,16-08-2025,11:31:32,NS005,C00487,P0013,3,1299,5,3702.15,Debit Card
TXN0005570,12/05/2025,10:39:09,NS012,C00396,P0021,3,599,10,1617.3,Cash
TXN0001096,18/03/2025,11:23:54,NS009,C00172,P0024,2,449,0,898.0,Cash
TXN0002470,2025-04-27,11:18:56,NS003,C00416,P0025,2,49,0,98.0,Credit Card
TXN0005855,2025-06-25,09:28:57,NS014,C00422,P0017,2,1199,0,2398.0,Wallet
TXN0006236,02-03-2025,11:34:36,NS002,C00254,P0002,3,3299,0,9897.0,
TXN0003046,23/11/2025,19:27:16,NS011,C00262,P0039,3,179,0,537.0,Debit Card
TXN0004853,29/05/2025,21:03:35,NS003,C00302,P0006,1,399,0,399.0,Cash
TXN0004723,27/08/2025,17:43:55,NS011,C00029,P0024,2,449,0,898.0,UPI
TXN0004083,10/08/2025,10:20:49,NS005,C00107,P0015,5,1799,0,8995.0,Debit Card
TXN0005904,22/01/2025,11:29:09,NS004,C00343,P0009,2,2199,5,4178.1,UPI
TXN0001634,18-06-2025,11:14:37,NS006,C00510,P0033,1,999,10,899.1,Credit Card
TXN0001105,2025-06-16,11:36:36,NS015,C00220,P0048,2,399,0,798.0,Cash
TXN0004138,2025-10-11,18:59:45,NS014,C00145,P0050,4,1499,20,4796.8,Cash
TXN0004957,01/29/2025,17:03:03,NS006,C00283,P0019,1,799,0,799.0,Debit Card
TXN0003256,2025-12-06,13:38:55,NS004,C00294,P0007,4,799,15,2716.6,Debit Card
TXN0000891,2025-01-02,09:08:18,NS014,C00376,P0044,3,279,10,753.3,Wallet
TXN0001674,2025-03-25,12:25:58,NS003,C00437,P0009,1,2199,0,2199.0,Credit Card
TXN0005567,2025-04-02,09:21:48,NS011,C00089,P0024,2,449,15,763.3,Debit Card
TXN0005026,25/02/2025,11:13:04,NS006,C00250,P0040,2,599,0,1198.0,Wallet
TXN0004182,18/03/2025,20:14:09,NS005,C00241,P0017,3,1199,0,3597.0,Cash
TXN0005958,08/15/2025,12:13:04,NS003,C00210,P0045,3,499,15,1272.45,Credit Card
TXN0006126,23-05-2025,21:05:47,NS013,C00023,P0047,2,449,15,763.3,Debit Card
TXN0004403,2025-02-23,11:52:40,NS004,C00054,P0013,3,1299,0,3897.0,Cash
TXN0000838,2025-05-06,20:17:59,NS010,C00471,P0035,2,449,0,898.0,Credit Card
TXN0001026,2025-04-25,11:49:27,NS007,C00057,P0027,3,249,0,747.0,Wallet
TXN0005299,2025-07-19,11:24:38,NS009,C00419,P0046,2,199,0,398.0,Cash
TXN0002454,2025-09-10,12:44:35,NS004,C00408,P0035,3,449,0,1347.0,Debit Card
TXN0005970,01/07/2025,17:37:31,NS006,C00500,P0046,3,199,5,567.15,UPI
TXN0001706,2025-12-04,12:43:07,NS004,C00203,P0027,1,249,0,249.0,Wallet
TXN0003643,22/03/2025,19:07:44,NS014,C00422,P0037,3 pcs,699,0,2097.0,Credit Card
TXN0000454,12/03/2025,12:43:12,NS005,C00482,P0010,2,599,0,1198.0,Debit Card
TXN0005796,03/22/2025,10:37:29,NS014,C00405,P0048,4,399,0,1596.0,Debit Card
TXN0003984,2025-11-07,19:40:19,NS011,C00524,P0016,3,999,20,2397.6,UPI
TXN0005650,2025-09-13,21:37:28,NS001,C00414,P0034,2,299,0,598.0,Wallet
TXN0004876,29/01/2025,16:48:38,NS007,C00217,P0014,3,899,0,2697.0,UPI
TXN0004501,2025-07-14,19:54:31,NS007,C00238,P0019,2,799,0,1598.0,UPI
TXN0003191,02/04/2025,21:11:18,NS007,C00109,P0045,2,499,10,898.2,Debit Card
TXN0003422,2025-03-30,15:56:05,NS005,C00303,P0010,3,599,0,1797.0,Debit Card
TXN0006166,2025-09-17,15:51:23,NS010,C00003,P0048,3,399,0,1197.0,Debit Card
TXN0001626,01/24/2025,19:33:49,NS005,C00161,P0019,1,799,0,799.0,Wallet
TXN0005247,2025-04-08,14:58:16,NS002,C00269,P0009,1,2199,15,1869.15,UPI
TXN0002773,2025-08-08,17:58:13,NS009,C00501,P0013,2,1299,0,2598.0,UPI
TXN0003944,2025-07-12,17:16:58,NS005,C00285,P0025,5,49,15,208.25,Credit Card
TXN0001222,2025-04-30,10:55:46,NS010,C00391,P0046,2,199,0,398.0,Credit Card
TXN0004065,2025-03-25,17:43:17,NS007,C00331,P0033,1,999,15,849.15,Wallet
TXN0003603,2025-08-14,20:58:27,NS007,C00297,P0036,1,349,0,349.0,Cash
TXN0005873,28-07-2025,17:24:46,NS010,C00312,P0040,1,599,20,479.2,Wallet
TXN0004477,2025-07-04,15:48:24,NS005,C00513,P0031,3,1299,0,3897.0,Debit Card
TXN0004420,12/02/2025,12:16:59,NS004,C00281,P0037,1,699,15,594.15,UPI
TXN0003557,29/08/2025,16:48:55,NS012,C00190,P0027,3,249,0,747.0,Wallet
TXN0000317,12/01/2025,21:09:13,NS014,C00374,P0008,2,3499,0,6998.0,Credit Card
TXN0002489,07/09/2025,14:22:20,NS009,C00511,P0004,5,1499,5,7120.25,Cash
TXN0001736,2025-11-12,18:52:34,NS015,C00164,P0032,1,799,0,799.0,Debit Card
TXN0001474,01/09/2025,14:24:18,NS002,C00268,P0050,3,1499,0,4497.0,Debit Card
TXN0003974,2025-01-10,21:30:19,NS004,C00183,P0028,3,25,0,75.0,Credit Card
TXN0003381,06/23/2025,12:20:20,NS012,C00008,P0006,2,399,0,798.0,Debit Card
TXN0006370,2025-03-07,16:51:52,NS013,C00100,P0027,3,249,5,709.65,Cash
TXN0003867,2025-01-15,12:41:56,NS001,C00117,P0007,3,799,0,2397.0,Debit Card
TXN0002549,03-01-2025,16:31:48,NS014,C00228,P0042,2,299,10,538.2,Wallet
TXN0004039,16/11/2025,14:58:31,NS006,C00306,P0031,2,1299,0,2598.0,Wallet
TXN0005511,20/06/2025,18:51:38,NS003,C00047,P0031,1,1299,0,1299.0,UPI
TXN0000920,2025-11-20,14:54:24,NS013,C00443,P0007,3,799,15,2037.45,UPI
TXN0001186,22/07/2025,17:28:19,NS015,C00519,P0025,3,49,5,139.65,Cash
TXN0000530,2025-01-07,11:36:32,NS007,C00466,P0001,2,2499,15,4248.3,Debit Card
TXN0003241,2025-10-12,09:42:51,NS010,C00371,P0004,4,1499,0,5996.0,UPI
TXN0002841,2025-03-07,15:27:27,NS015,C00415,P0041,3,249,0,747.0,Debit Card
TXN0003146,2025-06-26,15:22:18,NS015,C00067,P0028,3,25,0,75.0,Wallet
TXN0000226,28/09/2025,12:41:17,NS004,C00394,P0006,1,399,0,399.0,Wallet
TXN0006205,10/07/2025,19:32:23,NS013,C00340,P0005,1,1899,0,1899.0,Cash
TXN0003127,2025-02-04,15:44:48,NS015,C00328,P0036,1,349,20,279.2,Wallet
TXN0000324,2025-06-15,11:22:15,NS002,C00221,P0043,3,349,10,942.3,UPI
TXN0006041,2025-01-12,13:52:41,NS014,C00027,P0037,3,699,0,2097.0,Cash
TXN0004579,2025-04-07,15:31:30,NS008,C00530,P0015,3,1799,15,4587.45,Debit Card
TXN0003346,23-03-2025,20:22:57,NS012,C00017,P0034,3,299,10,807.3,Wallet
TXN0002327,2025-11-12,17:01:13,NS006,C00125,P0049,3,199,5,567.15,Wallet
TXN0001663,2025-04-26,20:10:48,NS008,C00185,P0035,1,449,0,449.0,Wallet
TXN0005346,14-03-2025,13:31:48,NS008,C00176,P0006,1,399,15,339.15,UPI
TXN0000557,19/10/2025,19:05:23,NS001,C00399,P0036,5,349,0,1745.0,UPI
TXN0004855,2025-01-22,19:47:36,NS004,C00298,P0008,2,3499,20,5598.4,UPI
TXN0004714,2025-08-28,10:03:53,NS006,C00082,P0023,3,159,20,381.6,Wallet
TXN0003816,05/10/2025,09:32:57,NS005,C00177,P0045,1,499,20,399.2,UPI
TXN0006085,15/10/2025,13:49:41,NS013,C00018,P0020,1,3999,15,3399.15,UPI
TXN0000469,07/02/2025,20:48:46,NS007,C00021,P0001,3,2499,0,7497.0,Cash
TXN0000428,2025-05-25,14:38:50,NS006,C00344,P0027,3,249,20,597.6,Credit Card
TXN0005534,2025-12-21,13:06:17,NS013,C00458,P0043,4,349,0,1396.0,Debit Card
TXN0002023,21/08/2025,13:07:46,NS006,C00351,P0016,2,999,0,1998.0,Credit Card
TXN0000511,2025-07-06,19:33:28,NS014,C00175,P0003,5 pcs,4999,15,21245.75,UPI
TXN0004922,23/01/2025,17:51:49,NS011,C00229,P0041,1,249,0,249.0,Debit Card
TXN0002733,26-04-2025,12:36:32,NS001,C00121,P0016,5,999,20,3996.0,Cash
TXN0002455,26-01-2025,13:21:28,NS010,C00158,P0015,2,1799,15,3058.3,Debit Card
TXN0003175,2025-12-14,14:27:48,NS014,C00476,P0009,1,2199,20,1759.2,Debit Card
TXN0005214,2025-02-09,16:14:12,NS008,C00436,P0034,3,299,0,897.0,Wallet
TXN0001819,22-02-2025,11:19:34,NS007,C00032,P0029,1,199,5,189.05,Debit Card
TXN0005018,13-09-2025,21:38:49,NS013,C00297,P0028,3,25,10,67.5,Credit Card
TXN0004369,11/05/2025,09:37:10,NS013,C00216,P0007,5,799,10,3595.5,Cash
TXN0005343,09-06-2025,17:43:58,NS003,C00032,P0039,3,179,20,429.6,UPI
TXN0002526,27/09/2025,21:17:31,NS011,C00035,P0038,5,149,15,633.25,UPI
TXN0004140,14/06/2025,17:09:22,NS002,C00122,P0002,2,3299,0,6598.0,Wallet
TXN0000579,2025-06-05,12:15:37,NS013,C00489,P0030,1,399,0,399.0,Credit Card
TXN0006200,12/01/2025,09:00:47,NS008,C00470,P0040,4,599,5,2276.2,UPI
TXN0006202,06-05-2025,21:37:39,NS002,C00193,P0034,2,299,5,568.1,Cash
TXN0000968,2025-02-07,10:27:14,NS012,C00171,P0018,3,2499,10,6747.3,Debit Card
TXN0000107,2025-08-17,15:38:51,NS004,C00337,P0037,4,699,20,2236.8,Debit Card
TXN0005025,09/04/2025,10:58:19,NS015,C00092,P0008,1,3499,10,3149.1,Wallet
TXN0000321,04/16/2025,16:27:56,NS008,C00434,P0039,3,179,5,510.15,Credit Card
TXN0002956,07/05/2025,16:39:12,NS003,C00501,P0030,1,399,0,399.0,Cash
TXN0003471,14-12-2025,15:31:09,NS013,C00352,P0003,2,4999,0,9998.0,Cash
TXN0005441,27/07/2025,13:14:47,NS011,C00246,P0023,4,159,0,636.0,UPI
TXN0001095,09/13/2025,20:59:14,NS007,C00460,P0041,4,249,5,946.2,Debit Card
TXN0005671,07/06/2025,15:44:15,NS004,C00012,P0050,5,1499,5,7120.25,Debit Card
TXN0001549,20-07-2025,15:46:08,NS002,C00370,P0013,4,1299,0,5196.0,Cash
TXN0001839,17/11/2025,11:58:08,NS008,C00461,P0030,2,399,0,798.0,UPI
TXN0004592,2025-07-24,10:48:40,NS009,C00113,P0048,2,399,0,798.0,Debit Card
TXN0002748,02/09/2025,18:36:03,NS012,C00028,P0019,2,799,5,1518.1,Cash
TXN0004736,02/04/2025,13:21:51,NS009,C00293,P0046,2,199,0,398.0,Debit Card
TXN0001816,2025-10-13,17:07:45,NS009,C00399,P0023,3,159,10,429.3,Wallet
TXN0001859,26-01-2025,09:36:56,NS003,C00428,P0006,4,399,15,1356.6,UPI
TXN0005538,2025-03-25,11:08:16,NS003,C00444,P0013,2,1299,0,2598.0,Debit Card
TXN0002696,2025-05-25,19:16:38,NS012,C00287,P0029,3,199,15,507.45,Cash
TXN0000685,01/03/2025,10:21:15,NS006,C00145,P0016,4,999,0,3996.0,Debit Card
TXN0005755,04/09/2025,16:10:38,NS012,C00273,P0004,3,1499,0,4497.0,Debit Card
TXN0000082,2025-03-02,11:50:12,NS004,C00388,P0045,3,499,10,1347.3,Wallet
TXN0004945,21/02/2025,17:33:22,NS013,C00520,P0037,3,699,0,2097.0,Wallet
TXN0001864,2025-05-11,11:11:57,NS005,C00310,P0017,1,1199,20,959.2,Credit Card
TXN0002389,2025-03-27,19:42:10,NS006,C00163,P0025,1,49,0,49.0,Wallet
TXN0002559,2025-11-15,16:42:51,NS007,C00465,P0043,1,349,5,331.55,Cash
TXN0003208,13/04/2025,19:08:20,NS013,C00435,P0008,1,3499,15,2974.15,Cash
TXN0002532,08/21/2025,21:05:55,NS009,C00128,P0007,3,799,0,2397.0,Credit Card
TXN0001965,2025-01-15,16:51:13,NS008,C00134,P0025,1,49,20,39.2,UPI
TXN0000857,16/02/2025,11:05:39,NS012,C00052,P0017,1,1199,5,1139.05,Debit Card
TXN0001952,31/03/2025,20:51:37,NS006,C00254,P0028,2,25,20,40.0,UPI
TXN0006332,12/23/2025,18:20:18,NS001,C00144,P0013,1,1299,0,1299.0,Credit Card
TXN0004747,20/11/2025,14:13:01,NS001,C00073,P0032,1,799,0,799.0,Credit Card
TXN0000132,15/07/2025,11:28:40,NS001,C00067,P0032,1,799,0,799.0,Cash
TXN0006087,08/06/2025,17:48:22,NS001,C00150,P0044,3,279,15,711.45,Cash
TXN0005768,28/03/2025,20:07:31,NS007,C00281,P0035,1,449,0,449.0,Debit Card
TXN0003691,2025-09-27,09:14:45,NS007,C00195,P0034,2,299,15,508.3,Wallet
TXN0001804,2025-02-02,20:04:52,NS010,C00348,P0047,2,449,5,853.1,Debit Card
TXN0005587,2025-04-01,18:29:02,NS011,C00224,P0002,2,3299,0,6598.0,Debit Card
TXN0001090,2025-09-15,18:58:07,NS002,C00439,P0022,1,189,0,189.0,Cash
TXN0006267,04/01/2025,20:42:41,NS003,C00399,P0023,2,159,20,254.4,Cash
TXN0001841,2025-08-15,17:23:03,NS004,C00388,P0003,2,4999,10,8998.2,UPI
TXN0000621,2025-09-12,15:40:23,NS015,C00272,P0040,2,599,0,1198.0,Cash
TXN0005829,2025-09-10,10:38:13,NS003,C00369,P0009,3,2199,15,5607.45,Debit Card
TXN0003744,2025-04-30,16:28:17,NS012,C00419,P0015,1,1799,20,1439.2,Wallet
TXN0003134,11/13/2025,17:33:25,NS007,C00373,P0040,2,599,0,1198.0,Wallet
TXN0000173,07/09/2025,13:52:42,NS015,C00164,P0002,5,3299,15,14020.75,Credit Card
TXN0002852,08/10/2025,15:46:46,NS001,C00453,P0014,3,899,0,2697.0,Debit Card
TXN0001237,2025-10-11,17:46:36,NS010,C00415,P0011,4,599,20,1916.8,Cash
TXN0003600,2025-02-23,17:06:34,NS001,C00198,P0028,5,25,0,125.0,Wallet
TXN0004710,2025-09-16,13:15:19,NS005,C00403,P0011,1,599,0,599.0,Debit Card
TXN0004595,2025-05-23,16:21:41,NS014,C00204,P0048,1,399,10,359.1,Debit Card
TXN0002797,2025-11-07,10:43:43,NS014,C00048,P0004,1,1499,20,1199.2,Cash
TXN0005581,2025-01-02,18:36:01,NS011,C00441,P0018,1,2499,0,2499.0,Cash
TXN0004342,07/21/2025,16:53:39,NS015,C00490,P0045,2,499,15,848.3,UPI
TXN0001976,01-10-2025,13:02:52,NS010,C00272,P0006,3,399,0,1197.0,Cash
TXN0001293,03/08/2025,11:51:00,NS015,C00145,P0030,3,399,10,1077.3,Wallet
TXN0002758,2025-09-05,19:13:44,NS009,C00095,P0040,1,599,20,479.2,Credit Card
TXN0005584,2025-05-20,14:45:34,NS004,C00193,P0006,3,399,10,1077.3,Debit Card
TXN0005639,27/01/2025,14:13:36,NS002,C00090,P0049,3,199,0,597.0,
TXN0000666,18/07/2025,20:50:23,NS013,C00270,P0028,2,25,10,45.0,UPI
TXN0002878,2025-06-30,11:02:36,NS014,C00272,P0003,3,4999,0,14997.0,UPI
TXN0003619,11/12/2025,18:56:25,NS001,C00300,P0007,3,799,10,2157.3,Wallet
TXN0004777,2025-12-11,18:04:48,NS002,C00079,P0032,3,799,10,2157.3,Cash
TXN0005356,2025-06-26,10:22:01,NS012,C00244,P0013,2,1299,5,2468.1,Wallet
TXN0005471,2025-04-23,21:15:01,NS010,C00505,P0021,1,599,0,599.0,Debit Card
TXN0002292,30-10-2025,13:29:46,NS012,C00513,P0022,1,189,5,179.55,Debit Card
TXN0005175,2025-08-08,13:29:04,NS010,C00192,P0032,3,799,0,2397.0,Credit Card
TXN0002813,2025-07-29,21:52:42,NS009,C00137,P0007,3,799,0,2397.0,Cash
TXN0002105,07/31/2025,15:54:18,NS011,C00246,P0010,1,599,0,599.0,Cash
TXN0004842,23/03/2025,20:31:40,NS012,C00477,P0002,2,3299,10,5938.2,Credit Card
TXN0004490,12/25/2025,19:30:51,NS008,C00393,P0020,3,3999,10,10797.3,Wallet
TXN0000745,2025-03-24,10:31:22,NS015,C00062,P0040,2,599,0,1198.0,Debit Card
TXN0004485,09/02/2025,18:29:54,NS015,C00474,P0047,1,449,0,449.0,Wallet
TXN0001654,22/03/2025,17:23:07,NS005,C00275,P0036,4,349,0,1396.0,Cash
TXN0001783,2025-04-18,12:19:46,NS003,C00301,P0020,2,3999,20,6398.4,Credit Card
TXN0004823,21-08-2025,21:38:19,NS014,C00001,P0043,3,349,15,889.95,Wallet
TXN0001919,2025-07-27,19:15:12,NS013,C00030,P0010,4,599,10,2156.4,Cash
TXN0001311,2025-11-03,19:56:52,NS011,C00076,P0031,2,1299,15,2208.3,Wallet
TXN0006446,2025-12-15,21:18:26,NS002,C00100,P0021,2,599,10,1078.2,UPI
TXN0003192,03/10/2025,13:06:56,NS001,C00319,P0036,2,349,15,593.3,Debit Card
TXN0002040,04/08/2025,14:03:22,NS003,C00483,P0042,2,299,0,598.0,UPI
TXN0005656,18/05/2025,11:07:04,NS010,C00267,P0022,4,189,0,756.0,Cash
TXN0002010,2025-10-12,16:18:46,NS015,C00132,P0036,1,349,0,349.0,Cash
TXN0005483,2025-02-01,09:56:52,NS002,C00234,P0016,1,999,0,999.0,Cash
TXN0003755,2025-02-10,17:17:32,NS008,C00456,P0024,2,449,0,898.0,
TXN0000544,2025-05-21,18:50:40,NS006,C00100,P0015,1,1799,0,1799.0,Credit Card
TXN0002342,27/02/2025,16:33:38,NS007,C00244,P0047,1 pcs,449,0,449.0,Wallet
TXN0000585,2025-08-29,11:04:48,NS007,C00312,P0007,2,799,10,1438.2,Wallet
TXN0001602,2025-07-02,21:11:01,NS007,C00284,P0019,3,799,0,2397.0,Cash
TXN0005615,2025-06-26,16:53:06,NS002,C00498,P0008,3,3499,0,10497.0,Cash
TXN0006204,2025-10-26,13:10:42,NS004,C00211,P0017,3,1199,0,3597.0,UPI
TXN0000175,12/23/2025,20:54:35,NS007,C00100,P0009,2,2199,0,4398.0,Credit Card
TXN0003360,2025-04-10,15:40:48,NS011,C00223,P0044,1,279,5,265.05,Cash
TXN0006318,2025-08-11,10:30:55,NS002,C00312,P0031,1,1299,0,1299.0,
TXN0005560,22-02-2025,10:23:37,NS015,C00064,P0016,4,999,5,3796.2,Wallet
TXN0006168,03/20/2025,09:34:24,NS014,C00065,P0044,1,279,0,279.0,Cash
TXN0005181,06/09/2025,18:13:52,NS013,C00488,P0037,2,699,0,1398.0,
TXN0000452,2025-06-17,14:17:29,NS011,C00526,P0044,1,279,10,251.1,Cash
TXN0003871,30-12-2025,16:35:52,NS003,C00298,P0005,1,1899,15,1614.15,Credit Card
TXN0005264,10-05-2025,12:50:39,NS015,C00413,P0047,3,449,5,1279.65,UPI
TXN0001823,2025-03-08,13:04:13,NS004,C00335,P0020,4,3999,5,15196.2,Cash
TXN0006231,2025-12-13,09:44:26,NS010,C00341,P0035,1,449,10,404.1,Cash
TXN0000077,05-04-2025,09:23:00,NS002,C00367,P0002,5,3299,0,16495.0,UPI
TXN0000222,01/02/2025,19:03:19,NS002,C00276,P0024,3,449,10,1212.3,Debit Card
TXN0004324,04/21/2025,10:43:10,NS002,C00203,P0018,3,2499,10,6747.3,Credit Card
TXN0001214,16-11-2025,14:54:14,NS015,C00313,P0001,1,2499,0,2499.0,Wallet
TXN0001429,2025-03-20,10:56:25,NS006,C00086,P0010,3,599,0,1797.0,Cash
TXN0000690,2025-01-22,10:19:57,NS010,C00178,P0042,2,299,0,598.0,Wallet
TXN0005113,02/23/2025,16:02:13,NS007,C00258,P0012,2,1499,20,2398.4,UPI
TXN0005144,2025-10-05,11:46:09,NS007,C00445,P0012,5,1499,0,7495.0,Cash
TXN0004111,26/05/2025,10:00:21,NS011,C00373,P0031,3,1299,0,3897.0,Credit Card
TXN0001728,2025-03-11,11:26:26,NS015,C00487,P0037,3,699,5,1992.15,Cash
TXN0001669,02/09/2025,21:52:19,NS015,C00244,P0040,1,599,5,569.05,Credit Card
TXN0003467,21/07/2025,13:19:27,NS005,C00330,P0010,1,599,0,599.0,Cash
TXN0003156,2025-03-29,14:37:21,NS006,C00104,P0013,2,1299,0,2598.0,Credit Card
TXN0005423,2025-04-28,09:49:34,NS014,C00463,P0032,2,799,10,1438.2,Cash
TXN0001079,14-06-2025,21:43:18,NS014,C00268,P0015,1,1799,0,1799.0,Credit Card
TXN0002272,25-08-2025,11:43:26,NS015,C00140,P0025,1,49,15,41.65,Debit Card
TXN0003674,14/06/2025,10:32:47,NS001,C00331,P0033,2,999,0,1998.0,Credit Card
TXN0000141,01/20/2025,10:24:59,NS010,C00167,P0013,2,1299,5,2468.1,Credit Card
TXN0004841,2025-07-19,11:35:23,NS008,C00268,P0003,3,4999,0,14997.0,Credit Card
TXN0001827,15/06/2025,16:16:40,NS011,C00472,P0026,5,299,0,1495.0,Credit Card
TXN0006342,17-09-2025,17:13:00,NS012,C00411,P0036,1,349,5,331.55,Wallet
TXN0003479,2025-05-03,15:40:00,NS006,C00380,P0021,1,599,15,509.15,Cash
TXN0006082,2025-10-24,12:24:51,NS015,C00477,P0029,1,199,10,179.1,UPI
TXN0004858,2025-12-07,11:14:04,NS009,C00386,P0030,5,399,0,1995.0,Cash
TXN0005960,2025-01-10,17:45:19,NS013,C00508,P0044,3,279,0,837.0,Debit Card
TXN0004764,09/07/2025,11:34:46,NS007,C00034,P0006,4 pcs,399,15,1356.6,Debit Card
TXN0001248,2025-07-07,09:45:36,NS001,C00051,P0005,3,1899,15,4842.45,UPI
TXN0002112,02/15/2025,09:46:02,NS010,C00054,P0034,5,299,0,1495.0,Cash
TXN0001140,23/01/2025,21:07:51,NS013,C00527,P0008,1,3499,0,3499.0,Cash
TXN0003518,27-05-2025,12:37:26,NS008,C00490,P0003,2,4999,5,9498.1,Debit Card
TXN0003141,2025-10-02,21:02:52,NS008,C00486,P0025,1,49,5,46.55,UPI
TXN0001142,22/01/2025,17:06:51,NS012,C00376,P0029,1,199,0,199.0,Wallet
TXN0002045,2025-03-12,19:33:46,NS005,C00525,P0024,2,449,0,898.0,Debit Card
TXN0001518,2025-05-26,11:19:13,NS012,C00473,P0014,2,899,0,1798.0,Credit Card
TXN0004797,2025-02-19,19:25:21,NS014,C00071,P0028,1,25,15,21.25,UPI
TXN0003577,19-09-2025,18:06:58,NS014,C00389,P0009,2,2199,5,4178.1,Cash
TXN0002381,2025-09-08,11:08:34,NS009,C00220,P0018,1,2499,0,2499.0,UPI
TXN0002624,01/25/2025,12:13:33,NS011,C00498,P0048,5,399,10,1795.5,UPI
TXN0002003,17-06-2025,17:12:22,NS010,C00305,P0003,1,4999,5,4749.05,Cash
TXN0003237,03-08-2025,18:11:05,NS014,C00353,P0008,1,3499,0,3499.0,UPI
TXN0004416,2025-04-25,13:31:58,NS008,C00155,P0022,3,189,15,481.95,Cash
TXN0002749,11-03-2025,19:15:57,NS003,C00333,P0020,2,3999,0,7998.0,Cash
TXN0005832,2025-12-19,20:01:46,NS015,C00228,P0043,2,349,20,558.4,Debit Card
TXN0004966,2025-07-21,21:45:43,NS005,C00507,P0025,1,49,0,49.0,
TXN0000129,05/02/2025,18:28:47,NS015,C00337,P0009,2,2199,10,3958.2,Cash
TXN0002287,09/01/2025,20:08:23,NS007,C00352,P0039,3,179,10,483.3,Cash
TXN0001835,31/03/2025,13:08:13,NS005,C00507,P0043,1,349,0,349.0,Wallet
TXN0001988,11-10-2025,10:02:58,NS011,C00512,P0020,5,3999,0,19995.0,Debit Card
TXN0003689,2025-09-10,21:11:29,NS008,C00259,P0024,2,449,10,808.2,Cash
TXN0005409,2025-12-01,09:03:09,NS002,C00285,P0039,3,179,0,537.0,Cash
TXN0001051,02/25/2025,16:47:50,NS008,C00526,P0011,1,599,0,599.0,
TXN0004659,04/09/2025,11:38:32,NS001,C00027,P0040,1,599,5,569.05,Cash
TXN0004487,16/05/2025,09:55:37,NS009,C00340,P0039,1,179,20,143.2,Cash
TXN0001825,2025-10-26,20:29:07,NS010,C00082,P0049,5,199,15,845.75,Debit Card
TXN0004868,2025-12-21,15:25:33,NS010,C00176,P0016,5,999,10,4495.5,Wallet
TXN0005066,2025-01-30,14:01:29,NS012,C00391,P0028,2,25,0,50.0,Debit Card
TXN0000783,31-10-2025,14:29:03,NS011,C00236,P0037,2,699,0,1398.0,Wallet
TXN0005133,02/01/2025,14:23:47,NS011,C00455,P0015,1,1799,5,1709.05,Wallet
TXN0005546,2025-01-01,15:11:11,NS001,C00308,P0013,3,1299,20,3117.6,Debit Card
TXN0005480,2025-02-15,16:05:57,NS008,C00463,P0043,1,349,0,349.0,Cash
TXN0002420,10/02/2025,16:48:15,NS001,C00234,P0015,1,1799,5,1709.05,Wallet
TXN0004002,2025-03-19,18:49:12,NS013,C00281,P0049,2,199,20,318.4,Wallet
TXN0000551,2025-07-22,10:36:18,NS003,C00163,P0050,3,1499,15,3822.45,Wallet
TXN0001984,2025-12-28,19:19:59,NS014,C00017,P0009,3,2199,20,5277.6,Cash
TXN0003231,07/29/2025,13:45:01,NS013,C00284,P0003,2,4999,15,8498.3,Credit Card
TXN0000931,23-10-2025,17:19:58,NS009,C00305,P0007,2,799,0,1598.0,Credit Card
TXN0001457,08/16/2025,10:29:58,NS009,C00114,P0023,5,159,15,675.75,Wallet
TXN0001386,2025-05-16,21:43:53,NS011,C00176,P0010,1,599,0,599.0,Wallet
TXN0003803,2025-05-24,17:03:40,NS010,C00518,P0040,4,599,0,2396.0,
TXN0001161,10/07/2025,21:05:15,NS006,C00526,P0039,3,179,20,429.6,UPI
TXN0005998,03-04-2025,16:17:20,NS011,C00464,P0018,2,2499,15,4248.3,Credit Card
TXN0000186,2025-03-04,18:13:41,NS003,C00090,P0036,2,349,0,698.0,Cash
TXN0001394,02/01/2025,15:51:05,NS015,C00224,P0005,2,1899,10,3418.2,Wallet
TXN0000736,07-03-2025,10:15:04,NS003,C00383,P0005,1,1899,0,1899.0,Cash
TXN0000572,28-10-2025,14:33:23,NS007,C00497,P0042,1,299,20,239.2,UPI
TXN0000978,26-03-2025,21:40:37,NS002,C00085,P0045,1,499,20,399.2,Cash
TXN0001754,2025-05-18,21:38:24,NS011,C00189,P0042,3,299,10,807.3,Wallet
TXN0003905,28/05/2025,10:10:13,NS003,C00130,P0012,1,1499,0,1499.0,Cash
TXN0006000,20-12-2025,15:18:54,NS013,C00207,P0024,2,449,20,718.4,Cash
TXN0004611,09/12/2025,16:57:14,NS007,C00038,P0040,1,599,10,539.1,Debit Card
TXN0006154,04/08/2025,10:48:08,NS015,C00048,P0003,2,4999,20,7998.4,Wallet
TXN0000672,27-12-2025,11:25:13,NS011,C00463,P0020,5,3999,5,18995.25,Credit Card
TXN0000391,2025-04-26,11:27:52,NS009,C00197,P0006,5,399,0,1995.0,Cash
TXN0005910,2025-03-12,16:49:21,NS013,C00221,P0040,1,599,0,599.0,UPI
TXN0002094,18-02-2025,21:45:57,NS007,C00124,P0044,3,279,20,669.6,Cash
TXN0005626,04/04/2025,09:10:21,NS013,C00220,P0012,2,1499,5,2848.1,Wallet
TXN0002787,29/04/2025,19:50:55,NS001,C00333,P0044,3,279,20,669.6,Cash
TXN0005702,03/17/2025,10:15:41,NS004,C00457,P0049,3,199,10,537.3,UPI
TXN0003275,11-07-2025,15:27:07,NS009,C00153,P0019,3,799,20,1917.6,Credit Card
TXN0001968,31-10-2025,21:49:28,NS007,C00189,P0021,3 pcs,599,5,1707.15,UPI
TXN0005679,18/05/2025,21:04:17,NS002,C00055,P0006,1,399,0,399.0,Cash
TXN0004017,11/02/2025,16:22:48,NS002,C00007,P0001,2,2499,20,3998.4,Wallet
TXN0003533,05/10/2025,19:26:29,NS007,C00441,P0003,4 pcs,4999,0,19996.0,Wallet
TXN0001590,2025-06-29,09:41:57,NS005,C00384,P0001,4,2499,15,8496.6,Debit Card
TXN0006025,2025-10-21,10:29:20,NS015,C00153,P0035,3,449,0,1347.0,Cash
TXN0001135,2025-03-08,13:33:41,NS015,C00110,P0022,3,189,5,538.65,UPI
TXN0002008,13-01-2025,10:39:18,NS015,C00338,P0016,2,999,0,1998.0,Wallet
TXN0001481,05/03/2025,14:15:13,NS015,C00302,P0029,1,199,5,189.05,Debit Card
TXN0005938,06/08/2025,09:42:47,NS014,C00157,P0020,2,3999,10,7198.2,Cash
TXN0001946,2025-03-14,11:17:02,NS001,C00328,P0015,3,1799,0,5397.0,UPI
TXN0004993,2025-11-23,15:51:36,NS013,C00147,P0029,3,199,0,597.0,Debit Card
TXN0004694,2025-01-22,12:38:16,NS003,C00015,P0003,3,4999,0,14997.0,Credit Card
TXN0005309,19/06/2025,10:44:43,NS003,C00158,P0003,2,4999,0,9998.0,UPI
TXN0003083,2025-07-08,13:25:11,NS014,C00013,P0031,3,1299,10,3507.3,Debit Card
TXN0000493,2025-12-28,13:53:33,NS006,C00081,P0039,2,179,0,358.0,Credit Card
TXN0005760,01/28/2025,10:03:53,NS008,C00373,P0012,3,1499,20,3597.6,Wallet
TXN0003582,2025-08-11,13:34:21,NS004,C00228,P0043,1,349,0,349.0,Debit Card
TXN0002670,06/06/2025,18:53:23,NS011,C00066,P0010,2,599,0,1198.0,Cash
TXN0004990,30/12/2025,21:46:33,NS015,C00273,P0003,1,4999,0,4999.0,Debit Card
TXN0000501,20/03/2025,11:55:54,NS003,C00085,P0027,1,249,0,249.0,Debit Card
TXN0005805,02/12/2025,09:04:09,NS002,C00083,P0017,3,1199,10,3237.3,UPI
TXN0004414,2025-12-03,09:06:16,NS011,C00018,P0040,2,599,0,1198.0,Debit Card
TXN0005793,19-09-2025,21:16:19,NS012,C00072,P0026,1,299,20,239.2,Debit Card
TXN0005065,2025-01-21,20:22:29,NS012,C00518,P0025,2,49,0,98.0,Debit Card
TXN0000772,03/25/2025,12:05:48,NS006,C00366,P0022,1,189,15,160.65,Credit Card
TXN0000807,2025-06-05,18:58:30,NS011,C00043,P0044,2,279,0,558.0,Debit Card
TXN0003305,2025-01-19,14:27:26,NS004,C00242,P0039,2,179,10,322.2,Cash
TXN0001375,2025-03-13,17:29:25,NS005,C00317,P0035,3,449,15,1144.95,Debit Card
TXN0005048,2025-06-22,15:37:19,NS005,C00226,P0036,4,349,20,1116.8,Cash
TXN0005357,25-01-2025,15:04:32,NS007,C00529,P0048,2,399,0,798.0,Credit Card
TXN0005978,2025-11-08,09:03:34,NS002,C00008,P0015,5,1799,0,8995.0,Cash
TXN0003862,09/02/2025,14:55:07,NS002,C00069,P0017,1,1199,5,1139.05,Cash
TXN0005490,08-01-2025,21:14:14,NS009,C00135,P0048,2,399,10,718.2,Debit Card
TXN0000660,06/08/2025,20:41:35,NS005,C00183,P0026,5,299,0,1495.0,UPI
TXN0006429,2025-12-26,11:16:02,NS006,C00371,P0033,3 pcs,999,20,2397.6,UPI
TXN0000037,28-12-2025,18:28:05,NS013,C00329,P0026,5,299,0,1495.0,Debit Card
TXN0003000,2025-06-27,13:45:28,NS004,C00529,P0023,2,159,20,254.4,Wallet
TXN0001190,2025-08-04,15:45:41,NS003,C00103,P0033,3,999,5,2847.15,Credit Card
TXN0003260,09-11-2025,12:29:30,NS001,C00075,P0011,3,599,0,1797.0,Cash
TXN0000296,2025-11-21,18:06:02,NS004,C00193,P0027,3,249,0,747.0,Wallet
TXN0003735,09/09/2025,15:12:00,NS013,C00155,P0050,1,1499,0,1499.0,Wallet
TXN0005690,25-12-2025,17:02:08,NS009,C00311,P0018,1,2499,0,2499.0,Debit Card
TXN0005818,2025-09-24,09:43:28,NS007,C00133,P0030,1,399,0,399.0,Credit Card
TXN0003575,09/06/2025,10:02:24,NS012,C00425,P0048,1,399,0,399.0,UPI
TXN0000133,11/21/2025,12:08:05,NS003,C00210,P0016,3,999,0,2997.0,Debit Card
TXN0003248,2025-08-24,21:39:01,NS004,C00172,P0013,1,1299,0,1299.0,Debit Card
TXN0003620,21-06-2025,12:29:45,NS004,C00064,P0046,3,199,0,597.0,Debit Card
TXN0001477,10-07-2025,10:03:14,NS005,C00303,P0020,2,3999,0,7998.0,Wallet
TXN0006525,2025-03-06,11:00:00,NS009,C00350,P9887,1,630,0,846,Cash
TXN0005442,2025-10-25,09:11:04,NS015,C00080,P0008,5,3499,20,13996.0,Cash
TXN0002002,15/03/2025,11:11:35,NS003,C00291,P0001,5,2499,5,11870.25,Debit Card
TXN0003667,2025-07-19,18:09:00,NS004,C00230,P0006,3,399,15,1017.45,Credit Card
TXN0005951,19-06-2025,09:27:11,NS008,C00318,P0043,1,349,10,314.1,Debit Card
TXN0001418,01-08-2025,20:39:03,NS011,C00076,P0030,1,399,20,319.2,Credit Card
TXN0003084,17/03/2025,20:11:28,NS002,C00164,P0027,1,249,0,249.0,Debit Card
TXN0001099,13/07/2025,10:33:15,NS007,C00269,P0032,2,799,0,1598.0,Wallet
TXN0002838,09/27/2025,12:40:51,NS010,C00039,P0015,5,1799,20,7196.0,
TXN0001830,2025-09-08,12:54:52,NS003,C00491,P0014,3,899,0,2697.0,UPI
TXN0004366,2025-03-09,18:01:42,NS011,C00442,P0007,1,799,10,719.1,Wallet
TXN0005699,20/04/2025,19:42:05,NS005,C00278,P0035,2,449,0,898.0,UPI
TXN0000176,23/08/2025,18:08:28,NS012,C00495,P0019,2,799,0,1598.0,UPI
TXN0004287,2025-01-07,16:19:38,NS001,C00484,P0011,2,599,5,1138.1,Wallet
TXN0004529,04/07/2025,20:21:27,NS008,C00168,P0027,1,249,20,199.2,
TXN0006323,26/08/2025,21:37:27,NS006,C00082,P0015,1,1799,0,1799.0,Wallet
TXN0003904,2025-04-07,21:43:02,NS003,C00267,P0026,3,299,5,852.15,Wallet
TXN0005210,2025-12-06,10:23:59,NS003,C00527,P0028,2,25,5,47.5,Wallet
TXN0002647,24/06/2025,09:08:26,NS004,C00341,P0028,1,25,20,20.0,Debit Card
TXN0004737,05-02-2025,16:41:35,NS008,C00355,P0002,3,3299,0,9897.0,Credit Card
TXN0002639,22/12/2025,14:51:07,NS005,C00462,P0010,2,599,0,1198.0,UPI
TXN0001961,2025-05-19,19:18:26,NS009,C00337,P0033,3,999,15,2547.45,UPI
TXN0006407,08-04-2025,12:36:16,NS003,C00456,P0011,3,599,0,1797.0,Wallet
TXN0002996,21-05-2025,09:51:11,NS011,C00475,P0014,1,899,0,899.0,Cash
TXN0000414,2025-11-09,09:55:24,NS007,C00455,P0003,2,4999,0,9998.0,Debit Card
TXN0001200,2025-02-23,13:45:06,NS002,C00382,P0033,3,999,15,2547.45,Cash
TXN0001286,2025-09-10,15:20:16,NS003,C00401,P0012,2,1499,0,2998.0,Debit Card
TXN0000040,31/01/2025,14:11:01,NS012,C00060,P0020,2,3999,0,7998.0,Credit Card
TXN0006070,14-08-2025,21:56:23,NS012,C00402,P0048,1,399,0,399.0,Wallet
TXN0001014,2025-04-15,15:56:38,NS002,C00028,P0025,1,49,20,39.2,Cash
TXN0002494,20/06/2025,21:20:22,NS008,C00125,P0026,2,299,0,598.0,UPI
TXN0006450,2025-05-15,21:03:53,NS014,C00433,P0002,3,3299,20,7917.6,Cash
TXN0006103,2025-04-29,09:59:25,NS002,C00530,P0026,3,299,5,852.15,Debit Card
TXN0005419,07/19/2025,12:05:09,NS012,C00287,P0009,1,2199,0,2199.0,Debit Card
TXN0001137,09/01/2025,15:31:36,NS015,C00463,P0024,2,449,5,853.1,Wallet
TXN0002331,19/06/2025,11:42:46,NS007,C00506,P0001,3 pcs,2499,5,7122.15,Wallet
TXN0004143,17/02/2025,09:45:17,NS004,C00279,P0001,1,2499,0,2499.0,UPI
TXN0000761,17/03/2025,10:33:31,NS008,C00273,P0005,2,1899,15,3228.3,UPI
TXN0005324,2025-05-05,11:11:26,NS014,C00343,P0039,2,179,0,358.0,Credit Card
TXN0000953,2025-04-10,20:19:46,NS013,C00436,P0017,3,1199,5,3417.15,Wallet
TXN0002702,02/01/2025,18:27:11,NS012,C00465,P0022,3,189,0,567.0,Wallet
TXN0000422,2025-01-05,14:30:40,NS014,C00224,P0027,1,249,0,249.0,Credit Card
TXN0001024,02-10-2025,18:24:40,NS010,C00255,P0010,2,599,0,1198.0,Credit Card
TXN0000196,2025-09-08,14:44:36,NS014,C00289,P0036,2,349,0,698.0,Cash
TXN0004271,12/08/2025,11:26:07,NS002,C00112,P0048,2,399,20,638.4,Debit Card
TXN0002204,10/23/2025,20:09:49,NS012,C00117,P0043,3,349,0,1047.0,Debit Card
TXN0006135,2025-07-22,10:06:49,NS006,C00359,P0026,3,299,0,897.0,Debit Card
TXN0003102,2025-04-29,14:11:27,NS012,C00176,P0004,1,1499,5,1424.05,Wallet
TXN0004526,2025-05-21,16:51:24,NS005,C00058,P0050,3,1499,20,3597.6,Debit Card
TXN0003900,19-12-2025,19:35:31,NS008,C00230,P0026,2,299,0,598.0,Debit Card
TXN0004307,13/08/2025,12:48:10,NS010,C00299,P0001,1,2499,0,2499.0,Credit Card
TXN0002492,01/19/2025,21:33:04,NS010,C00094,P0016,3,999,0,2997.0,Credit Card
TXN0005167,28/06/2025,19:48:27,NS010,C00379,P0046,1,199,0,199.0,Debit Card
TXN0005243,2025-09-08,13:50:24,NS007,C00022,P0028,3,25,0,75.0,Credit Card
TXN0006413,05/10/2025,12:39:07,NS010,C00141,P0038,3,149,20,357.6,Wallet
TXN0001789,2025-08-20,20:51:39,NS007,C00375,P0016,3,999,0,2997.0,Debit Card
TXN0003121,02/01/2025,21:39:59,NS006,C00266,P0031,1,1299,0,1299.0,Debit Card
TXN0000971,2025-10-02,10:55:37,NS002,C00130,P0004,1,1499,0,1499.0,Wallet
TXN0001172,04/08/2025,13:53:39,NS007,C00393,P0035,1,449,5,426.55,Wallet
TXN0002858,09/14/2025,09:42:21,NS007,C00448,P0023,1,159,0,159.0,Debit Card
TXN0003576,19-07-2025,13:26:37,NS001,C00107,P0029,3,199,10,537.3,UPI
TXN0003343,28/08/2025,12:42:42,NS005,C00511,P0026,2,299,0,598.0,Cash
TXN0005396,2025-09-29,13:40:04,NS005,C00292,P0036,2,349,20,558.4,Debit Card
TXN0004900,12/11/2025,14:38:47,NS005,C00173,P0006,1,399,5,379.05,UPI
TXN0005637,27-02-2025,16:11:53,NS001,C00424,P0030,2,399,0,798.0,Cash
TXN0006054,12/01/2025,21:44:26,NS012,C00320,P0041,2,249,0,498.0,Cash
TXN0002641,2025-10-27,14:20:23,NS006,C00463,P0003,1,4999,0,4999.0,Cash
TXN0004242,2025-06-15,17:07:16,NS012,C00441,P0043,3,349,20,837.6,Cash
TXN0005986,13/04/2025,21:09:48,NS003,C00494,P0004,3,1499,5,4272.15,UPI
TXN0000267,08/05/2025,13:05:33,NS007,C00129,P0048,1,399,15,339.15,Wallet
TXN0004266,2025-12-17,12:01:57,NS008,C00407,P0034,3,299,0,897.0,UPI
TXN0004379,14/12/2025,19:29:00,NS015,C00215,P0011,4,599,0,2396.0,Wallet
TXN0003138,2025-07-03,17:49:10,NS015,C00242,P0019,1,799,5,759.05,Cash
TXN0002970,2025-05-21,09:46:56,NS007,C00224,P0012,3,1499,5,4272.15,Cash
TXN0005022,21-09-2025,11:49:48,NS009,C00426,P0024,4,449,10,1616.4,Credit Card
TXN0005967,2025-06-17,17:24:06,NS013,C00190,P0043,1,349,5,331.55,Cash
TXN0004888,2025-02-22,21:29:21,NS001,C00167,P0002,5,3299,0,16495.0,UPI
TXN0005638,11/14/2025,16:35:01,NS004,C00219,P0017,2,1199,15,2038.3,UPI
TXN0003811,02/01/2025,16:18:42,NS011,C00124,P0020,2,3999,5,7598.1,Credit Card
TXN0001658,21-04-2025,10:25:59,NS004,C00457,P0050,1,1499,10,1349.1,Cash
TXN0005750,03/30/2025,15:10:10,NS012,C00333,P0049,1,199,0,199.0,UPI
TXN0003722,2025-06-13,18:53:21,NS007,C00411,P0014,1,899,0,899.0,Debit Card
TXN0005684,2025-04-09,13:10:21,NS005,C00183,P0044,2,279,20,446.4,Cash
TXN0003149,10/12/2025,21:53:29,NS009,C00437,P0034,1,299,20,239.2,Cash
TXN0004660,25-04-2025,12:16:21,NS005,C00132,P0019,2,799,0,1598.0,Cash
TXN0005920,26/12/2025,20:13:47,NS008,C00483,P0046,3,199,10,537.3,Wallet
TXN0003841,27/04/2025,14:11:09,NS010,C00213,P0012,2,1499,20,2398.4,UPI
TXN0004199,03-12-2025,12:33:46,NS003,C00145,P0005,2,1899,0,3798.0,Wallet
TXN0003379,2025-09-08,12:50:31,NS009,C00257,P0028,2,25,20,40.0,Cash
TXN0002998,2025-05-30,10:42:34,NS003,C00040,P0049,3,199,15,507.45,Wallet
TXN0005287,2025-04-12,13:56:13,NS001,C00031,P0014,3,899,0,2697.0,UPI
TXN0004582,2025-10-15,12:50:27,NS007,C00086,P0046,2,199,0,398.0,Cash
TXN0006287,03/12/2025,15:03:54,NS002,C00503,P0015,3,1799,10,4857.3,Credit Card
TXN0005069,19-05-2025,19:45:16,NS002,C00185,P0044,2,279,0,558.0,Credit Card
TXN0003114,23-05-2025,11:07:58,NS001,C00110,P0034,1,299,15,254.15,Wallet
TXN0004247,2025-10-09,11:35:07,NS008,C00193,P0040,1,599,0,599.0,Wallet
TXN0003793,2025-02-19,17:46:14,NS004,C00358,P0005,2,1899,0,3798.0,Credit Card
TXN0001471,2025-06-18,19:52:34,NS009,C00243,P0040,3,599,20,1437.6,Credit Card
TXN0004772,2025-01-26,18:54:27,NS011,C00376,P0017,3,1199,0,3597.0,Wallet
TXN0005328,2025-11-29,14:33:49,NS014,C00350,P0044,1,279,0,279.0,Wallet
TXN0004456,2025-09-16,11:57:32,NS011,C00227,P0017,2,1199,0,2398.0,Wallet
TXN0000813,2025-04-03,20:36:24,NS013,C00050,P0017,3,1199,0,3597.0,Wallet
TXN0001924,2025-10-11,15:31:22,NS010,C00017,P0007,4,799,20,2556.8,Wallet
TXN0003291,2025-05-03,09:57:05,NS002,C00115,P0033,3,999,0,2997.0,Debit Card
TXN0004547,2025-12-01,10:09:27,NS011,C00418,P0029,2,199,0,398.0,Wallet
TXN0006266,28/09/2025,15:12:36,NS006,C00534,P0019,3,799,5,2277.15,Credit Card
TXN0003817,2025-08-30,15:12:13,NS005,C00034,P0045,2,499,0,998.0,Debit Card
TXN0000678,2025-05-14,12:22:41,NS011,C00084,P0022,2,189,0,378.0,Wallet
TXN0002842,2025-11-27,13:31:26,NS008,C00096,P0020,3,3999,15,10197.45,UPI
TXN0004983,2025-02-25,18:57:14,NS011,C00163,P0019,2,799,20,1278.4,Cash
TXN0000923,2025-10-20,19:59:23,NS011,C00347,P0027,3,249,0,747.0,Credit Card
TXN0002191,2025-04-03,09:33:23,NS002,C00113,P0050,3,1499,0,4497.0,Wallet
TXN0005729,2025-02-02,14:05:02,NS002,C00352,P0017,2,1199,20,1918.4,UPI
TXN0001033,2025-09-28,14:59:48,NS002,C00258,P0013,3,1299,15,3312.45,Wallet
TXN0003074,2025-04-10,09:00:36,NS014,C00289,P0008,2,3499,5,6648.1,UPI
TXN0002681,01-11-2025,16:47:19,NS005,C00172,P0023,2,159,15,270.3,
TXN0001554,02/27/2025,10:36:10,NS009,C00071,P0031,1,1299,20,1039.2,Credit Card
TXN0001901,2025-11-20,21:20:28,NS011,C00034,P0023,1,159,0,159.0,Wallet
TXN0004965,13/10/2025,11:43:22,NS003,C00157,P0037,1,699,10,629.1,Credit Card
TXN0004333,2025-09-24,17:38:37,NS007,C00009,P0034,2,299,15,508.3,UPI
TXN0001609,21/02/2025,19:55:32,NS007,C00055,P0004,1,1499,0,1499.0,Cash
TXN0002821,2025-01-21,14:48:08,NS013,C00153,P0004,1,1499,15,1274.15,UPI
TXN0004417,2025-12-26,19:41:38,NS012,C00353,P0044,3,279,0,837.0,UPI
TXN0005770,02/10/2025,18:23:24,NS006,C00020,P0043,2,349,5,663.1,Wallet
TXN0003403,20-12-2025,10:23:25,NS012,C00201,P0017,3,1199,0,3597.0,Debit Card
TXN0003940,13/10/2025,14:36:21,NS010,C00024,P0020,1,3999,0,3999.0,Credit Card
TXN0002643,2025-07-20,11:06:35,NS010,C00256,P0043,5,349,0,1745.0,UPI
TXN0004681,17/05/2025,18:40:47,NS011,C00134,P0037,1,699,20,559.2,Wallet
TXN0001621,28/03/2025,19:55:18,NS004,C00139,P0014,2,899,0,1798.0,UPI
TXN0004443,01/11/2025,11:36:40,NS001,C00413,P0017,1,1199,15,1019.15,Credit Card
TXN0006314,2025-04-25,16:17:45,NS006,C00281,P0049,2,199,0,398.0,Debit Card
TXN0000517,31-08-2025,13:46:23,NS010,C00346,P0031,4,1299,5,4936.2,Cash
TXN0005995,28-02-2025,19:22:29,NS008,C00114,P0036,1,349,20,279.2,Credit Card
TXN0005429,2025-03-18,12:05:58,NS003,C00082,P0010,2,599,10,1078.2,Wallet
TXN0001377,2025-06-27,09:16:54,NS006,C00034,P0002,2,3299,0,6598.0,Credit Card
TXN0002037,2025-04-22,12:05:24,NS011,C00480,P0030,3 pcs,399,0,1197.0,Credit Card
TXN0001363,2025-02-06,21:58:43,NS006,C00338,P0028,2,25,0,50.0,Wallet
TXN0004746,22/08/2025,09:46:29,NS010,C00063,P0031,2 pcs,1299,0,2598.0,Credit Card
TXN0004060,2025-09-29,17:49:33,NS003,C00207,P0013,1,1299,20,1039.2,Cash
TXN0002947,10-08-2025,11:12:12,NS010,C00014,P0044,4,279,15,948.6,Cash
TXN0005921,2025-01-04,18:08:37,NS014,C00133,P0040,2,599,0,1198.0,Cash
TXN0000238,05/12/2025,17:42:55,NS013,C00109,P0047,3,449,15,1144.95,Credit Card
TXN0005083,30-04-2025,09:12:12,NS005,C00412,P0001,3,2499,20,5997.6,Credit Card
TXN0003188,23/04/2025,13:18:59,NS013,C00037,P0029,3,199,15,507.45,Debit Card
TXN0002307,11/12/2025,20:26:23,NS010,C00311,P0043,2,349,10,628.2,Debit Card
TXN0003593,07/03/2025,09:32:20,NS013,C00021,P0022,1,189,5,179.55,Wallet
TXN0002154,09/09/2025,21:21:12,NS002,C00103,P0008,1,3499,0,3499.0,Credit Card
TXN0002143,12-04-2025,17:47:54,NS004,C00362,P0042,5,299,15,1270.75,UPI
TXN0004906,2025-04-15,18:20:49,NS013,C00369,P0038,2,149,0,298.0,Debit Card
TXN0000868,11/06/2025,15:24:19,NS006,C00025,P0021,2,599,0,1198.0,Cash
TXN0002555,05/05/2025,21:03:19,NS010,C00185,P0025,3,49,15,124.95,Credit Card
TXN0004461,11-02-2025,17:39:07,NS008,C00166,P0033,2,999,10,1798.2,Wallet
TXN0001150,2025-08-06,14:40:37,NS001,C00070,P0008,1,3499,20,2799.2,Wallet
TXN0003151,24/09/2025,14:37:15,NS002,C00083,P0047,2,449,0,898.0,Cash
TXN0004925,2025-02-28,17:10:48,NS003,C00049,P0006,3,399,10,1077.3,UPI
TXN0000701,07/03/2025,09:30:30,NS002,C00115,P0015,1,1799,15,1529.15,UPI
TXN0002364,2025-06-27,18:29:29,NS002,C00053,P0043,1,349,0,349.0,Cash
TXN0005407,2025-10-15,21:59:12,NS015,C00325,P0008,2,3499,0,6998.0,UPI
TXN0004570,14/06/2025,17:41:19,NS006,C00182,P0020,1,3999,15,3399.15,Cash
TXN0006442,2025-03-22,15:03:00,NS004,C00302,P0006,1,399,10,359.1,Wallet
TXN0001579,2025-05-03,15:01:28,NS006,C00385,P0037,5,699,5,3320.25,Credit Card
TXN0003342,2025-05-14,21:27:43,NS011,C00337,P0013,3,1299,0,3897.0,Wallet
TXN0004365,27-01-2025,19:59:20,NS013,C00276,P0027,3,249,10,672.3,Cash
TXN0004169,2025-02-22,16:43:09,NS014,C00285,P0011,1,599,15,509.15,Debit Card
TXN0000307,2025-08-08,19:24:46,NS003,C00413,P0021,3,599,0,1797.0,Debit Card
TXN0003347,2025-04-03,19:27:10,NS010,C00489,P0012,2,1499,15,2548.3,Wallet
TXN0002678,2025-04-01,09:09:22,NS011,C00296,P0037,2,699,0,1398.0,UPI
TXN0005955,2025-04-29,09:13:57,NS015,C00046,P0043,3,349,10,942.3,Wallet
TXN0000372,2025-07-21,19:00:29,NS013,C00531,P0030,1,399,0,399.0,Cash
TXN0000180,04/06/2025,11:41:47,NS007,C00092,P0050,2,1499,15,2548.3,Credit Card
TXN0004560,05/31/2025,11:01:18,NS010,C00213,P0002,4 pcs,3299,5,12536.2,Cash
TXN0003678,2025-03-13,17:15:05,NS013,C00179,P0031,2,1299,0,2598.0,Credit Card
TXN0006447,14/05/2025,21:08:28,NS009,C00189,P0004,1,1499,10,1349.1,Wallet
TXN0001131,2025-03-02,12:27:59,NS006,C00335,P0035,3,449,15,1144.95,Credit Card
TXN0005200,08/10/2025,15:13:45,NS006,C00062,P0043,2,349,0,698.0,UPI
TXN0005525,16-05-2025,20:01:46,NS010,C00101,P0037,1,699,0,699.0,Credit Card
TXN0006165,2025-03-05,15:30:06,NS003,C00241,P0003,2,4999,15,8498.3,Credit Card
TXN0002811,05/09/2025,18:03:39,NS007,C00416,P0027,3,249,0,747.0,UPI
TXN0001589,2025-02-14,20:56:47,NS015,C00180,P0013,1,1299,15,1104.15,Cash
TXN0003044,2025-10-27,21:58:56,NS006,C00461,P0043,2,349,10,628.2,Debit Card
TXN0000847,2025-03-05,15:14:15,NS008,C00170,P0012,1,1499,5,1424.05,Cash
TXN0000440,23/12/2025,20:18:07,NS006,C00345,P0038,3,149,0,447.0,Cash
TXN0001639,07/12/2025,12:06:31,NS006,C00315,P0015,5,1799,0,8995.0,UPI
TXN0004341,2025-01-16,18:41:43,NS010,C00221,P0039,3,179,0,537.0,Credit Card
TXN0000073,2025-06-26,12:40:58,NS004,C00071,P0022,1,189,20,151.2,Debit Card
TXN0000746,01/07/2025,19:05:20,NS010,C00371,P0045,3,499,0,1497.0,Wallet
TXN0000289,05-07-2025,16:13:03,NS004,C00024,P0049,4,199,5,756.2,Credit Card
TXN0000606,2025-10-22,18:53:24,NS001,C00009,P0015,2 pcs,1799,15,3058.3,UPI
TXN0003431,2025-09-29,17:40:26,NS010,C00393,P0028,3,25,0,75.0,Wallet
TXN0004415,27-11-2025,14:41:49,NS002,C00390,P0047,3,449,0,1347.0,UPI
